{"Title":"The Other Side of the Wind","Year":"2018","Rated":"N/A","Released":"02 Nov 2018","Runtime":"122 min","Genre":"Comedy, Drama","Director":"Orson Welles","Writer":"Oja Kodar, Orson Welles","Actors":"John Huston, Robert Random, Peter Bogdanovich, Susan Strasberg","Plot":"A Hollywood director emerges from semi-exile with plans to complete work on an innovative motion picture.","Language":"English","Country":"France, Iran, USA","Awards":"N/A","Poster":"https://m.media-amazon.com/images/M/MV5BNDg5NTQ0NDU1Nl5BMl5BanBnXkFtZTgwMTExNzIyNjM@._V1_SX300.jpg","Ratings":[{"Source":"Internet Movie Database","Value":"7.3/10"},{"Source":"Rotten Tomatoes","Value":"81%"},{"Source":"Metacritic","Value":"80/100"}],"Metascore":"80","imdbRating":"7.3","imdbVotes":"868","imdbID":"tt0069049","Type":"movie","DVD":"02 Nov 2018","BoxOffice":"N/A","Production":"Netflix","Website":"N/A","Response":"True"}