{"Title":"He Died with a Felafel in His Hand","Year":"2001","Rated":"NOT RATED","Released":"30 Aug 2001","Runtime":"107 min","Genre":"Comedy, Romance","Director":"Richard Lowenstein","Writer":"John Birmingham (novel), Richard Lowenstein","Actors":"Noah Taylor, Emily Hamilton, Romane Bohringer, Alex Menglet","Plot":"A nightmare chase through hell in a never-ending, unrequited daisy chain of desire...","Language":"English","Country":"Australia, Italy","Awards":"1 win & 3 nominations.","Poster":"https://images-na.ssl-images-amazon.com/images/M/MV5BMTI0NjE0MDQxMl5BMl5BanBnXkFtZTcwMzc0MjA0MQ@@._V1_SX300.jpg","Ratings":[{"Source":"Internet Movie Database","Value":"7.1/10"}],"Metascore":"N/A","imdbRating":"7.1","imdbVotes":"2,925","imdbID":"tt0172543","Type":"movie","DVD":"05 Apr 2005","BoxOffice":"N/A","Production":"Intra Films","Website":"http://www.filmmovement.com/FilmDetail.aspx?ProductID=0203","Response":"True"}