{"Title":"Dead Man's Dream","Year":"2002","Rated":"N/A","Released":"12 Jul 2002","Runtime":"100 min","Genre":"Drama, Mystery","Director":"N/A","Writer":"N/A","Actors":"Blake Biddulph, Mila Calic, Luke Townsend, Dipika Guha","Plot":"Focusing on the journey a young writer takes in his mind, how he may overcome his insomnia through strange hallucinations, with great friends and daring inspiration.","Language":"English","Country":"UK","Awards":"N/A","Poster":"N/A","Ratings":[{"Source":"Internet Movie Database","Value":"6.8/10"}],"Metascore":"N/A","imdbRating":"6.8","imdbVotes":"16","imdbID":"tt0184387","Type":"movie","DVD":"N/A","BoxOffice":"N/A","Production":"N/A","Website":"N/A","Response":"True"}