{"Title":"Light Drops","Year":"2002","Rated":"N/A","Released":"15 Feb 2002","Runtime":"103 min","Genre":"Drama","Director":"Fernando Vendrell","Writer":"Leite de Vasconcelos","Actors":"Filipe Carvalho, Alexandra Antunes, Amaral Matos, LuÃ­s Sarmento","Plot":"Rui was raised in Mozambique in a small village at the frontier of a mysterious river. Son of Portuguese colonists, his best friend is Ana, a black girl godchild of his mother. At fourteen ...","Language":"Portuguese","Country":"Portugal, Mozambique","Awards":"4 wins.","Poster":"https://images-na.ssl-images-amazon.com/images/M/MV5BMDAxZjI1NWItNTA5OC00MzAzLThhNWEtMDJkODEyY2VhNWMzXkEyXkFqcGdeQXVyMjUyMTE3MTc@._V1_SX300.jpg","Ratings":[{"Source":"Internet Movie Database","Value":"7.2/10"}],"Metascore":"N/A","imdbRating":"7.2","imdbVotes":"86","imdbID":"tt0191161","Type":"movie","DVD":"N/A","BoxOffice":"N/A","Production":"N/A","Website":"N/A","Response":"True"}