{"Title":"Samsara","Year":"2001","Rated":"R","Released":"30 Apr 2002","Runtime":"138 min","Genre":"Adventure, Drama, Romance","Director":"Pan Nalin","Writer":"Pan Nalin (story), Pan Nalin (screenplay), Tim Baker (screenplay)","Actors":"Shawn Ku, Christy Chung, Neelesha Barthel, Lhakpa Tsering","Plot":"A spiritual love-story set in the majestic landscape of Ladakh, Himalayas. Samsara is a quest; one man's struggle to find spiritual Enlightenment by renouncing the world. And one woman's ...","Language":"Tibetan, Ladakhi, Hindi","Country":"India, Germany, France, Italy, Switzerland","Awards":"5 wins & 2 nominations.","Poster":"https://m.media-amazon.com/images/M/MV5BMTY2NTY0OTQzOV5BMl5BanBnXkFtZTcwNTQxNDMzMQ@@._V1_SX300.jpg","Ratings":[{"Source":"Internet Movie Database","Value":"7.8/10"},{"Source":"Rotten Tomatoes","Value":"100%"}],"Metascore":"N/A","imdbRating":"7.8","imdbVotes":"6,749","imdbID":"tt0196069","Type":"movie","DVD":"07 Jul 2009","BoxOffice":"N/A","Production":"Miramax Films","Website":"N/A","Response":"True"}