{"Title":"Songs from the Second Floor","Year":"2000","Rated":"NOT RATED","Released":"06 Oct 2000","Runtime":"98 min","Genre":"Comedy, Drama","Director":"Roy Andersson","Writer":"Roy Andersson","Actors":"Lars Nordh, Stefan Larsson, Bengt C.W. Carlsson, TorbjÃ¶rn FahlstrÃ¶m","Plot":"Where are we humans going? A film poem inspired by the Peruvian poet CÃ©sar Vallejo. We meet people in the city. People trying to communicate, searching compassion and get the connection of small and large things.","Language":"Swedish, Russian","Country":"Sweden, Norway, Denmark","Awards":"9 wins & 3 nominations.","Poster":"https://m.media-amazon.com/images/M/MV5BMGQ4NGQ3MjAtYWI4Mi00YTQ1LTg1NWItN2RhYWU5YmY0Yjg0XkEyXkFqcGdeQXVyNzQxNDExNTU@._V1_SX300.jpg","Ratings":[{"Source":"Internet Movie Database","Value":"7.7/10"},{"Source":"Rotten Tomatoes","Value":"89%"},{"Source":"Metacritic","Value":"76/100"}],"Metascore":"76","imdbRating":"7.7","imdbVotes":"15,085","imdbID":"tt0120263","Type":"movie","DVD":"23 Mar 2004","BoxOffice":"N/A","Production":"New Yorker Films","Website":"N/A","Response":"True"}