{"Title":"Cast Away","Year":"2000","Rated":"PG-13","Released":"22 Dec 2000","Runtime":"143 min","Genre":"Adventure, Drama, Romance","Director":"Robert Zemeckis","Writer":"William Broyles Jr.","Actors":"Tom Hanks, Paul Sanchez, Lari White, Leonid Citer","Plot":"A FedEx executive must transform himself physically and emotionally to survive a crash landing on a deserted island.","Language":"English, Russian","Country":"USA","Awards":"Nominated for 2 Oscars. Another 15 wins & 33 nominations.","Poster":"https://m.media-amazon.com/images/M/MV5BN2Y5ZTU4YjctMDRmMC00MTg4LWE1M2MtMjk4MzVmOTE4YjkzXkEyXkFqcGdeQXVyNTc1NTQxODI@._V1_SX300.jpg","Ratings":[{"Source":"Internet Movie Database","Value":"7.8/10"},{"Source":"Rotten Tomatoes","Value":"90%"},{"Source":"Metacritic","Value":"73/100"}],"Metascore":"73","imdbRating":"7.8","imdbVotes":"456,977","imdbID":"tt0162222","Type":"movie","DVD":"12 Jun 2001","BoxOffice":"N/A","Production":"20th Century Fox","Website":"http://www.castawaymovie.com","Response":"True"}