{"Title":"In July","Year":"2000","Rated":"N/A","Released":"24 Aug 2000","Runtime":"99 min","Genre":"Adventure, Comedy, Romance","Director":"Fatih Akin","Writer":"Fatih Akin","Actors":"Moritz Bleibtreu, Christiane Paul, Mehmet Kurtulus, Idil Ãœner","Plot":"Can Daniel follow the sun from Hamburg to the Bosporus by Friday to meet his love?","Language":"German, English, Turkish, Bulgarian, Serbo-Croatian, Romanian","Country":"Germany","Awards":"2 wins.","Poster":"https://m.media-amazon.com/images/M/MV5BMjI5YzE3MGUtMzFiNS00NzNjLTkxYWYtZTRiYWE3MDY1NmNkXkEyXkFqcGdeQXVyMjc2NTQ1MTI@._V1_SX300.jpg","Ratings":[{"Source":"Internet Movie Database","Value":"7.8/10"},{"Source":"Rotten Tomatoes","Value":"89%"},{"Source":"Metacritic","Value":"71/100"}],"Metascore":"71","imdbRating":"7.8","imdbVotes":"19,002","imdbID":"tt0177858","Type":"movie","DVD":"08 Jun 2004","BoxOffice":"N/A","Production":"Koch Lorber Films","Website":"http://www.filmsphilos.com/injuly.html","Response":"True"}