{"Title":"Treasure Planet","Year":"2002","Rated":"PG","Released":"27 Nov 2002","Runtime":"95 min","Genre":"Animation, Adventure, Family, Sci-Fi","Director":"Ron Clements, John Musker","Writer":"Robert Louis Stevenson (based on the novel \"Treasure Island\" by), Ron Clements (screenplay by), John Musker (screenplay by), Rob Edwards (screenplay by), Ron Clements (animation story by), John Musker (animation story by), Ted Elliott (animation story by), Terry Rossio (animation story by)","Actors":"Roscoe Lee Browne, Corey Burton, Dane A. Davis, Joseph Gordon-Levitt","Plot":"A Disney animated version of \"Treasure Island\". The only difference is that the film is set in outer space with alien worlds and other galactic wonders.","Language":"English","Country":"USA","Awards":"Nominated for 1 Oscar. Another 1 win & 13 nominations.","Poster":"https://m.media-amazon.com/images/M/MV5BMTQ0NDg3MjU2OV5BMl5BanBnXkFtZTYwODgyMDg5._V1_SX300.jpg","Ratings":[{"Source":"Internet Movie Database","Value":"7.1/10"},{"Source":"Rotten Tomatoes","Value":"69%"},{"Source":"Metacritic","Value":"60/100"}],"Metascore":"60","imdbRating":"7.1","imdbVotes":"86,716","imdbID":"tt0133240","Type":"movie","DVD":"29 Apr 2003","BoxOffice":"$38,120,554","Production":"Buena Vista Distribution Compa","Website":"http://disney.go.com/disneypictures/treasureplanet","Response":"True"}