{"Title":"Star Wars: Episode III - Revenge of the Sith","Year":"2005","Rated":"PG-13","Released":"19 May 2005","Runtime":"140 min","Genre":"Action, Adventure, Fantasy, Sci-Fi","Director":"George Lucas","Writer":"George Lucas","Actors":"Ewan McGregor, Natalie Portman, Hayden Christensen, Ian McDiarmid","Plot":"Three years into the Clone Wars, the Jedi rescue Palpatine from Count Dooku. As Obi-wan pursues a new threat, Anakin acts as a double agent between the Jedi Council and Palpatine and is lured into a sinister plan to rule the galaxy.","Language":"English","Country":"USA, Italy, Switzerland, Thailand, Tunisia","Awards":"Nominated for 1 Oscar. Another 25 wins & 56 nominations.","Poster":"https://m.media-amazon.com/images/M/MV5BNTc4MTc3NTQ5OF5BMl5BanBnXkFtZTcwOTg0NjI4NA@@._V1_SX300.jpg","Ratings":[{"Source":"Internet Movie Database","Value":"7.6/10"},{"Source":"Rotten Tomatoes","Value":"79%"},{"Source":"Metacritic","Value":"68/100"}],"Metascore":"68","imdbRating":"7.6","imdbVotes":"618,125","imdbID":"tt0121766","Type":"movie","DVD":"01 Nov 2005","BoxOffice":"N/A","Production":"20th Century Fox","Website":"http://www.starwars.com/","Response":"True"}