{"Title":"Birds of Passage","Year":"2001","Rated":"R","Released":"27 May 2001","Runtime":"115 min","Genre":"Adventure, Thriller, Action","Director":"Neil Hollander","Writer":"Regine Michel","Actors":"Stacy Keach, Charlotte de Turckheim, Stefan Nelet, Linda Wang","Plot":"Victims of China's \"One-Child\" policy. A Quest for freedom in the South China sea. Birds of Passage is a story of survival as a crew of renegades and a cargo of 200 orphans (all girls) with...","Language":"French, English, German, Italian, Mandarin","Country":"France, Philippines, USA","Awards":"N/A","Poster":"N/A","Ratings":[{"Source":"Internet Movie Database","Value":"7.2/10"}],"Metascore":"N/A","imdbRating":"7.2","imdbVotes":"23","imdbID":"tt0194704","Type":"movie","DVD":"20 Feb 2001","BoxOffice":"N/A","Production":"N/A","Website":"N/A","Response":"True"}