{"Title":"Odmazda","Year":"2001","Rated":"N/A","Released":"06 Jun 2001","Runtime":"103 min","Genre":"Drama, War","Director":"Jan Hintjens","Writer":"Slobodan Despotovski, Bob Goossens, Jan Hintjens","Actors":"Rik van Uffelen, Ann Esch, Christophe Vienne, Refet Abazi","Plot":"N/A","Language":"Macedonian, Dutch","Country":"Belgium, Republic of Macedonia","Awards":"N/A","Poster":"https://images-na.ssl-images-amazon.com/images/M/MV5BYzhkYzdhMjgtYjY0NS00OGFhLWFhOTctMGYyMWE0MDU3YjMxXkEyXkFqcGdeQXVyNDIwNTYzOTA@._V1_SX300.jpg","Ratings":[{"Source":"Internet Movie Database","Value":"7.2/10"}],"Metascore":"N/A","imdbRating":"7.2","imdbVotes":"115","imdbID":"tt0180894","Type":"movie","DVD":"N/A","BoxOffice":"N/A","Production":"N/A","Website":"N/A","Response":"True"}