{"Title":"American Psycho","Year":"2000","Rated":"R","Released":"14 Apr 2000","Runtime":"101 min","Genre":"Crime, Drama","Director":"Mary Harron","Writer":"Bret Easton Ellis (novel), Mary Harron (screenplay), Guinevere Turner (screenplay)","Actors":"Christian Bale, Justin Theroux, Josh Lucas, Bill Sage","Plot":"A wealthy New York City investment banking executive, Patrick Bateman, hides his alternate psychopathic ego from his co-workers and friends as he delves deeper into his violent, hedonistic fantasies.","Language":"English, Spanish, Cantonese","Country":"USA, Canada","Awards":"5 wins & 8 nominations.","Poster":"https://m.media-amazon.com/images/M/MV5BZTM2ZGJmNjQtN2UyOS00NjcxLWFjMDktMDE2NzMyNTZlZTBiXkEyXkFqcGdeQXVyNzkwMjQ5NzM@._V1_SX300.jpg","Ratings":[{"Source":"Internet Movie Database","Value":"7.6/10"},{"Source":"Rotten Tomatoes","Value":"68%"},{"Source":"Metacritic","Value":"64/100"}],"Metascore":"64","imdbRating":"7.6","imdbVotes":"416,989","imdbID":"tt0144084","Type":"movie","DVD":"05 Sep 2000","BoxOffice":"N/A","Production":"Lions Gate Films","Website":"http://www.americanpsycho.com","Response":"True"}