{"Title":"In the Mood for Love","Year":"2000","Rated":"PG","Released":"09 Mar 2001","Runtime":"98 min","Genre":"Drama, Romance","Director":"Kar-Wai Wong","Writer":"Kar-Wai Wong","Actors":"Maggie Cheung, Tony Chiu-Wai Leung, Ping Lam Siu, Tung Cho 'Joe' Cheung","Plot":"Two neighbors, a woman and a man, form a strong bond after both suspect extramarital activities of their spouses. However, they agree to keep their bond platonic so as not to commit similar wrongs.","Language":"Cantonese, Shanghainese, French, Spanish","Country":"Hong Kong, China","Awards":"Nominated for 1 BAFTA Film Award. Another 44 wins & 47 nominations.","Poster":"https://m.media-amazon.com/images/M/MV5BYjVhMTE3YzEtOGEwYS00NjFmLWFjYzAtMGVjNjY3YWY4OTJhL2ltYWdlXkEyXkFqcGdeQXVyNjU0OTQ0OTY@._V1_SX300.jpg","Ratings":[{"Source":"Internet Movie Database","Value":"8.1/10"},{"Source":"Rotten Tomatoes","Value":"90%"},{"Source":"Metacritic","Value":"85/100"}],"Metascore":"85","imdbRating":"8.1","imdbVotes":"100,309","imdbID":"tt0118694","Type":"movie","DVD":"05 Mar 2002","BoxOffice":"N/A","Production":"USA Films","Website":"http://www.wkw-inthemoodforlove.com","Response":"True"}