{"Title":"Interstate 60: Episodes of the Road","Year":"2002","Rated":"R","Released":"10 Sep 2003","Runtime":"116 min","Genre":"Adventure, Comedy, Drama, Fantasy","Director":"Bob Gale","Writer":"Bob Gale","Actors":"Matthew Edison, Paul Brogren, Wayne Robson, Gary Oldman","Plot":"Neal Oliver, a very confused young man and an artist (played by James Marsden) takes a journey of a lifetime on a highway I60 that doesn't exist on any of the maps, going to the places he never even heard of, searching for an answer and his dreamgirl.","Language":"English","Country":"Canada, USA","Awards":"2 wins & 5 nominations.","Poster":"https://m.media-amazon.com/images/M/MV5BZDYwYzlhOTAtNDAwMC00ZTBhLWI4M2QtMTA1NmJhYTdiNTkxXkEyXkFqcGdeQXVyNTM0NTU5Mg@@._V1_SX300.jpg","Ratings":[{"Source":"Internet Movie Database","Value":"7.7/10"}],"Metascore":"N/A","imdbRating":"7.7","imdbVotes":"26,777","imdbID":"tt0165832","Type":"movie","DVD":"14 Oct 2003","BoxOffice":"N/A","Production":"Screen Media","Website":"http://www.interstate-60.com/","Response":"True"}