{"Title":"Final Solution","Year":"2001","Rated":"R","Released":"18 Sep 2002","Runtime":"102 min","Genre":"Action, Drama","Director":"Cristobal Krusen","Writer":"Cristobal Krusen","Actors":"John Kani, Jan Ellis, Vusi Kunene, David S. Lee","Plot":"The indoctrination of Gerrit Wolfaardt is complete: his family traditions, history, culture- even his church-have taught him that black South Africans are a cancer in the land. Under the ...","Language":"English, Afrikaans, Xhosa","Country":"USA","Awards":"8 wins.","Poster":"https://images-na.ssl-images-amazon.com/images/M/MV5BMTI2NDgwODMxN15BMl5BanBnXkFtZTYwMDA4NzI3._V1_SX300.jpg","Ratings":[{"Source":"Internet Movie Database","Value":"7.2/10"}],"Metascore":"N/A","imdbRating":"7.2","imdbVotes":"145","imdbID":"tt0160275","Type":"movie","DVD":"N/A","BoxOffice":"N/A","Production":"N/A","Website":"N/A","Response":"True"}