{"Title":"West from North Goes South","Year":"2004","Rated":"N/A","Released":"08 May 2004","Runtime":"96 min","Genre":"Comedy, Mystery","Director":"Steve Ashlee, Valerie Silver","Writer":"Valerie Silver","Actors":"Shawn David Thompson, Amelia Barrett, Morris Day, Phyllis Diller","Plot":"N/A","Language":"English","Country":"USA","Awards":"2 wins.","Poster":"N/A","Ratings":[{"Source":"Internet Movie Database","Value":"7.1/10"}],"Metascore":"N/A","imdbRating":"7.1","imdbVotes":"24","imdbID":"tt0108549","Type":"movie","DVD":"N/A","BoxOffice":"N/A","Production":"N/A","Website":"N/A","Response":"True"}