{"Title":"Ghost World","Year":"2001","Rated":"R","Released":"21 Sep 2001","Runtime":"111 min","Genre":"Comedy, Drama","Director":"Terry Zwigoff","Writer":"Daniel Clowes (comic book), Daniel Clowes, Terry Zwigoff","Actors":"Thora Birch, Scarlett Johansson, Steve Buscemi, Brad Renfro","Plot":"With only the plan of moving in together after high school, two unusually devious friends seek direction in life. As a mere gag, they respond to a man's newspaper ad for a date, only to find it will greatly complicate their lives.","Language":"English","Country":"USA, UK, Germany","Awards":"Nominated for 1 Oscar. Another 28 wins & 55 nominations.","Poster":"https://m.media-amazon.com/images/M/MV5BMTI5MDg2ODA2M15BMl5BanBnXkFtZTYwNDAzMjk2._V1_SX300.jpg","Ratings":[{"Source":"Internet Movie Database","Value":"7.4/10"},{"Source":"Rotten Tomatoes","Value":"92%"},{"Source":"Metacritic","Value":"88/100"}],"Metascore":"88","imdbRating":"7.4","imdbVotes":"105,251","imdbID":"tt0162346","Type":"movie","DVD":"05 Feb 2002","BoxOffice":"$4,694,484","Production":"United Artists","Website":"http://www.ghostworld-themovie.com","Response":"True"}