{"Title":"Spider-Man","Year":"2002","Rated":"PG-13","Released":"03 May 2002","Runtime":"121 min","Genre":"Action, Adventure, Sci-Fi","Director":"Sam Raimi","Writer":"Stan Lee (Marvel comic book), Steve Ditko (Marvel comic book), David Koepp (screenplay)","Actors":"Tobey Maguire, Willem Dafoe, Kirsten Dunst, James Franco","Plot":"When bitten by a genetically modified spider, a nerdy, shy, and awkward high school student gains spider-like abilities that he eventually must use to fight evil as a superhero after tragedy befalls his family.","Language":"English","Country":"USA","Awards":"Nominated for 2 Oscars. Another 16 wins & 58 nominations.","Poster":"https://m.media-amazon.com/images/M/MV5BZDEyN2NhMjgtMjdhNi00MmNlLWE5YTgtZGE4MzNjMTRlMGEwXkEyXkFqcGdeQXVyNDUyOTg3Njg@._V1_SX300.jpg","Ratings":[{"Source":"Internet Movie Database","Value":"7.3/10"},{"Source":"Rotten Tomatoes","Value":"90%"},{"Source":"Metacritic","Value":"73/100"}],"Metascore":"73","imdbRating":"7.3","imdbVotes":"620,642","imdbID":"tt0145487","Type":"movie","DVD":"01 Nov 2002","BoxOffice":"$403,706,375","Production":"Columbia Pictures","Website":"http://spiderman.sonypictures.com/","Response":"True"}