{"Title":"Orphan","Year":"2001","Rated":"N/A","Released":"09 Mar 2001","Runtime":"99 min","Genre":"Drama","Director":"Richard Moos","Writer":"Thomas Murtaugh","Actors":"Marty Maguire, Charis Michelsen, Robert Wahlberg, Karen MacDonald","Plot":"N/A","Language":"English","Country":"USA","Awards":"N/A","Poster":"N/A","Ratings":[{"Source":"Internet Movie Database","Value":"6.7/10"}],"Metascore":"N/A","imdbRating":"6.7","imdbVotes":"25","imdbID":"tt0193365","Type":"movie","DVD":"N/A","BoxOffice":"N/A","Production":"N/A","Website":"N/A","Response":"True"}