{"Title":"Posthumous Memories","Year":"2001","Rated":"N/A","Released":"17 Aug 2001","Runtime":"101 min","Genre":"Drama, Comedy","Director":"AndrÃ© Klotzel","Writer":"AndrÃ© Klotzel, JosÃ© Roberto Torero, Machado de Assis (novel)","Actors":"Reginaldo Faria, Marcos Caruso, Petronio Gontijo, Stepan Nercessian","Plot":"Free adaptation of Machado de Assis's classic. The narrator is a rich dead man, who tells us about his life and times, making fun of both.","Language":"Portuguese","Country":"Portugal, Brazil","Awards":"5 wins & 4 nominations.","Poster":"https://images-na.ssl-images-amazon.com/images/M/MV5BZjI3OGYwMzMtZGI2ZS00MDE2LTkwMTEtOWQ0MzkyOTdmNDA3XkEyXkFqcGdeQXVyMTY2MzYyNzA@._V1_SX300.jpg","Ratings":[{"Source":"Internet Movie Database","Value":"7.1/10"}],"Metascore":"N/A","imdbRating":"7.1","imdbVotes":"541","imdbID":"tt0166709","Type":"movie","DVD":"N/A","BoxOffice":"N/A","Production":"N/A","Website":"N/A","Response":"True"}