{"Title":"The Lord of the Rings: The Return of the King","Year":"2003","Rated":"PG-13","Released":"17 Dec 2003","Runtime":"201 min","Genre":"Action, Adventure, Drama, Fantasy","Director":"Peter Jackson","Writer":"J.R.R. Tolkien (novel), Fran Walsh (screenplay), Philippa Boyens (screenplay), Peter Jackson (screenplay)","Actors":"Noel Appleby, Ali Astin, Sean Astin, David Aston","Plot":"Gandalf and Aragorn lead the World of Men against Sauron's army to draw his gaze from Frodo and Sam as they approach Mount Doom with the One Ring.","Language":"English, Quenya, Old English, Sindarin","Country":"New Zealand, USA","Awards":"Won 11 Oscars. Another 197 wins & 122 nominations.","Poster":"https://m.media-amazon.com/images/M/MV5BNzA5ZDNlZWMtM2NhNS00NDJjLTk4NDItYTRmY2EwMWZlMTY3XkEyXkFqcGdeQXVyNzkwMjQ5NzM@._V1_SX300.jpg","Ratings":[{"Source":"Internet Movie Database","Value":"8.9/10"},{"Source":"Rotten Tomatoes","Value":"93%"},{"Source":"Metacritic","Value":"94/100"}],"Metascore":"94","imdbRating":"8.9","imdbVotes":"1,432,501","imdbID":"tt0167260","Type":"movie","DVD":"25 May 2004","BoxOffice":"$364,000,000","Production":"New Line Cinema","Website":"http://www.lordoftherings.net/","Response":"True"}