{"Title":"Training Day","Year":"2001","Rated":"R","Released":"05 Oct 2001","Runtime":"122 min","Genre":"Crime, Drama, Thriller","Director":"Antoine Fuqua","Writer":"David Ayer","Actors":"Denzel Washington, Ethan Hawke, Scott Glenn, Tom Berenger","Plot":"On his first day on the job as a Los Angeles narcotics officer, a rookie cop goes beyond a full work day in training within the narcotics division of the L.A.P.D. with a rogue detective who isn't what he appears to be.","Language":"English, Russian, Spanish, Korean","Country":"USA, Australia","Awards":"Won 1 Oscar. Another 15 wins & 23 nominations.","Poster":"https://m.media-amazon.com/images/M/MV5BMDZkMTUxYWEtMDY5NS00ZTA5LTg3MTItNTlkZWE1YWRjYjMwL2ltYWdlL2ltYWdlXkEyXkFqcGdeQXVyMTQxNzMzNDI@._V1_SX300.jpg","Ratings":[{"Source":"Internet Movie Database","Value":"7.7/10"},{"Source":"Rotten Tomatoes","Value":"72%"},{"Source":"Metacritic","Value":"69/100"}],"Metascore":"69","imdbRating":"7.7","imdbVotes":"347,217","imdbID":"tt0139654","Type":"movie","DVD":"01 Jun 2004","BoxOffice":"N/A","Production":"Warner Bros. Pictures","Website":"http://trainingday.warnerbros.com","Response":"True"}