{"Title":"Children of Men","Year":"2006","Rated":"R","Released":"05 Jan 2007","Runtime":"109 min","Genre":"Drama, Sci-Fi, Thriller","Director":"Alfonso CuarÃ³n","Writer":"Alfonso CuarÃ³n (screenplay), Timothy J. Sexton (screenplay), David Arata (screenplay), Mark Fergus (screenplay), Hawk Ostby (screenplay), P.D. James (novel)","Actors":"Clive Owen, Juan Gabriel Yacuzzi, Michael Caine, Mishal Husain","Plot":"In 2027, in a chaotic world in which women have become somehow infertile, a former activist agrees to help transport a miraculously pregnant woman to a sanctuary at sea.","Language":"English, German, Italian, Romanian, Spanish, Arabic, Georgian, Russian, Serbian","Country":"USA, UK, Japan","Awards":"Nominated for 3 Oscars. Another 48 wins & 76 nominations.","Poster":"https://m.media-amazon.com/images/M/MV5BMTQ5NTI2NTI4NF5BMl5BanBnXkFtZTcwNjk2NDA2OQ@@._V1_SX300.jpg","Ratings":[{"Source":"Internet Movie Database","Value":"7.9/10"},{"Source":"Rotten Tomatoes","Value":"92%"},{"Source":"Metacritic","Value":"84/100"}],"Metascore":"84","imdbRating":"7.9","imdbVotes":"415,681","imdbID":"tt0206634","Type":"movie","DVD":"27 Mar 2007","BoxOffice":"$35,100,000","Production":"Universal Pictures","Website":"http://www.childrenofmen.net/","Response":"True"}