{"Title":"Down House","Year":"2001","Rated":"N/A","Released":"12 May 2001","Runtime":"95 min","Genre":"Comedy, Crime, Drama","Director":"Roman Kachanov","Writer":"Fyodor Dostoevsky (novel), Roman Kachanov, Ivan Okhlobystin","Actors":"Fedor Bondarchuk, Ivan Okhlobystin, Anna Buklovskaya, Aleksandr Bashirov","Plot":"The plot is set in modern Moscow, in the 1990s, with \"New Russians\", Hummer H1 jeeps, bribery, violence, truck fulls of tinned stew as a dowry, etc.","Language":"Russian","Country":"Russia","Awards":"1 win & 1 nomination.","Poster":"https://images-na.ssl-images-amazon.com/images/M/MV5BMjMwNDU5NTg1MV5BMl5BanBnXkFtZTcwNTM4MDk4Ng@@._V1_SX300.jpg","Ratings":[{"Source":"Internet Movie Database","Value":"7.4/10"}],"Metascore":"N/A","imdbRating":"7.4","imdbVotes":"1,528","imdbID":"tt0255958","Type":"movie","DVD":"N/A","BoxOffice":"N/A","Production":"N/A","Website":"N/A","Response":"True"}