{"Title":"World Without Waves","Year":"2004","Rated":"N/A","Released":"25 Jun 2004","Runtime":"95 min","Genre":"Drama, Romance","Director":"Thomas Dabney, J. Mitchell Johnson","Writer":"J. Mitchell Johnson","Actors":"Will Stewart, Tara Bast, Jeff Kober, Stephen Bruton","Plot":"A sudden allergy to electricity forces a successful New York television producer to seek refuge in an off -the -map Texas place. After chopping down a rural power line, he creates an ...","Language":"N/A","Country":"USA","Awards":"N/A","Poster":"http://ia.media-imdb.com/images/M/MV5BMTk3MDIwMzkxM15BMl5BanBnXkFtZTcwMjIwODUzMQ@@._V1_SX300.jpg","Ratings":[{"Source":"Internet Movie Database","Value":"6.7/10"}],"Metascore":"N/A","imdbRating":"6.7","imdbVotes":"16","imdbID":"tt0287147","Type":"movie","DVD":"N/A","BoxOffice":"N/A","Production":"N/A","Website":"N/A","Response":"True"}