{"Title":"Kandukondain Kandukondain","Year":"2000","Rated":"N/A","Released":"04 May 2000","Runtime":"151 min","Genre":"Drama, Romance","Director":"Rajiv Menon","Writer":"Rajiv Menon, Sujatha (dialogue: Tamil version)","Actors":"Mammootty, Ajith Kumar, Tabu, Aishwarya Rai Bachchan","Plot":"An Indian adaptation of Jane Austen's \"Sense and Sensibility\" focusing on two sisters of opposing temperaments.","Language":"Tamil, English","Country":"India","Awards":"4 wins & 1 nomination.","Poster":"https://m.media-amazon.com/images/M/MV5BYmM1NTU5NzctZmQ4Mi00ZjY2LWI3ZTMtYTI0OTZlNGFjODMxXkEyXkFqcGdeQXVyODE0NjUxNzY@._V1_SX300.jpg","Ratings":[{"Source":"Internet Movie Database","Value":"7.6/10"}],"Metascore":"N/A","imdbRating":"7.6","imdbVotes":"2,165","imdbID":"tt0242572","Type":"movie","DVD":"12 Sep 2000","BoxOffice":"N/A","Production":"N/A","Website":"N/A","Response":"True"}