{"Title":"Sky Hook","Year":"2000","Rated":"N/A","Released":"13 Apr 2000","Runtime":"95 min","Genre":"Drama, War","Director":"Ljubisa Samardzic","Writer":"Srdjan Koljevic, Djordje Milosavljevic","Actors":"Nebojsa Glogovac, Ana Sofrenovic, Ivan Jevtovic, Katarina Zutic","Plot":"The film tells the story of some folks in Serbia having to deal with the consequences of the war. Most of them don't have to go to the army (yet), but have to live between ruins with bombs ...","Language":"Serbian","Country":"Federal Republic of Yugoslavia, Italy","Awards":"2 wins & 1 nomination.","Poster":"https://images-na.ssl-images-amazon.com/images/M/MV5BZDc0MWQyOGItNWVhOS00ZDYwLWI3MmUtNDAzZDVmNjk5MDFiXkEyXkFqcGdeQXVyMTM3OTE2Mzg@._V1_SX300.jpg","Ratings":[{"Source":"Internet Movie Database","Value":"7.9/10"}],"Metascore":"N/A","imdbRating":"7.9","imdbVotes":"2,797","imdbID":"tt0209180","Type":"movie","DVD":"N/A","BoxOffice":"N/A","Production":"N/A","Website":"N/A","Response":"True"}