{"Title":"Equilibrium","Year":"2002","Rated":"R","Released":"06 Dec 2002","Runtime":"107 min","Genre":"Action, Drama, Sci-Fi, Thriller","Director":"Kurt Wimmer","Writer":"Kurt Wimmer","Actors":"Christian Bale, Dominic Purcell, Sean Bean, Christian Kahrmann","Plot":"In an oppressive future where all forms of feeling are illegal, a man in charge of enforcing the law rises to overthrow the system and state.","Language":"English","Country":"USA","Awards":"2 nominations.","Poster":"https://m.media-amazon.com/images/M/MV5BMTkzMzA1OTI3N15BMl5BanBnXkFtZTYwMzUyMDg5._V1_SX300.jpg","Ratings":[{"Source":"Internet Movie Database","Value":"7.5/10"},{"Source":"Rotten Tomatoes","Value":"38%"},{"Source":"Metacritic","Value":"33/100"}],"Metascore":"33","imdbRating":"7.5","imdbVotes":"290,175","imdbID":"tt0238380","Type":"movie","DVD":"13 May 2003","BoxOffice":"N/A","Production":"Miramax Films","Website":"http://www.dimensionfilms.com/equilibrium/index.html","Response":"True"}