{"Title":"La CiÃ©naga","Year":"2001","Rated":"NOT RATED","Released":"12 Apr 2001","Runtime":"103 min","Genre":"Comedy, Drama","Director":"Lucrecia Martel","Writer":"Lucrecia Martel","Actors":"Mercedes MorÃ¡n, Graciela Borges, MartÃ­n AdjemiÃ¡n, Leonora Balcarce","Plot":"The life of two women and their families in a small provincial town of Salta, Argentina.","Language":"Spanish","Country":"Argentina, France, Spain, Japan","Awards":"16 wins & 8 nominations.","Poster":"https://m.media-amazon.com/images/M/MV5BOGQ4MWMyOGItMjRjYi00ZTAyLWIyNGUtNWIyNTYyOWIzZGRmXkEyXkFqcGdeQXVyMTA0MjU0Ng@@._V1_SX300.jpg","Ratings":[{"Source":"Internet Movie Database","Value":"7.0/10"},{"Source":"Rotten Tomatoes","Value":"88%"},{"Source":"Metacritic","Value":"75/100"}],"Metascore":"75","imdbRating":"7.0","imdbVotes":"4,293","imdbID":"tt0240419","Type":"movie","DVD":"01 Feb 2005","BoxOffice":"N/A","Production":"Cowboy Booking International","Website":"N/A","Response":"True"}