{"Title":"My First Mister","Year":"2001","Rated":"R","Released":"26 Oct 2001","Runtime":"109 min","Genre":"Comedy, Drama, Romance","Director":"Christine Lahti","Writer":"Jill Franklyn","Actors":"Rutanya Alda, Natasha Braisewell, Albert Brooks, Henry Brown","Plot":"A 17-year-old girl has a troubled relationship with a 49-year-old man.","Language":"English","Country":"Germany, USA","Awards":"1 nomination.","Poster":"https://images-na.ssl-images-amazon.com/images/M/MV5BMTI0NjAyNjg4N15BMl5BanBnXkFtZTYwMTUwMzg5._V1_SX300.jpg","Ratings":[{"Source":"Internet Movie Database","Value":"7.3/10"},{"Source":"Rotten Tomatoes","Value":"53%"},{"Source":"Metacritic","Value":"48/100"}],"Metascore":"48","imdbRating":"7.3","imdbVotes":"5,086","imdbID":"tt0206963","Type":"movie","DVD":"23 Apr 2002","BoxOffice":"N/A","Production":"Paramount Classics","Website":"http://www.paramountclassics.com/mister","Response":"True"}