{"Title":"Potestad","Year":"2002","Rated":"N/A","Released":"08 May 2003","Runtime":"98 min","Genre":"Drama","Director":"Luis CÃ©sar D'Angiolillo","Writer":"Luis CÃ©sar D'Angiolillo, Eduardo Pavlovsky (play), Ariel Sienra","Actors":"Eduardo Pavlovsky, Lorenzo Quinteros, NoemÃ­ Frenkel, Susy Evans","Plot":"N/A","Language":"Spanish","Country":"Argentina","Awards":"2 wins & 7 nominations.","Poster":"N/A","Ratings":[{"Source":"Internet Movie Database","Value":"7.2/10"}],"Metascore":"N/A","imdbRating":"7.2","imdbVotes":"28","imdbID":"tt0290032","Type":"movie","DVD":"N/A","BoxOffice":"N/A","Production":"N/A","Website":"N/A","Response":"True"}