{"Title":"Mirror Image","Year":"2001","Rated":"N/A","Released":"05 Oct 2001","Runtime":"92 min","Genre":"Drama","Director":"Ya-chuan Hsiao","Writer":"Ya-chuan Hsiao","Actors":"Dei-Yuan Chu, Hsiao-fan Fan, Chun-chieh Lee, Era Wang","Plot":"Lin has to look after his father's small pawnshop, while his father is hospitalized. His impish girlfriend Eiko, whom he met on the internet, comes to help him, when she is not working at ...","Language":"Mandarin, Min Nan","Country":"Taiwan, France","Awards":"5 wins & 5 nominations.","Poster":"https://images-na.ssl-images-amazon.com/images/M/MV5BOWQ4NjEyOWUtZGUxYi00ZTJjLTk2OGUtOGM5ZjQ5ZTc2ZDI4XkEyXkFqcGdeQXVyMjg0MTI5NzQ@._V1_SX300.jpg","Ratings":[{"Source":"Internet Movie Database","Value":"7.2/10"}],"Metascore":"N/A","imdbRating":"7.2","imdbVotes":"52","imdbID":"tt0285730","Type":"movie","DVD":"N/A","BoxOffice":"N/A","Production":"N/A","Website":"N/A","Response":"True"}