{"Title":"The Unfinished Song","Year":"2001","Rated":"N/A","Released":"06 Feb 2001","Runtime":"92 min","Genre":"Drama","Director":"Maziar Miri","Writer":"Kambuzia Partovi","Actors":"Ali-Reza Anoushfar, Ghogha Bayat, Hossein Soleimani, Mohsen Ghazi Moradi","Plot":"N/A","Language":"Persian","Country":"Iran","Awards":"2 wins & 2 nominations.","Poster":"http://ia.media-imdb.com/images/M/MV5BMTgyMzMwMzk2M15BMl5BanBnXkFtZTcwNjk0MDQ0Mg@@._V1_SX300.jpg","Ratings":[{"Source":"Internet Movie Database","Value":"7.1/10"}],"Metascore":"N/A","imdbRating":"7.1","imdbVotes":"42","imdbID":"tt0277975","Type":"movie","DVD":"N/A","BoxOffice":"N/A","Production":"N/A","Website":"N/A","Response":"True"}