{"Title":"Spy Game","Year":"2001","Rated":"R","Released":"21 Nov 2001","Runtime":"126 min","Genre":"Action, Crime, Thriller","Director":"Tony Scott","Writer":"Michael Frost Beckner (story), Michael Frost Beckner (screenplay), David Arata (screenplay)","Actors":"Robert Redford, Brad Pitt, Catherine McCormack, Stephen Dillane","Plot":"Retiring CIA agent Nathan Muir recalls his training of Tom Bishop while working against agency politics to free him from his Chinese captors.","Language":"English, German, Arabic, French, Cantonese","Country":"Germany, USA, Japan, France","Awards":"3 nominations.","Poster":"https://m.media-amazon.com/images/M/MV5BNjNhOGZkNzktMGU3NC00ODk2LWE4NjctZTliN2JjZTQxZmIxXkEyXkFqcGdeQXVyNDk3NzU2MTQ@._V1_SX300.jpg","Ratings":[{"Source":"Internet Movie Database","Value":"7.1/10"},{"Source":"Rotten Tomatoes","Value":"66%"},{"Source":"Metacritic","Value":"63/100"}],"Metascore":"63","imdbRating":"7.1","imdbVotes":"132,809","imdbID":"tt0266987","Type":"movie","DVD":"16 Apr 2002","BoxOffice":"$62,326,785","Production":"Universal Pictures","Website":"http://www.thespygame.net","Response":"True"}