{"Title":"Dogville","Year":"2003","Rated":"R","Released":"23 Apr 2004","Runtime":"178 min","Genre":"Crime, Drama","Director":"Lars von Trier","Writer":"Lars von Trier","Actors":"Nicole Kidman, Harriet Andersson, Lauren Bacall, Jean-Marc Barr","Plot":"A woman on the run from the mob is reluctantly accepted in a small Colorado town. In exchange, she agrees to work for them. As a search visits the town, she finds out that their support has a price. Yet her dangerous secret is never far away.","Language":"English","Country":"Netherlands, Denmark, UK, France, Finland, Sweden, Germany, Italy, Norway","Awards":"20 wins & 31 nominations.","Poster":"https://m.media-amazon.com/images/M/MV5BMTkwNTg2MTI1NF5BMl5BanBnXkFtZTcwMDM1MzUyMQ@@._V1_SX300.jpg","Ratings":[{"Source":"Internet Movie Database","Value":"8.0/10"},{"Source":"Rotten Tomatoes","Value":"70%"},{"Source":"Metacritic","Value":"60/100"}],"Metascore":"60","imdbRating":"8.0","imdbVotes":"121,589","imdbID":"tt0276919","Type":"movie","DVD":"24 Aug 2004","BoxOffice":"$1,498,177","Production":"Lions Gate Films","Website":"http://www.dogville.dk/","Response":"True"}