{"Title":"Before the Devil Knows You're Dead","Year":"2007","Rated":"R","Released":"26 Oct 2007","Runtime":"117 min","Genre":"Crime, Drama, Thriller","Director":"Sidney Lumet","Writer":"Kelly Masterson","Actors":"Philip Seymour Hoffman, Ethan Hawke, Albert Finney, Marisa Tomei","Plot":"When two brothers organize the robbery of their parent's jewelry store the job goes horribly wrong, triggering a series of events that sends them, their father and one brother's wife hurtling towards a shattering climax.","Language":"English","Country":"USA","Awards":"17 wins & 27 nominations.","Poster":"https://m.media-amazon.com/images/M/MV5BMTQ1NzM2ODQxNF5BMl5BanBnXkFtZTcwMDczMDU1MQ@@._V1_SX300.jpg","Ratings":[{"Source":"Internet Movie Database","Value":"7.3/10"},{"Source":"Rotten Tomatoes","Value":"88%"},{"Source":"Metacritic","Value":"84/100"}],"Metascore":"84","imdbRating":"7.3","imdbVotes":"88,861","imdbID":"tt0292963","Type":"movie","DVD":"04 Mar 2008","BoxOffice":"$6,955,841","Production":"ThinkFilm","Website":"http://www.thinkfilmcompany.com/","Response":"True"}