{"Title":"Lantana","Year":"2001","Rated":"R","Released":"08 Mar 2002","Runtime":"121 min","Genre":"Drama, Mystery, Romance","Director":"Ray Lawrence","Writer":"Andrew Bovell (play), Andrew Bovell (screenplay)","Actors":"Anthony LaPaglia, Rachael Blake, Kerry Armstrong, Manu Bennett","Plot":"The relationships of four couples unravel after the discovery of a young woman's body in Lantana bush in suburban Sydney.","Language":"English","Country":"Australia, Germany","Awards":"36 wins & 22 nominations.","Poster":"https://m.media-amazon.com/images/M/MV5BMTY2MjE5ODU1NF5BMl5BanBnXkFtZTYwMTk3NDk5._V1_SX300.jpg","Ratings":[{"Source":"Internet Movie Database","Value":"7.3/10"},{"Source":"Rotten Tomatoes","Value":"90%"},{"Source":"Metacritic","Value":"84/100"}],"Metascore":"84","imdbRating":"7.3","imdbVotes":"17,484","imdbID":"tt0259393","Type":"movie","DVD":"21 May 2002","BoxOffice":"$4,277,569","Production":"Lions Gate Releasing","Website":"http://lantanathemovie.com","Response":"True"}