{"Title":"Metropolis","Year":"2001","Rated":"PG-13","Released":"25 Jan 2002","Runtime":"108 min","Genre":"Animation, Adventure, Drama","Director":"Rintaro","Writer":"Osamu Tezuka (comic book), Katsuhiro Ã”tomo (screenplay), Marc Handler (adaptation)","Actors":"Yuka Imoto, Kei Kobayashi, KÃ´ki Okada, TarÃ´ Ishida","Plot":"Kenichi and his uncle Shunsaku Ban must find the mystery behind robot girl Tima.","Language":"Japanese, French, German, Italian, Spanish, English, Russian","Country":"Japan","Awards":"1 win & 4 nominations.","Poster":"https://m.media-amazon.com/images/M/MV5BM2E2ZTliMGQtY2U1NS00YjA0LTg3MTAtNTE1N2YyODRjMDllL2ltYWdlXkEyXkFqcGdeQXVyNTAyODkwOQ@@._V1_SX300.jpg","Ratings":[{"Source":"Internet Movie Database","Value":"7.3/10"},{"Source":"Rotten Tomatoes","Value":"86%"},{"Source":"Metacritic","Value":"75/100"}],"Metascore":"75","imdbRating":"7.3","imdbVotes":"18,578","imdbID":"tt0293416","Type":"movie","DVD":"23 Apr 2002","BoxOffice":"$494,432","Production":"TriStar Pictures","Website":"http://www.metropolis-movie.com","Response":"True"}