{"Title":"The Officer's Ward","Year":"2001","Rated":"N/A","Released":"26 Sep 2001","Runtime":"135 min","Genre":"Drama, Romance, War","Director":"FranÃ§ois Dupeyron","Writer":"Marc Dugain (novel), FranÃ§ois Dupeyron","Actors":"Ã‰ric Caravaca, Denis PodalydÃ¨s, GrÃ©gori DerangÃ¨re, Sabine AzÃ©ma","Plot":"The first days of WWI. Adrien, a young and handsome lieutenant, is wounded by a piece of shrapnel. He will spend the entire wartime at the Val-de-GrÃ¢ce Hospital, in Paris. Five long years, ...","Language":"French","Country":"France","Awards":"2 wins & 8 nominations.","Poster":"https://m.media-amazon.com/images/M/MV5BMTY5NzU3NDc2MF5BMl5BanBnXkFtZTcwNzA5MzQyMQ@@._V1_SX300.jpg","Ratings":[{"Source":"Internet Movie Database","Value":"7.5/10"}],"Metascore":"N/A","imdbRating":"7.5","imdbVotes":"1,423","imdbID":"tt0273148","Type":"movie","DVD":"29 Jul 2003","BoxOffice":"N/A","Production":"A & E","Website":"N/A","Response":"True"}