{"Title":"Tum Bin...: Love Will Find a Way","Year":"2001","Rated":"NOT RATED","Released":"13 Jul 2001","Runtime":"158 min","Genre":"Drama, Romance","Director":"Anubhav Sinha","Writer":"Shashank Dabral (screenplay), Anubhav Sinha (dialogue)","Actors":"Priyanshu Chatterjee, Himanshu Malik, Sandali Sinha, Raqesh Vashisth","Plot":"Shekhar accidentally kills his associate Amar, and decides to watch over Amar's company and take care of his family and friends. However, he falls in love with Amar's fiancÃ© Piya.","Language":"Hindi","Country":"India","Awards":"6 nominations.","Poster":"https://m.media-amazon.com/images/M/MV5BNDExNTliMDctZjVlMi00MmQ5LThiMWUtMzBjNjE3ODI0NDE0XkEyXkFqcGdeQXVyODE5NzE3OTE@._V1_SX300.jpg","Ratings":[{"Source":"Internet Movie Database","Value":"7.5/10"}],"Metascore":"N/A","imdbRating":"7.5","imdbVotes":"2,614","imdbID":"tt0290326","Type":"movie","DVD":"01 Aug 2001","BoxOffice":"N/A","Production":"N/A","Website":"N/A","Response":"True"}