{"Title":"Beijing Bicycle","Year":"2001","Rated":"PG-13","Released":"25 Apr 2001","Runtime":"113 min","Genre":"Drama","Director":"Xiaoshuai Wang","Writer":"Peggy Chiao, Hsiao-ming Hsu, Danian Tang, Xiaoshuai Wang","Actors":"Lin Cui, Bin Li, Xun Zhou, Yuanyuan Gao","Plot":"A seventeen-year-old country boy working in Beijing as a courier has his bicycle stolen, and finds it with a schoolboy his age.","Language":"Mandarin","Country":"France, Taiwan, China","Awards":"2 wins & 10 nominations.","Poster":"https://images-na.ssl-images-amazon.com/images/M/MV5BMTQ3MzQ4NzgxNV5BMl5BanBnXkFtZTcwMTgzMDAyMQ@@._V1_SX300.jpg","Ratings":[{"Source":"Internet Movie Database","Value":"7.3/10"},{"Source":"Rotten Tomatoes","Value":"62%"},{"Source":"Metacritic","Value":"61/100"}],"Metascore":"61","imdbRating":"7.3","imdbVotes":"3,898","imdbID":"tt0276501","Type":"movie","DVD":"09 Jul 2002","BoxOffice":"N/A","Production":"Sony Pictures Classics","Website":"http://www.sonyclassics.com/beijing","Response":"True"}