{"Title":"Chaos","Year":"2001","Rated":"N/A","Released":"03 Oct 2001","Runtime":"109 min","Genre":"Comedy, Drama, Crime","Director":"Coline Serreau","Writer":"Coline Serreau","Actors":"Vincent Lindon, Catherine Frot, Rachida Brakni, Line Renaud","Plot":"A bourgeois couple, modern yet conventional. One night by accident, a young prostitute barges into their lives. Hounded down, beaten up, threatened, she will continue to struggle, with the ...","Language":"French","Country":"France","Awards":"4 wins & 4 nominations.","Poster":"https://m.media-amazon.com/images/M/MV5BNzY2NzMzMTg5N15BMl5BanBnXkFtZTYwOTQyNTA5._V1_SX300.jpg","Ratings":[{"Source":"Internet Movie Database","Value":"7.1/10"},{"Source":"Rotten Tomatoes","Value":"85%"},{"Source":"Metacritic","Value":"81/100"}],"Metascore":"81","imdbRating":"7.1","imdbVotes":"2,105","imdbID":"tt0265116","Type":"movie","DVD":"16 Dec 2003","BoxOffice":"$204,274","Production":"New Yorker Films","Website":"N/A","Response":"True"}