{"Title":"Sladke sanje","Year":"2001","Rated":"N/A","Released":"30 Mar 2001","Runtime":"110 min","Genre":"Drama","Director":"Saso Podgorsek","Writer":"Miha Mazzini (screenplay)","Actors":"Janko Mandic, Veronika Drolc, Iva Babic, Gregor Bakovic","Plot":"Egon Vittori (Janko Mandic) is thirteen years old and does not have a record player. It is the beginning of the seventies and Yugoslavia seems to be the land of prosperity. Goods are being ...","Language":"Slovenian","Country":"Slovenia","Awards":"6 wins & 1 nomination.","Poster":"https://images-na.ssl-images-amazon.com/images/M/MV5BNjliYzBjMjQtZjc0My00NjM3LTg1NzktOWFhZmIyNGRhMzQ0XkEyXkFqcGdeQXVyMTYzNTE3NDA@._V1_SX300.jpg","Ratings":[{"Source":"Internet Movie Database","Value":"7.2/10"}],"Metascore":"N/A","imdbRating":"7.2","imdbVotes":"128","imdbID":"tt0281202","Type":"movie","DVD":"N/A","BoxOffice":"N/A","Production":"N/A","Website":"N/A","Response":"True"}