{"Title":"Radio","Year":"2001","Rated":"N/A","Released":"08 Aug 2001","Runtime":"95 min","Genre":"Comedy, Thriller","Director":"Yam Laranas","Writer":"Yam Laranas (screenplay), Yam Laranas (story), Jon Red (screenplay), Jon Red (story)","Actors":"Rufa Mae Quinto, Jeffrey Quizon, Bojo Molina, R.J. Leyran","Plot":"A female DJ is stalked by a serial-killing listener.","Language":"Tagalog, English, Filipino","Country":"Philippines","Awards":"N/A","Poster":"N/A","Ratings":[{"Source":"Internet Movie Database","Value":"8.0/10"}],"Metascore":"N/A","imdbRating":"8.0","imdbVotes":"24","imdbID":"tt0293538","Type":"movie","DVD":"N/A","BoxOffice":"N/A","Production":"N/A","Website":"N/A","Response":"True"}