{"Title":"Divided We Fall","Year":"2000","Rated":"PG-13","Released":"16 Mar 2000","Runtime":"117 min","Genre":"Comedy, Drama, War","Director":"Jan Hrebejk","Writer":"Jan Hrebejk, Petr JarchovskÃ½ (screenplay), Petr JarchovskÃ½ (story)","Actors":"Bolek PolÃ­vka, Anna SiskovÃ¡, Csongor Kassai, Jaroslav Dusek","Plot":"In Nazi occupied Czechoslovakia, a childless couple agree to hide a Jewish friend at great personal risk of discovery and execution.","Language":"German, Czech","Country":"Czech Republic","Awards":"Nominated for 1 Oscar. Another 15 wins & 3 nominations.","Poster":"https://m.media-amazon.com/images/M/MV5BMTQzOTc3MjM3MF5BMl5BanBnXkFtZTcwNTY5NDAyMQ@@._V1_SX300.jpg","Ratings":[{"Source":"Internet Movie Database","Value":"7.8/10"},{"Source":"Rotten Tomatoes","Value":"90%"},{"Source":"Metacritic","Value":"69/100"}],"Metascore":"69","imdbRating":"7.8","imdbVotes":"4,521","imdbID":"tt0234288","Type":"movie","DVD":"27 Nov 2001","BoxOffice":"N/A","Production":"Sony Pictures Classics","Website":"http://www.spe.sony.com/classics/dividedwefall","Response":"True"}