{"Title":"Abandoned","Year":"2001","Rated":"N/A","Released":"25 Oct 2001","Runtime":"100 min","Genre":"Drama","Director":"ÃrpÃ¡d Sopsits","Writer":"ÃrpÃ¡d Sopsits","Actors":"TamÃ¡s MÃ©szÃ¡ros, Szabolcs Csizmadia, Attila ZsilÃ¡k, PÃ©ter MÃ¼ller","Plot":"Ãron is a happy child in his family. But at some point things take a different turn, and his mother starts to lose her health rapidly. As this happens, the man in charge decides what's best...","Language":"Hungarian","Country":"Hungary","Awards":"12 wins & 1 nomination.","Poster":"https://images-na.ssl-images-amazon.com/images/M/MV5BMTY4Mjg3ODAzMF5BMl5BanBnXkFtZTcwODU1MzEyMQ@@._V1_SX300.jpg","Ratings":[{"Source":"Internet Movie Database","Value":"7.4/10"}],"Metascore":"N/A","imdbRating":"7.4","imdbVotes":"475","imdbID":"tt0264100","Type":"movie","DVD":"10 Dec 2002","BoxOffice":"N/A","Production":"Duna TelevÃ­ziÃ³","Website":"N/A","Response":"True"}