{"Title":"String Theory","Year":"2002","Rated":"NOT RATED","Released":"15 Jul 2002","Runtime":"95 min","Genre":"Drama","Director":"Jacob Freydont-Attie, Joshua Milrad","Writer":"Jacob Fredont-Attie","Actors":"Rico E. Anderson, Darion Basco, Stephen Chang, John Colton","Plot":"A lawyer, a surfer, a TV minister, a councilman, a homeless man, a prostitute, two bookies, and a mysterious mute boy vie for control of an old church over the course of a single day in Santa Monica, California.","Language":"English","Country":"USA","Awards":"1 win.","Poster":"https://images-na.ssl-images-amazon.com/images/M/MV5BMTMyODQ1NTg2Ml5BMl5BanBnXkFtZTcwNzQyMTE1Mw@@._V1_SX300.jpg","Ratings":[{"Source":"Internet Movie Database","Value":"7.6/10"}],"Metascore":"N/A","imdbRating":"7.6","imdbVotes":"22","imdbID":"tt0298563","Type":"movie","DVD":"29 Jun 2010","BoxOffice":"N/A","Production":"Vanguard","Website":"N/A","Response":"True"}