{"Title":"Argo","Year":"2004","Rated":"N/A","Released":"16 Sep 2004","Runtime":"106 min","Genre":"Comedy, Action","Director":"Attila C. Arpa","Writer":"PÃ©ter HuszÃ¡r, Bence TrunkÃ³","Actors":"Lajos KovÃ¡cs, SÃ¡ndor Oszter, LÃ¡szlÃ³ GÃ¶rÃ¶g, Laura Ruttkay","Plot":"The crew of Tibi Balogh sets out on a journey across Hungary to get the ancient Gold Owl statue, as well as the Milk Man. The treasure is worth millions, who gets there first?","Language":"Hungarian, Latin","Country":"Hungary","Awards":"N/A","Poster":"https://m.media-amazon.com/images/M/MV5BOTEyNTNkMTgtYmNlZi00MjNlLTg4MzAtMDQ0MTFmNzJjMWY1XkEyXkFqcGdeQXVyMzU4MDAxNTU@._V1_SX300.jpg","Ratings":[{"Source":"Internet Movie Database","Value":"7.1/10"}],"Metascore":"N/A","imdbRating":"7.1","imdbVotes":"3,178","imdbID":"tt0297741","Type":"movie","DVD":"N/A","BoxOffice":"N/A","Production":"N/A","Website":"N/A","Response":"True"}