{"Title":"Dog Days","Year":"2001","Rated":"R","Released":"09 Nov 2001","Runtime":"121 min","Genre":"Drama","Director":"Ulrich Seidl","Writer":"Veronika Franz, Ulrich Seidl","Actors":"Maria HofstÃ¤tter, Alfred Mrva, Erich Finsches, Gerti Lehner","Plot":"In a suburb of Vienna during some hot summer days: A teacher who is in bondage to a sleazy pimp, a very importunate hitchhiker, a private detective on the run for some car vandals, a couple...","Language":"German","Country":"Austria","Awards":"7 wins & 3 nominations.","Poster":"https://m.media-amazon.com/images/M/MV5BMTI5MDY1MzI5MV5BMl5BanBnXkFtZTcwMzQ5MzUyMQ@@._V1_SX300.jpg","Ratings":[{"Source":"Internet Movie Database","Value":"7.1/10"},{"Source":"Rotten Tomatoes","Value":"47%"},{"Source":"Metacritic","Value":"66/100"}],"Metascore":"66","imdbRating":"7.1","imdbVotes":"5,409","imdbID":"tt0290661","Type":"movie","DVD":"13 Apr 2004","BoxOffice":"N/A","Production":"Arte France CinÃ©ma","Website":"N/A","Response":"True"}