{"Title":"The Devils","Year":"2002","Rated":"N/A","Released":"11 Sep 2002","Runtime":"105 min","Genre":"Drama","Director":"Christophe Ruggia","Writer":"Olivier Lorelle, Christophe Ruggia","Actors":"AdÃ¨le Haenel, Vincent Rottiers, Rochdy Labidi, Jacques BonnaffÃ©","Plot":"The siblings Joseph and ChloÃ© are 12 and have just been placed on another children's home. For years they were on the same or separate homes or on the run together. ChloÃ© is an autist. She ...","Language":"French","Country":"France, Spain","Awards":"6 wins & 2 nominations.","Poster":"https://images-na.ssl-images-amazon.com/images/M/MV5BNTY1MzMxODgxMl5BMl5BanBnXkFtZTcwMTgxMTM1OQ@@._V1_SX300.jpg","Ratings":[{"Source":"Internet Movie Database","Value":"7.3/10"}],"Metascore":"N/A","imdbRating":"7.3","imdbVotes":"929","imdbID":"tt0291131","Type":"movie","DVD":"N/A","BoxOffice":"N/A","Production":"N/A","Website":"N/A","Response":"True"}