{"Title":"Ten Days Without Love","Year":"2001","Rated":"N/A","Released":"02 Feb 2001","Runtime":"110 min","Genre":"Comedy, Romance","Director":"Miguel Albaladejo","Writer":"Miguel Albaladejo, Elvira Lindo","Actors":"Sergi LÃ³pez, Mariola Fuentes, MarÃ­a JosÃ© Alfonso, Emilio GutiÃ©rrez Caba","Plot":"Miguel, a young psychiatrist working in Madrid, learns that his wife has just dumped him for no one else than his own father while he's expecting his mother-in-law's visit, who's come to ...","Language":"Spanish","Country":"Spain","Awards":"9 wins & 3 nominations.","Poster":"https://images-na.ssl-images-amazon.com/images/M/MV5BYzUyMzE3M2UtNzFiNy00ZWVjLTkzM2EtY2I5ZGJiNzMxMDFjXkEyXkFqcGdeQXVyMTA0MjU0Ng@@._V1_SX300.jpg","Ratings":[{"Source":"Internet Movie Database","Value":"7.2/10"}],"Metascore":"N/A","imdbRating":"7.2","imdbVotes":"586","imdbID":"tt0276863","Type":"movie","DVD":"N/A","BoxOffice":"N/A","Production":"Colifilms Distribution","Website":"N/A","Response":"True"}