{"Title":"Harmful Insect","Year":"2001","Rated":"N/A","Released":"16 Mar 2002","Runtime":"92 min","Genre":"Drama","Director":"Akihiko Shiota","Writer":"Kiyono Yayoi","Actors":"Aoi Miyazaki, Seiichi Tanabe, Tetsu Sawaki, Ryo Amamiya","Plot":"Following the divorce, the attempted suicide of her mother and the rumors underage sex with the teacher, a girl drops out the school in an attempt to find herself.","Language":"Japanese","Country":"Japan","Awards":"7 wins & 3 nominations.","Poster":"https://images-na.ssl-images-amazon.com/images/M/MV5BOWQ0ODgyNTgtNjg5Zi00NDU5LWI2Y2UtYzY2YjJhMDZkMjE0XkEyXkFqcGdeQXVyNTk5MjI2NzQ@._V1_SX300.jpg","Ratings":[{"Source":"Internet Movie Database","Value":"7.2/10"}],"Metascore":"N/A","imdbRating":"7.2","imdbVotes":"586","imdbID":"tt0297905","Type":"movie","DVD":"N/A","BoxOffice":"N/A","Production":"N/A","Website":"N/A","Response":"True"}