{"Title":"El sueÃ±o del caimÃ¡n","Year":"2001","Rated":"N/A","Released":"14 Mar 2003","Runtime":"102 min","Genre":"Drama, Family","Director":"Beto GÃ³mez","Writer":"Beto GÃ³mez, Siro MontalbÃ¡n","Actors":"Daniel GuzmÃ¡n, Rafael Velasco, Kandido Uranga, Miguel Natividad","Plot":"N/A","Language":"Spanish","Country":"Mexico","Awards":"3 wins.","Poster":"N/A","Ratings":[{"Source":"Internet Movie Database","Value":"7.1/10"}],"Metascore":"N/A","imdbRating":"7.1","imdbVotes":"61","imdbID":"tt0248490","Type":"movie","DVD":"19 Aug 2008","BoxOffice":"N/A","Production":"N/A","Website":"N/A","Response":"True"}