{"Title":"Irreversible","Year":"2002","Rated":"NOT RATED","Released":"22 May 2002","Runtime":"97 min","Genre":"Crime, Drama, Mystery, Thriller","Director":"Gaspar NoÃ©","Writer":"Gaspar NoÃ©","Actors":"Monica Bellucci, Vincent Cassel, Albert Dupontel, Jo Prestia","Plot":"Events over the course of one traumatic night in Paris unfold in reverse-chronological order as the beautiful Alex is brutally raped and beaten by a stranger in the underpass.","Language":"French, Spanish, Italian, English","Country":"France","Awards":"3 wins & 10 nominations.","Poster":"https://m.media-amazon.com/images/M/MV5BMzcyNjcwNzg2Nl5BMl5BanBnXkFtZTYwNzA5Mzc2._V1_SX300.jpg","Ratings":[{"Source":"Internet Movie Database","Value":"7.4/10"},{"Source":"Rotten Tomatoes","Value":"57%"},{"Source":"Metacritic","Value":"51/100"}],"Metascore":"51","imdbRating":"7.4","imdbVotes":"102,367","imdbID":"tt0290673","Type":"movie","DVD":"05 Aug 2003","BoxOffice":"$573,018","Production":"Mars Films","Website":"http://www.irreversiblethemovie.com","Response":"True"}