{"Title":"Quartet for Two","Year":"2001","Rated":"N/A","Released":"31 Mar 2001","Runtime":"104 min","Genre":"N/A","Director":"Naoto Takenaka","Writer":"Maruo Kyozuka","Actors":"Naoto Takenaka, YÃ»ki Amami, Keika Fukitsuka, Yuta Minowa","Plot":"N/A","Language":"Japanese","Country":"Japan","Awards":"4 wins.","Poster":"N/A","Ratings":[{"Source":"Internet Movie Database","Value":"7.2/10"}],"Metascore":"N/A","imdbRating":"7.2","imdbVotes":"78","imdbID":"tt0286916","Type":"movie","DVD":"N/A","BoxOffice":"N/A","Production":"N/A","Website":"N/A","Response":"True"}