{"Title":"La loi du cochon","Year":"2001","Rated":"N/A","Released":"05 Oct 2001","Runtime":"98 min","Genre":"Action, Comedy, Thriller","Director":"Erik Canuel","Writer":"Joanne Arseneau","Actors":"Isabel Richer, Sylvain Marcel, Catherine Trudeau, Jean-Nicolas Verreault","Plot":"N/A","Language":"French","Country":"Canada","Awards":"1 nomination.","Poster":"http://ia.media-imdb.com/images/M/MV5BZjg5MTc1MjMtN2JkZC00MDFkLWFkZmEtNTViOGQxMzg0OTc5XkEyXkFqcGdeQXVyNjEzMTg5Njk@._V1_SX300.jpg","Ratings":[{"Source":"Internet Movie Database","Value":"7.1/10"}],"Metascore":"N/A","imdbRating":"7.1","imdbVotes":"386","imdbID":"tt0295116","Type":"movie","DVD":"08 Nov 2005","BoxOffice":"N/A","Production":"Alliance Atlantis Communications","Website":"N/A","Response":"True"}