{"Title":"All or Nothing","Year":"2002","Rated":"R","Released":"18 Oct 2002","Runtime":"128 min","Genre":"Drama","Director":"Mike Leigh","Writer":"Mike Leigh","Actors":"Alison Garland, Jean Ainslie, Timothy Spall, Badi Uzzaman","Plot":"In a poor working class London home Penny's love for her partner, taxi-driver Phil, has run dry, but when an unexpected tragedy occurs, they and their local community are brought together, and they rediscover their love.","Language":"English, Arabic, French","Country":"UK, France","Awards":"3 wins & 13 nominations.","Poster":"https://m.media-amazon.com/images/M/MV5BMjQ3NzM1NjA0NF5BMl5BanBnXkFtZTcwNjQ4MDQ3NA@@._V1_SX300.jpg","Ratings":[{"Source":"Internet Movie Database","Value":"7.6/10"},{"Source":"Rotten Tomatoes","Value":"82%"},{"Source":"Metacritic","Value":"72/100"}],"Metascore":"72","imdbRating":"7.6","imdbVotes":"8,965","imdbID":"tt0286261","Type":"movie","DVD":"18 Feb 2003","BoxOffice":"N/A","Production":"MGM Distribution Company","Website":"http://www.bacfilms.com/tout/","Response":"True"}