{"Title":"Y Tu MamÃ¡ TambiÃ©n","Year":"2001","Rated":"R","Released":"26 Apr 2002","Runtime":"106 min","Genre":"Adventure, Comedy, Drama","Director":"Alfonso CuarÃ³n","Writer":"Carlos CuarÃ³n, Alfonso CuarÃ³n","Actors":"Daniel GimÃ©nez Cacho, Ana LÃ³pez Mercado, Diego Luna, Gael GarcÃ­a Bernal","Plot":"In Mexico, two teenage boys and an attractive older woman embark on a road trip and learn a thing or two about life, friendship, sex, and each other.","Language":"Spanish","Country":"Mexico","Awards":"Nominated for 1 Oscar. Another 37 wins & 45 nominations.","Poster":"https://m.media-amazon.com/images/M/MV5BNDhjMzc3ZTgtY2Y4MC00Y2U3LWFiMDctZGM3MmM4N2YzNDQ5XkEyXkFqcGdeQXVyMTQxNzMzNDI@._V1_SX300.jpg","Ratings":[{"Source":"Internet Movie Database","Value":"7.7/10"},{"Source":"Rotten Tomatoes","Value":"92%"},{"Source":"Metacritic","Value":"88/100"}],"Metascore":"88","imdbRating":"7.7","imdbVotes":"102,701","imdbID":"tt0245574","Type":"movie","DVD":"22 Oct 2002","BoxOffice":"$13,622,333","Production":"IFC Films","Website":"http://www.ytumamatambien.com","Response":"True"}