{"Title":"Master of the Game","Year":"2002","Rated":"R","Released":"12 Nov 2004","Runtime":"100 min","Genre":"Drama, Thriller","Director":"Jeff Stolhand","Writer":"Uygar Aktan","Actors":"Uygar Aktan, Garry Peters, Steven Chester Prince, Alex Affolter","Plot":"In the end of WW2 a group of four Jewish prisoners trying to escape through the forest The arrive to a small cabin where the find shelter and food, but soon enough a group of nazi soldiers ...","Language":"English","Country":"USA","Awards":"2 wins.","Poster":"https://ia.media-imdb.com/images/M/MV5BYTc5YWZjM2ItYjc0YS00ZmY0LWFiMjMtZWJjOTUzMmZhYmU5XkEyXkFqcGdeQXVyMjQxMDc4MA@@._V1_SX300.jpg","Ratings":[{"Source":"Internet Movie Database","Value":"7.3/10"},{"Source":"Rotten Tomatoes","Value":"57%"},{"Source":"Metacritic","Value":"43/100"}],"Metascore":"43","imdbRating":"7.3","imdbVotes":"77","imdbID":"tt0296745","Type":"movie","DVD":"29 Jan 2008","BoxOffice":"N/A","Production":"Tapeworm","Website":"N/A","Response":"True"}