{"Title":"FimfÃ¡rum Jana Wericha","Year":"2002","Rated":"N/A","Released":"28 Nov 2002","Runtime":"100 min","Genre":"Animation, Comedy, Fantasy","Director":"Aurel Klimt, Vlasta PospÃ­silovÃ¡","Writer":"Aurel Klimt (segment), Aurel Klimt (segment), JirÃ­ KubÃ­cek (segment), JirÃ­ KubÃ­cek (segment), Jan Werich (book)","Actors":"Ota JirÃ¡k, Jan Werich","Plot":"A farmer who takes to drink and meets the devil; a young boy who has to spend the night in a haunted pub; a man who grows horns overnight; a man who bets and argues with his wife; and a ...","Language":"Czech","Country":"Czech Republic","Awards":"2 wins & 2 nominations.","Poster":"https://images-na.ssl-images-amazon.com/images/M/MV5BY2VmMzIwMTItYTZjYi00YTgzLTg2OTUtOWExYWY5MzVjMDdiXkEyXkFqcGdeQXVyMjIxMzMyMQ@@._V1_SX300.jpg","Ratings":[{"Source":"Internet Movie Database","Value":"7.6/10"}],"Metascore":"N/A","imdbRating":"7.6","imdbVotes":"384","imdbID":"tt0299878","Type":"movie","DVD":"N/A","BoxOffice":"N/A","Production":"N/A","Website":"N/A","Response":"True"}