{"Title":"The Bourne Identity","Year":"2002","Rated":"PG-13","Released":"14 Jun 2002","Runtime":"119 min","Genre":"Action, Mystery, Thriller","Director":"Doug Liman","Writer":"Tony Gilroy (screenplay), W. Blake Herron (screenplay), Robert Ludlum (novel)","Actors":"Matt Damon, Franka Potente, Chris Cooper, Clive Owen","Plot":"A man is picked up by a fishing boat, bullet-riddled and suffering from amnesia, before racing to elude assassins and attempting to regain his memory.","Language":"English, French, German, Dutch, Italian","Country":"USA, Germany, Czech Republic","Awards":"3 wins & 5 nominations.","Poster":"https://m.media-amazon.com/images/M/MV5BM2JkNGU0ZGMtZjVjNS00NjgyLWEyOWYtZmRmZGQyN2IxZjA2XkEyXkFqcGdeQXVyNTIzOTk5ODM@._V1_SX300.jpg","Ratings":[{"Source":"Internet Movie Database","Value":"7.9/10"},{"Source":"Rotten Tomatoes","Value":"84%"},{"Source":"Metacritic","Value":"68/100"}],"Metascore":"68","imdbRating":"7.9","imdbVotes":"463,434","imdbID":"tt0258463","Type":"movie","DVD":"21 Jan 2003","BoxOffice":"$121,500,000","Production":"Universal Pictures","Website":"http://www.thebourneidentity.com/","Response":"True"}