{"Title":"Address Unknown","Year":"2001","Rated":"R","Released":"02 Jun 2001","Runtime":"117 min","Genre":"Drama, War","Director":"Ki-duk Kim","Writer":"Ki-duk Kim","Actors":"Dong-kun Yang, Min-jung Ban, Young-min Kim, Eun-jin Pang","Plot":"Romances end in blood and the frail hopes of individuals are torn apart in a vile karmic continuity of colonialism, civil war and occupation. After surviving Japanese colonization, Korea ...","Language":"Korean, English","Country":"South Korea","Awards":"4 wins & 3 nominations.","Poster":"https://m.media-amazon.com/images/M/MV5BOGZmZWU0ZTAtMDFiNS00MjQ0LWIwNmItMDYxZGRkNGMzMjJmXkEyXkFqcGdeQXVyMzY2MDk0MTk@._V1_SX300.jpg","Ratings":[{"Source":"Internet Movie Database","Value":"7.3/10"}],"Metascore":"N/A","imdbRating":"7.3","imdbVotes":"3,064","imdbID":"tt0284815","Type":"movie","DVD":"24 Jan 2006","BoxOffice":"N/A","Production":"N/A","Website":"N/A","Response":"True"}