{"Title":"Nothing Like Dreaming","Year":"2004","Rated":"N/A","Released":"03 Jun 2004","Runtime":"95 min","Genre":"Drama","Director":"Nora Jacobson","Writer":"Nora Jacobson","Actors":"Morgan Bicknell, George Woodard, Sue Ball, Siri Baruc","Plot":"A film about a troubled fire artist and a teenage girl in rural Vermont.","Language":"English","Country":"USA","Awards":"N/A","Poster":"N/A","Ratings":[{"Source":"Internet Movie Database","Value":"7.4/10"}],"Metascore":"N/A","imdbRating":"7.4","imdbVotes":"26","imdbID":"tt0299075","Type":"movie","DVD":"N/A","BoxOffice":"N/A","Production":"N/A","Website":"N/A","Response":"True"}