{"Title":"Posseteni ot gospoda","Year":"2001","Rated":"N/A","Released":"26 Mar 2002","Runtime":"118 min","Genre":"Drama","Director":"Petar Popzlatev","Writer":"Petar Popzlatev, Stanislav Stratiev","Actors":"Philippe Volter, Itschak Fintzi, Samuel Finzi, Virginija Kelmelyte","Plot":"Kesten is a picturesque village on the border between Bulgaria, Turkey and Greece. A French sociologist named FranÃ¦ois Denis comes to the village to study the risk of ethnic conflict in ...","Language":"Bulgarian, French","Country":"Bulgaria, France","Awards":"1 nomination.","Poster":"https://images-na.ssl-images-amazon.com/images/M/MV5BNzc5ODQ1YWMtZTk4Ny00OTgyLThiNDctZDA1ZTNjN2EyNWFmXkEyXkFqcGdeQXVyMzg1OTY0NjI@._V1_SX300.jpg","Ratings":[{"Source":"Internet Movie Database","Value":"7.7/10"}],"Metascore":"N/A","imdbRating":"7.7","imdbVotes":"43","imdbID":"tt0262700","Type":"movie","DVD":"N/A","BoxOffice":"N/A","Production":"N/A","Website":"N/A","Response":"True"}