{"Title":"Family","Year":"2001","Rated":"N/A","Released":"13 Dec 2001","Runtime":"91 min","Genre":"Drama","Director":"Willem van de Sande Bakhuyzen","Writer":"Maria Goos (play), Maria Goos (screenplay)","Actors":"Petra Laseur, Marisa Van Eyle, Bram van der Vlugt, Anneke Blok","Plot":"Mother is dying and invites her family to spend a few days in a chalet in Austria. In the isolation of the snow-covered mountains, old wounds are reopened and the family ties crumble ...","Language":"Dutch, English, German","Country":"Netherlands","Awards":"3 wins & 3 nominations.","Poster":"N/A","Ratings":[{"Source":"Internet Movie Database","Value":"7.5/10"}],"Metascore":"N/A","imdbRating":"7.5","imdbVotes":"410","imdbID":"tt0280660","Type":"movie","DVD":"N/A","BoxOffice":"N/A","Production":"N/A","Website":"N/A","Response":"True"}