{"Title":"Frailty","Year":"2001","Rated":"R","Released":"12 Apr 2002","Runtime":"100 min","Genre":"Crime, Drama, Thriller","Director":"Bill Paxton","Writer":"Brent Hanley","Actors":"Bill Paxton, Matthew McConaughey, Powers Boothe, Matt O'Leary","Plot":"A man confesses to an FBI agent his family's story of how his religious fanatic father's visions led to a series of murders to destroy supposed \"demons.\"","Language":"English","Country":"USA, Germany","Awards":"5 wins & 16 nominations.","Poster":"https://m.media-amazon.com/images/M/MV5BMTIxNTE2MTY1Ml5BMl5BanBnXkFtZTYwODYyMTc2._V1_SX300.jpg","Ratings":[{"Source":"Internet Movie Database","Value":"7.3/10"},{"Source":"Rotten Tomatoes","Value":"73%"},{"Source":"Metacritic","Value":"64/100"}],"Metascore":"64","imdbRating":"7.3","imdbVotes":"69,128","imdbID":"tt0264616","Type":"movie","DVD":"17 Sep 2002","BoxOffice":"$13,076,378","Production":"Lions Gate Films","Website":"http://www.frailtythefilm.com","Response":"True"}