{"Title":"Come Look at Me","Year":"2001","Rated":"N/A","Released":"13 Jan 2001","Runtime":"102 min","Genre":"Comedy, Romance","Director":"Mikhail Agranovich, Oleg Yankovskiy","Writer":"Nadezhda Ptushkina (play), Nadezhda Ptushkina (screenplay)","Actors":"Oleg Yankovskiy, Irina Kupchenko, Yekaterina Vasilyeva, Natalya Shchukina","Plot":"N/A","Language":"Russian","Country":"Russia","Awards":"3 nominations.","Poster":"http://ia.media-imdb.com/images/M/MV5BODZhNWU4NjgtNjY0Ni00MTQxLWE4YmQtZDkxMGQyMTg0NjU3XkEyXkFqcGdeQXVyNjExODE1MDc@._V1_SX300.jpg","Ratings":[{"Source":"Internet Movie Database","Value":"7.4/10"}],"Metascore":"N/A","imdbRating":"7.4","imdbVotes":"306","imdbID":"tt0261184","Type":"movie","DVD":"N/A","BoxOffice":"N/A","Production":"N/A","Website":"N/A","Response":"True"}