{"Title":"Paid in Full","Year":"2002","Rated":"R","Released":"25 Oct 2002","Runtime":"97 min","Genre":"Action, Crime, Drama","Director":"Charles Stone III","Writer":"Azie Faison Jr. (earlier screenplay), Austin Phillips (earlier screenplay), Matthew Cirulnick (screenplay), Thulani Davis (screenplay)","Actors":"Wood Harris, Mekhi Phifer, Kevin Carroll, Esai Morales","Plot":"A young man from Harlem, forced to cope with the 1980s drug scene, builds an illegal empire, only to have a crisis of conscience.","Language":"English","Country":"USA","Awards":"1 nomination.","Poster":"https://m.media-amazon.com/images/M/MV5BOTQ1NTUwNTAzN15BMl5BanBnXkFtZTYwMzM0Njk5._V1_SX300.jpg","Ratings":[{"Source":"Internet Movie Database","Value":"7.1/10"},{"Source":"Rotten Tomatoes","Value":"53%"},{"Source":"Metacritic","Value":"49/100"}],"Metascore":"49","imdbRating":"7.1","imdbVotes":"9,007","imdbID":"tt0259484","Type":"movie","DVD":"08 Apr 2003","BoxOffice":"$3,042,188","Production":"Dimension Films","Website":"N/A","Response":"True"}