{"Title":"Finding Nemo","Year":"2003","Rated":"G","Released":"30 May 2003","Runtime":"100 min","Genre":"Animation, Adventure, Comedy, Family, Fantasy","Director":"Andrew Stanton, Lee Unkrich(co-director)","Writer":"Andrew Stanton (original story by), Andrew Stanton (screenplay by), Bob Peterson (screenplay by), David Reynolds (screenplay by)","Actors":"Albert Brooks, Ellen DeGeneres, Alexander Gould, Willem Dafoe","Plot":"After his son is captured in the Great Barrier Reef and taken to Sydney, a timid clownfish sets out on a journey to bring him home.","Language":"English","Country":"USA","Awards":"Won 1 Oscar. Another 48 wins & 61 nominations.","Poster":"https://m.media-amazon.com/images/M/MV5BZjMxYzBiNjUtZDliNC00MDAyLTg3N2QtOWNjNmNhZGQzNDg5XkEyXkFqcGdeQXVyNjE2MjQwNjc@._V1_SX300.jpg","Ratings":[{"Source":"Internet Movie Database","Value":"8.1/10"},{"Source":"Rotten Tomatoes","Value":"99%"},{"Source":"Metacritic","Value":"90/100"}],"Metascore":"90","imdbRating":"8.1","imdbVotes":"836,422","imdbID":"tt0266543","Type":"movie","DVD":"07 May 2013","BoxOffice":"$380,529,370","Production":"Walt Disney Pictures","Website":"http://disney.go.com/disneyvideos/animatedfilms/findingnemo/index2.html","Response":"True"}