{"Title":"Eureka","Year":"2000","Rated":"N/A","Released":"29 Nov 2000","Runtime":"217 min","Genre":"Drama","Director":"Shinji Aoyama","Writer":"Shinji Aoyama","Actors":"KÃ´ji Yakusho, Aoi Miyazaki, Masaru Miyazaki, YÃ´ichirÃ´ SaitÃ´","Plot":"The traumatized survivors of a murderous bus hijacking come together and take a road trip to attempt to overcome their damaged selves. Meanwhile a serial killer is on the loose.","Language":"Japanese","Country":"Japan, France","Awards":"4 wins & 2 nominations.","Poster":"https://m.media-amazon.com/images/M/MV5BMTU3MTg4OTIwOF5BMl5BanBnXkFtZTYwNzUxNzg4._V1_SX300.jpg","Ratings":[{"Source":"Internet Movie Database","Value":"7.9/10"},{"Source":"Rotten Tomatoes","Value":"91%"},{"Source":"Metacritic","Value":"78/100"}],"Metascore":"78","imdbRating":"7.9","imdbVotes":"2,983","imdbID":"tt0243889","Type":"movie","DVD":"N/A","BoxOffice":"N/A","Production":"Shooting Gallery","Website":"N/A","Response":"True"}