{"Title":"Owning Mahowny","Year":"2003","Rated":"R","Released":"25 Sep 2003","Runtime":"104 min","Genre":"Crime, Drama, Thriller","Director":"Richard Kwietniowski","Writer":"Gary Stephen Ross (book), Maurice Chauvet (screenplay)","Actors":"Philip Seymour Hoffman, Minnie Driver, John Hurt, Maury Chaykin","Plot":"A bank manager with: (a) a gambling problem and (b) access to a multimillion dollar account gets into a messy situation. Based on the story of the largest one-man bank fraud in Canadian history.","Language":"English","Country":"Canada, UK","Awards":"3 wins & 5 nominations.","Poster":"https://m.media-amazon.com/images/M/MV5BMTgzOTYyNTU2MV5BMl5BanBnXkFtZTYwMjE0OTk2._V1_SX300.jpg","Ratings":[{"Source":"Internet Movie Database","Value":"7.1/10"},{"Source":"Rotten Tomatoes","Value":"79%"},{"Source":"Metacritic","Value":"70/100"}],"Metascore":"70","imdbRating":"7.1","imdbVotes":"11,611","imdbID":"tt0285861","Type":"movie","DVD":"14 Oct 2003","BoxOffice":"$726,886","Production":"Sony Pictures Classics","Website":"http://www.sonyclassics.com/owning/","Response":"True"}