{"Title":"Cloud Above the River Ganges","Year":"2002","Rated":"N/A","Released":"26 Sep 2002","Runtime":"143 min","Genre":"Drama","Director":"GÃ¡bor Dettre","Writer":"GÃ¡bor Dettre","Actors":"ZoltÃ¡n TernyÃ¡k, IldikÃ³ TÃ³th, AnikÃ³ SÃ¡fÃ¡r, MiklÃ³s B. SzÃ©kely","Plot":"The heroin addicted AndrÃ¡s got a last chance from his love Juli, to save his life.","Language":"Hungarian","Country":"Hungary","Awards":"2 wins.","Poster":"https://images-na.ssl-images-amazon.com/images/M/MV5BZDUyM2E3MjUtZDk5NS00ZTg4LTliZjMtZTViZWZjMWQyM2ZlXkEyXkFqcGdeQXVyMzQ5MjE2ODI@._V1_SX300.jpg","Ratings":[{"Source":"Internet Movie Database","Value":"7.3/10"}],"Metascore":"N/A","imdbRating":"7.3","imdbVotes":"126","imdbID":"tt0270035","Type":"movie","DVD":"N/A","BoxOffice":"N/A","Production":"N/A","Website":"N/A","Response":"True"}