{"Title":"Maangamizi: The Ancient One","Year":"2001","Rated":"N/A","Released":"18 Feb 2001","Runtime":"110 min","Genre":"Drama","Director":"Martin Mhando, Ron Mulvihill","Writer":"Queenae Taylor Mulvihill","Actors":"Barbarao, Amandina Lihamba, Samahani Kejeri, Waigwa Wachira","Plot":"An American woman doctor comes to Tanzania to work at a hospital for the mentally disturbed, with her Tanzanian lover. There, she meets a sometimes catatonic patient, Samahe, who seems to ...","Language":"Swahili, English","Country":"Tanzania, USA","Awards":"1 win.","Poster":"https://images-na.ssl-images-amazon.com/images/M/MV5BMTg5MjU5MzgwOV5BMl5BanBnXkFtZTcwMzU0NDkzMQ@@._V1_SX300.jpg","Ratings":[{"Source":"Internet Movie Database","Value":"7.4/10"}],"Metascore":"N/A","imdbRating":"7.4","imdbVotes":"48","imdbID":"tt0236461","Type":"movie","DVD":"N/A","BoxOffice":"N/A","Production":"N/A","Website":"N/A","Response":"True"}