{"Title":"The Life of David Gale","Year":"2003","Rated":"R","Released":"21 Feb 2003","Runtime":"130 min","Genre":"Crime, Drama, Thriller","Director":"Alan Parker","Writer":"Charles Randolph","Actors":"Kate Winslet, Cleo King, Constance Jones, Kevin Spacey","Plot":"A man against capital punishment is accused of murdering a fellow activist and is sent to death row.","Language":"English, Spanish","Country":"USA, Germany, UK, Spain","Awards":"3 nominations.","Poster":"https://m.media-amazon.com/images/M/MV5BMTAxMzU0NTgxNzZeQTJeQWpwZ15BbWU2MDQzNDkxNw@@._V1_SX300.jpg","Ratings":[{"Source":"Internet Movie Database","Value":"7.6/10"},{"Source":"Rotten Tomatoes","Value":"19%"},{"Source":"Metacritic","Value":"31/100"}],"Metascore":"31","imdbRating":"7.6","imdbVotes":"99,403","imdbID":"tt0289992","Type":"movie","DVD":"22 Jul 2003","BoxOffice":"$19,593,740","Production":"Universal Pictures","Website":"http://www.thelifeofdavidgale.com","Response":"True"}