{"Title":"Boran","Year":"2001","Rated":"N/A","Released":"N/A","Runtime":"99 min","Genre":"Crime, Drama, Thriller","Director":"Alexander Berner","Writer":"Claus Cornelius Fischer","Actors":"Matthias Habich, Henry HÃ¼bchen, Mehmet Kurtulus, Lisa Martinek","Plot":"N/A","Language":"German","Country":"Germany","Awards":"N/A","Poster":"N/A","Ratings":[{"Source":"Internet Movie Database","Value":"7.2/10"}],"Metascore":"N/A","imdbRating":"7.2","imdbVotes":"32","imdbID":"tt0278368","Type":"movie","DVD":"N/A","BoxOffice":"N/A","Production":"N/A","Website":"N/A","Response":"True"}