{"Title":"Donnie Darko","Year":"2001","Rated":"R","Released":"26 Oct 2001","Runtime":"113 min","Genre":"Drama, Sci-Fi, Thriller","Director":"Richard Kelly","Writer":"Richard Kelly","Actors":"Jake Gyllenhaal, Holmes Osborne, Maggie Gyllenhaal, Daveigh Chase","Plot":"A troubled teenager is plagued by visions of a man in a large rabbit suit who manipulates him to commit a series of crimes, after he narrowly escapes a bizarre accident.","Language":"English","Country":"USA","Awards":"11 wins & 15 nominations.","Poster":"https://m.media-amazon.com/images/M/MV5BZjZlZDlkYTktMmU1My00ZDBiLWFlNjEtYTBhNjVhOTM4ZjJjXkEyXkFqcGdeQXVyMTMxODk2OTU@._V1_SX300.jpg","Ratings":[{"Source":"Internet Movie Database","Value":"8.1/10"},{"Source":"Rotten Tomatoes","Value":"87%"},{"Source":"Metacritic","Value":"88/100"}],"Metascore":"88","imdbRating":"8.1","imdbVotes":"680,166","imdbID":"tt0246578","Type":"movie","DVD":"19 Mar 2002","BoxOffice":"N/A","Production":"Newmarket Film Group","Website":"http://www.donniedarko.com","Response":"True"}