{"Title":"Birthday","Year":"2001","Rated":"N/A","Released":"18 Oct 2001","Runtime":"95 min","Genre":"Drama","Director":"Stefan JÃ¤ger","Writer":"Stefan JÃ¤ger","Actors":"Bibiana Beglau, Tamara Simunovic, Claudio Caiolo, Harald Koch","Plot":"The four friends Bibiana, Claudio, Harald, and Tamara separated in 1992, but promised themselves to meet each other again on the 30th birthday of each of them, which takes place throughout ...","Language":"German","Country":"Switzerland, Germany","Awards":"2 wins & 2 nominations.","Poster":"N/A","Ratings":[{"Source":"Internet Movie Database","Value":"7.1/10"}],"Metascore":"N/A","imdbRating":"7.1","imdbVotes":"99","imdbID":"tt0275967","Type":"movie","DVD":"N/A","BoxOffice":"N/A","Production":"N/A","Website":"N/A","Response":"True"}