{"Title":"A Walk to Remember","Year":"2002","Rated":"PG","Released":"25 Jan 2002","Runtime":"101 min","Genre":"Drama, Romance","Director":"Adam Shankman","Writer":"Nicholas Sparks (novel), Karen Janszen (screenplay)","Actors":"Shane West, Mandy Moore, Peter Coyote, Daryl Hannah","Plot":"The story of two North Carolina teens, Landon Carter and Jamie Sullivan, who are thrown together after Landon gets into trouble and is made to do community service.","Language":"English","Country":"USA","Awards":"4 wins & 2 nominations.","Poster":"https://m.media-amazon.com/images/M/MV5BMzU3NTYxM2MtNjViMS00YmNlLWEwM2MtYWI2MzgzNTkxODFjXkEyXkFqcGdeQXVyMTQxNzMzNDI@._V1_SX300.jpg","Ratings":[{"Source":"Internet Movie Database","Value":"7.4/10"},{"Source":"Rotten Tomatoes","Value":"27%"},{"Source":"Metacritic","Value":"35/100"}],"Metascore":"35","imdbRating":"7.4","imdbVotes":"183,604","imdbID":"tt0281358","Type":"movie","DVD":"09 Jul 2002","BoxOffice":"$41,090,572","Production":"Warner Bros. Pictures","Website":"http://awalktoremember.warnerbros.com","Response":"True"}