{"Title":"Super Troopers","Year":"2001","Rated":"R","Released":"15 Feb 2002","Runtime":"100 min","Genre":"Comedy, Crime, Mystery","Director":"Jay Chandrasekhar","Writer":"Jay Chandrasekhar, Kevin Heffernan, Steve Lemme, Paul Soter, Erik Stolhanske","Actors":"AndrÃ© Vippolis, Joey Kern, Geoffrey Arend, Erik Stolhanske","Plot":"Five Vermont state troopers, avid pranksters with a knack for screwing up, try to save their jobs and out-do the local police department by solving a crime.","Language":"English, German, French","Country":"USA","Awards":"1 win.","Poster":"https://m.media-amazon.com/images/M/MV5BYzAyOTZjZDItZjNiYy00YTA3LWEyYWMtZTA0NmUzYjZhNjg0XkEyXkFqcGdeQXVyMTQxNzMzNDI@._V1_SX300.jpg","Ratings":[{"Source":"Internet Movie Database","Value":"7.1/10"},{"Source":"Rotten Tomatoes","Value":"35%"},{"Source":"Metacritic","Value":"48/100"}],"Metascore":"48","imdbRating":"7.1","imdbVotes":"88,838","imdbID":"tt0247745","Type":"movie","DVD":"06 Aug 2002","BoxOffice":"$18,380,350","Production":"Fox Searchlight","Website":"http://www.inorma.com/supertroopers","Response":"True"}