{"Title":"Waiting for Godot","Year":"2001","Rated":"N/A","Released":"04 Feb 2001","Runtime":"120 min","Genre":"Drama","Director":"Michael Lindsay-Hogg","Writer":"Samuel Beckett (play)","Actors":"Barry McGovern, Johnny Murphy, Alan Stanford, Stephen Brennan","Plot":"Two tramps wait for a man named Godot, but instead meet a pompous man and his stooped-over slave.","Language":"English","Country":"Ireland","Awards":"N/A","Poster":"https://m.media-amazon.com/images/M/MV5BMTg3MjQ5MjY0OV5BMl5BanBnXkFtZTcwNTkyOTgxMQ@@._V1_SX300.jpg","Ratings":[{"Source":"Internet Movie Database","Value":"7.7/10"}],"Metascore":"N/A","imdbRating":"7.7","imdbVotes":"1,007","imdbID":"tt0276613","Type":"movie","DVD":"N/A","BoxOffice":"N/A","Production":"N/A","Website":"N/A","Response":"True"}