{"Title":"Road to Perdition","Year":"2002","Rated":"R","Released":"12 Jul 2002","Runtime":"117 min","Genre":"Crime, Drama, Thriller","Director":"Sam Mendes","Writer":"Max Allan Collins (graphic novel), Richard Piers Rayner (graphic novel), David Self (screenplay)","Actors":"Tyler Hoechlin, Rob Maxey, Liam Aiken, Jennifer Jason Leigh","Plot":"A mob enforcer's son witnesses a murder, forcing him and his father to take to the road, and his father down a path of redemption and revenge.","Language":"English","Country":"USA","Awards":"Won 1 Oscar. Another 22 wins & 79 nominations.","Poster":"https://m.media-amazon.com/images/M/MV5BNjcxMmQ0MmItYTkzYy00MmUyLTlhOTQtMmJmNjE3MDMwYjdlXkEyXkFqcGdeQXVyNzkwMjQ5NzM@._V1_SX300.jpg","Ratings":[{"Source":"Internet Movie Database","Value":"7.7/10"},{"Source":"Rotten Tomatoes","Value":"81%"},{"Source":"Metacritic","Value":"72/100"}],"Metascore":"72","imdbRating":"7.7","imdbVotes":"223,770","imdbID":"tt0257044","Type":"movie","DVD":"25 Feb 2003","BoxOffice":"$104,054,514","Production":"DreamWorks SKG","Website":"http://www.roadtoperdition.com/","Response":"True"}