{"Title":"Gadar: Ek Prem Katha","Year":"2001","Rated":"N/A","Released":"15 Jun 2001","Runtime":"170 min","Genre":"Action, Drama, Romance","Director":"Anil Sharma","Writer":"Shaktimaan Talwar","Actors":"Sunny Deol, Ameesha Patel, Amrish Puri, Lillete Dubey","Plot":"Amongst the communal riots that erupt in the city, Tara shelters a wayward Sakina from a crazed mob and a bond that blossoms into love is created. The two eventually get married and have a ...","Language":"Hindi, Panjabi","Country":"India","Awards":"6 wins & 33 nominations.","Poster":"https://images-na.ssl-images-amazon.com/images/M/MV5BZTQ2YjdlMTItY2RlNC00MjNlLWE2ODEtNjMxM2E3YjNlMzU2XkEyXkFqcGdeQXVyNDUzOTQ5MjY@._V1_SX300.jpg","Ratings":[{"Source":"Internet Movie Database","Value":"7.1/10"}],"Metascore":"N/A","imdbRating":"7.1","imdbVotes":"7,954","imdbID":"tt0284137","Type":"movie","DVD":"19 Feb 2007","BoxOffice":"N/A","Production":"N/A","Website":"N/A","Response":"True"}