{"Title":"Ichi the Killer","Year":"2001","Rated":"R","Released":"25 Jul 2002","Runtime":"129 min","Genre":"Action, Comedy, Crime, Drama, Horror, Thriller","Director":"Takashi Miike","Writer":"Sakichi SatÃ´ (screenplay), Hideo Yamamoto (manga)","Actors":"Tadanobu Asano, Nao Ohmori, Shin'ya Tsukamoto, Paulyn Sun","Plot":"As sadomasochistic yakuza enforcer Kakihara searches for his missing boss he comes across Ichi, a repressed and psychotic killer who may be able to inflict levels of pain that Kakihara has only dreamed of.","Language":"Japanese, Cantonese, English","Country":"Japan, Hong Kong","Awards":"6 wins & 3 nominations.","Poster":"https://m.media-amazon.com/images/M/MV5BNDZmOWE3M2YtMDNkNC00YzFmLTljZTItNTk3NTlkODIxNGE3XkEyXkFqcGdeQXVyMTQxNzMzNDI@._V1_SX300.jpg","Ratings":[{"Source":"Internet Movie Database","Value":"7.1/10"},{"Source":"Rotten Tomatoes","Value":"64%"},{"Source":"Metacritic","Value":"55/100"}],"Metascore":"55","imdbRating":"7.1","imdbVotes":"47,277","imdbID":"tt0296042","Type":"movie","DVD":"18 Nov 2003","BoxOffice":"N/A","Production":"N/A","Website":"N/A","Response":"True"}