{"Title":"The Profit","Year":"2001","Rated":"(BANNED)","Released":"01 Apr 2001","Runtime":"128 min","Genre":"Drama","Director":"Peter N. Alexander","Writer":"Peter N. Alexander","Actors":"Cliff Roca, Tom Luce, Eric Rath, Christine Eads","Plot":"This period piece is a fictional biography of a cult leader's rise to power and his subsequent descent into isolation and paranoia.","Language":"English","Country":"USA","Awards":"N/A","Poster":"https://ia.media-imdb.com/images/M/MV5BNTU5MDE4Njg5N15BMl5BanBnXkFtZTYwMjk1ODc5._V1_SX300.jpg","Ratings":[{"Source":"Internet Movie Database","Value":"7.2/10"}],"Metascore":"N/A","imdbRating":"7.2","imdbVotes":"451","imdbID":"tt0277255","Type":"movie","DVD":"N/A","BoxOffice":"N/A","Production":"N/A","Website":"N/A","Response":"True"}