{"Title":"The Experience Box","Year":"2001","Rated":"N/A","Released":"N/A","Runtime":"99 min","Genre":"Comedy, Drama","Director":"Reid Green, Florian Sachisthal","Writer":"Reid Green, Florian Sachisthal","Actors":"Elliott Gould, Craig Chester, Don Clark Williams, Reid Green","Plot":"Set in Bohemian New York and inhabited by ambitious artists of every medium, The Experience Box tells the story of three friends and the extreme measures they take to re-invigorate their ...","Language":"English","Country":"USA","Awards":"1 win.","Poster":"N/A","Ratings":[{"Source":"Internet Movie Database","Value":"7.1/10"}],"Metascore":"N/A","imdbRating":"7.1","imdbVotes":"15","imdbID":"tt0274491","Type":"movie","DVD":"N/A","BoxOffice":"N/A","Production":"N/A","Website":"N/A","Response":"True"}