{"Title":"Converging with Angels","Year":"2002","Rated":"N/A","Released":"12 Apr 2002","Runtime":"158 min","Genre":"Drama","Director":"Michael Sorenson","Writer":"Alija Sighvatsson, Michael Sorenson","Actors":"Melissa Muniz, Robert Tobin, Lisa Hunter, Anne Mayer","Plot":"The well-ordered life of Dylan Thomas, a high-priced male escort, goes into moral free-fall beginning with the night he impulsively takes home a young woman he finds passed out drunk on a ...","Language":"English","Country":"Denmark, USA","Awards":"N/A","Poster":"http://ia.media-imdb.com/images/M/MV5BMTc1Njc1MzY3OV5BMl5BanBnXkFtZTYwMzM4NDA3._V1_SX300.jpg","Ratings":[{"Source":"Internet Movie Database","Value":"6.9/10"}],"Metascore":"N/A","imdbRating":"6.9","imdbVotes":"36","imdbID":"tt0294475","Type":"movie","DVD":"N/A","BoxOffice":"N/A","Production":"N/A","Website":"N/A","Response":"True"}