{"Title":"Godzilla, Mothra and King Ghidorah: Giant Monsters All-Out Attack","Year":"2001","Rated":"NOT RATED","Released":"15 Dec 2001","Runtime":"105 min","Genre":"Action, Adventure, Drama","Director":"ShÃ»suke Kaneko","Writer":"Keiichi Hasegawa, ShÃ»suke Kaneko, Masahiro Yokotani","Actors":"Chiharu Niiyama, RyÃ»dÃ´ Uzaki, Masahiro Kobayashi, ShirÃ´ Sano","Plot":"Three ancient guardian beasts awaken to protect Japan against Godzilla.","Language":"Japanese","Country":"Japan","Awards":"1 nomination.","Poster":"https://ia.media-imdb.com/images/M/MV5BYjk2YzRkNmItYWI1OS00Y2FhLWJkMDEtNDNiODNkZDY5NGVhL2ltYWdlL2ltYWdlXkEyXkFqcGdeQXVyNzAzNjA4ODY@._V1_SX300.jpg","Ratings":[{"Source":"Internet Movie Database","Value":"7.2/10"},{"Source":"Rotten Tomatoes","Value":"50%"}],"Metascore":"N/A","imdbRating":"7.2","imdbVotes":"3,943","imdbID":"tt0279112","Type":"movie","DVD":"27 Jan 2004","BoxOffice":"N/A","Production":"Sony Pictures Entertainment","Website":"N/A","Response":"True"}