{"Title":"Insomnia","Year":"2002","Rated":"R","Released":"24 May 2002","Runtime":"118 min","Genre":"Drama, Mystery, Thriller","Director":"Christopher Nolan","Writer":"Hillary Seitz (screenplay), Nikolaj Frobenius, Erik SkjoldbjÃ¦rg","Actors":"Al Pacino, Martin Donovan, Oliver 'Ole' Zemen, Hilary Swank","Plot":"Two Los Angeles homicide detectives are dispatched to a northern town where the sun doesn't set to investigate the methodical murder of a local teen.","Language":"English","Country":"USA","Awards":"1 win & 10 nominations.","Poster":"https://m.media-amazon.com/images/M/MV5BYzlkZTEyYjUtMTY5NS00ZjU0LTk5OTYtM2M0ZDg1NmNjMzhkXkEyXkFqcGdeQXVyMTQxNzMzNDI@._V1_SX300.jpg","Ratings":[{"Source":"Internet Movie Database","Value":"7.2/10"},{"Source":"Rotten Tomatoes","Value":"92%"},{"Source":"Metacritic","Value":"78/100"}],"Metascore":"78","imdbRating":"7.2","imdbVotes":"247,593","imdbID":"tt0278504","Type":"movie","DVD":"15 Oct 2002","BoxOffice":"$67,300,000","Production":"Warner Bros. Pictures","Website":"http://insomniamovie.warnerbros.com","Response":"True"}