{"Title":"King of Thieves","Year":"2004","Rated":"N/A","Released":"19 Feb 2004","Runtime":"101 min","Genre":"Drama","Director":"Ivan FÃ­la","Writer":"Ivan FÃ­la (screenplay)","Actors":"Lazar Ristovski, Iakov Kultiasov, Katharina Thalbach, Julia Khanverdieva","Plot":"Two amateur circus kids from a poor Ukrainian village, ten-year-old Barbu and his older sister Mimma, are sold to a circus artist called Caruso who promises them a career in the West. ...","Language":"German, Ukrainian","Country":"Slovakia, Czech Republic, Slovenia, Netherlands, Austria, Belgium, Germany, France","Awards":"5 wins & 8 nominations.","Poster":"https://images-na.ssl-images-amazon.com/images/M/MV5BMTM3NDE5OTA1MV5BMl5BanBnXkFtZTcwNTU2NTUzMQ@@._V1_SX300.jpg","Ratings":[{"Source":"Internet Movie Database","Value":"7.2/10"}],"Metascore":"N/A","imdbRating":"7.2","imdbVotes":"343","imdbID":"tt0206866","Type":"movie","DVD":"02 May 2006","BoxOffice":"N/A","Production":"Picture This! Entertainment","Website":"N/A","Response":"True"}