{"Title":"Absolute Hundred","Year":"2001","Rated":"N/A","Released":"06 Sep 2001","Runtime":"93 min","Genre":"Action, Crime, Drama, Thriller","Director":"Srdan Golubovic","Writer":"Srdan Golubovic, Biljana Maksic, Djordje Milosavljevic","Actors":"Vuk Kostic, Srdjan 'Zika' Todorovic, Paulina Manov, Sasa Ali","Plot":"Igor Gordic was an Olympic Champion in shooting, but now he is a junky without money and in debts to mafia. Sasa is his younger brother and he is getting ready for the next World ...","Language":"Serbian","Country":"Federal Republic of Yugoslavia","Awards":"8 wins & 2 nominations.","Poster":"https://m.media-amazon.com/images/M/MV5BNmRjNTZlMWQtYjBiYS00Y2VmLWI0NjAtYjhhNGMzNDRiNWIwXkEyXkFqcGdeQXVyNDU2ODI0Njg@._V1_SX300.jpg","Ratings":[{"Source":"Internet Movie Database","Value":"7.5/10"}],"Metascore":"N/A","imdbRating":"7.5","imdbVotes":"2,493","imdbID":"tt0292432","Type":"movie","DVD":"N/A","BoxOffice":"N/A","Production":"N/A","Website":"N/A","Response":"True"}