{"Title":"Terrorama!","Year":"2001","Rated":"N/A","Released":"01 Oct 2001","Runtime":"103 min","Genre":"Comedy, Drama","Director":"Edwin Brienen","Writer":"Edwin Brienen","Actors":"Kiki Classen, Michel van Dousselaere, Peter Post, Eva Dorrepaal","Plot":"The film tells the story of six mental cases, trying to get rid of society's norms and values by kidnapping Gerard van Dongen, a well-known TV host. During an improvised TV show, the ...","Language":"Dutch","Country":"Netherlands","Awards":"1 win.","Poster":"https://m.media-amazon.com/images/M/MV5BYjM5MTYxYzctZmJjYS00MTkyLThjY2EtZTZkZWMwZTRlNjMzL2ltYWdlL2ltYWdlXkEyXkFqcGdeQXVyMjExMzA1MjU@._V1_SX300.jpg","Ratings":[{"Source":"Internet Movie Database","Value":"7.1/10"}],"Metascore":"N/A","imdbRating":"7.1","imdbVotes":"71","imdbID":"tt0255637","Type":"movie","DVD":"N/A","BoxOffice":"N/A","Production":"N/A","Website":"N/A","Response":"True"}