{"Title":"2046","Year":"2004","Rated":"R","Released":"29 Sep 2004","Runtime":"129 min","Genre":"Drama, Romance, Sci-Fi","Director":"Kar-Wai Wong","Writer":"Kar-Wai Wong (screenplay)","Actors":"Tony Chiu-Wai Leung, Li Gong, Faye Wong, Takuya Kimura","Plot":"Several women enter a science fiction author's life over the course of a few years, after the author has lost the woman he considers his one true love.","Language":"Cantonese, Japanese, Mandarin","Country":"Hong Kong, China, France, Italy, Germany","Awards":"35 wins & 77 nominations.","Poster":"https://m.media-amazon.com/images/M/MV5BMzY1MjkzNDY4MF5BMl5BanBnXkFtZTcwMzE1NzAzMQ@@._V1_SX300.jpg","Ratings":[{"Source":"Internet Movie Database","Value":"7.5/10"},{"Source":"Rotten Tomatoes","Value":"85%"},{"Source":"Metacritic","Value":"78/100"}],"Metascore":"78","imdbRating":"7.5","imdbVotes":"45,777","imdbID":"tt0212712","Type":"movie","DVD":"26 Dec 2005","BoxOffice":"$1,237,566","Production":"Sony Pictures Classics","Website":"http://www.sonyclassics.com/2046/","Response":"True"}