{"Title":"Hall of Mirrors","Year":"2001","Rated":"N/A","Released":"31 Jan 2001","Runtime":"106 min","Genre":"Crime, Mystery, Thriller","Director":"Brad Osborne","Writer":"Brad Osborne","Actors":"Eric Vale, Julie Arebalo, Patrick Jordan, Halim Jabbour","Plot":"A desperate gambling addict. A ruthless team of con men. One point five million dollars. Let the game begin.","Language":"English","Country":"USA","Awards":"N/A","Poster":"N/A","Ratings":[{"Source":"Internet Movie Database","Value":"7.5/10"}],"Metascore":"N/A","imdbRating":"7.5","imdbVotes":"45","imdbID":"tt0237295","Type":"movie","DVD":"N/A","BoxOffice":"N/A","Production":"N/A","Website":"N/A","Response":"True"}