{"Title":"Mila","Year":"2001","Rated":"N/A","Released":"27 Jun 2001","Runtime":"116 min","Genre":"Drama","Director":"Joel Lamangan","Writer":"Ricardo Lee (screenplay)","Actors":"Maricel Soriano, Piolo Pascual, Princess Punzalan, Cherry Pie Picache","Plot":"N/A","Language":"Filipino, Tagalog","Country":"Philippines","Awards":"2 nominations.","Poster":"N/A","Ratings":[{"Source":"Internet Movie Database","Value":"7.1/10"}],"Metascore":"N/A","imdbRating":"7.1","imdbVotes":"30","imdbID":"tt0292108","Type":"movie","DVD":"N/A","BoxOffice":"N/A","Production":"N/A","Website":"N/A","Response":"True"}