{"Title":"Life as a House","Year":"2001","Rated":"R","Released":"09 Nov 2001","Runtime":"125 min","Genre":"Drama","Director":"Irwin Winkler","Writer":"Mark Andrus","Actors":"Kevin Kline, Kristin Scott Thomas, Hayden Christensen, Jena Malone","Plot":"When a man is diagnosed with terminal cancer, he takes custody of his misanthropic teenage son, for whom quality time means getting high, engaging in small-time prostitution, and avoiding his father.","Language":"English","Country":"USA","Awards":"Nominated for 1 Golden Globe. Another 2 wins & 8 nominations.","Poster":"https://m.media-amazon.com/images/M/MV5BMWVlYTVmZWYtYmVjZi00MDU3LWE2ZTYtMGE4NTAyM2RiNDFkXkEyXkFqcGdeQXVyMTQxNzMzNDI@._V1_SX300.jpg","Ratings":[{"Source":"Internet Movie Database","Value":"7.5/10"},{"Source":"Rotten Tomatoes","Value":"47%"},{"Source":"Metacritic","Value":"45/100"}],"Metascore":"45","imdbRating":"7.5","imdbVotes":"41,302","imdbID":"tt0264796","Type":"movie","DVD":"26 Mar 2002","BoxOffice":"$15,412,701","Production":"New Line Cinema","Website":"http://www.lifeasahouse.com","Response":"True"}