{"Title":"Marsinah","Year":"2001","Rated":"N/A","Released":"15 Nov 2001","Runtime":"115 min","Genre":"Drama, Crime","Director":"Slamet Rahardjo","Writer":"Agung Bawantara, Eros Djarot, Karsono Hadi, Slamet Rahardjo","Actors":"Margarita, Intarti, Dyah Arum Retnowati, Tosan Wiryawan","Plot":"The movie is based on a true story about an Indonesian labour leader who was kidnapped, tortured, and killed because of her struggle (East Java 1993). The case remains unsolved. Several ...","Language":"Indonesian","Country":"Indonesia","Awards":"N/A","Poster":"N/A","Ratings":[{"Source":"Internet Movie Database","Value":"7.1/10"}],"Metascore":"N/A","imdbRating":"7.1","imdbVotes":"20","imdbID":"tt0299024","Type":"movie","DVD":"N/A","BoxOffice":"N/A","Production":"N/A","Website":"N/A","Response":"True"}