{"Title":"His Secret Life","Year":"2001","Rated":"R","Released":"20 Sep 2002","Runtime":"106 min","Genre":"Drama, Romance","Director":"Ferzan Ozpetek","Writer":"Gianni Romoli (screenplay), Ferzan Ozpetek (screenplay), Gianni Romoli (story), Ferzan Ozpetek (story)","Actors":"Margherita Buy, Stefano Accorsi, Serra Yilmaz, Gabriel Garko","Plot":"AIDS doctor Antonia's husband is killed by a car. She gets depressed until she learns he had been cheating on her with a man. Following her newly born curiosity for life, she goes to see ...","Language":"Italian, Turkish","Country":"Italy, France","Awards":"14 wins & 8 nominations.","Poster":"https://m.media-amazon.com/images/M/MV5BNTIwNDY1N2YtYTRhOS00ZDU5LTk3NzgtYzQzY2U5N2E0YmQzXkEyXkFqcGdeQXVyMzIwNDY4NDI@._V1_SX300.jpg","Ratings":[{"Source":"Internet Movie Database","Value":"7.4/10"},{"Source":"Rotten Tomatoes","Value":"74%"},{"Source":"Metacritic","Value":"69/100"}],"Metascore":"69","imdbRating":"7.4","imdbVotes":"7,682","imdbID":"tt0274497","Type":"movie","DVD":"20 May 2003","BoxOffice":"N/A","Production":"Medusa Film","Website":"http://www.strandreleasing.com/in_theaters/his_secret_life.html","Response":"True"}