{"Title":"Far from Heaven","Year":"2002","Rated":"PG-13","Released":"10 Jan 2003","Runtime":"107 min","Genre":"Drama","Director":"Todd Haynes","Writer":"Todd Haynes","Actors":"Julianne Moore, Dennis Quaid, Dennis Haysbert, Patricia Clarkson","Plot":"In 1950s Connecticut, a housewife faces a marital crisis and mounting racial tensions in the outside world.","Language":"English","Country":"USA, France","Awards":"Nominated for 4 Oscars. Another 101 wins & 91 nominations.","Poster":"https://m.media-amazon.com/images/M/MV5BMTE5ODI3MTM4OV5BMl5BanBnXkFtZTYwNjE5OTg2._V1_SX300.jpg","Ratings":[{"Source":"Internet Movie Database","Value":"7.4/10"},{"Source":"Rotten Tomatoes","Value":"87%"},{"Source":"Metacritic","Value":"84/100"}],"Metascore":"84","imdbRating":"7.4","imdbVotes":"40,624","imdbID":"tt0297884","Type":"movie","DVD":"01 Apr 2003","BoxOffice":"$15,900,000","Production":"USA Films","Website":"http://www.farfromheavenmovie.com/","Response":"True"}