{"Title":"White Oleander","Year":"2002","Rated":"PG-13","Released":"11 Oct 2002","Runtime":"109 min","Genre":"Drama","Director":"Peter Kosminsky","Writer":"Janet Fitch (novel), Mary Agnes Donoghue (screenplay)","Actors":"Amy Aquino, John Billingsley, Elisa Bocanegra, Darlene Bohorquez","Plot":"A teenager journeys through a series of foster homes after her mother goes to prison for committing a crime of passion.","Language":"English, Russian","Country":"USA","Awards":"3 wins & 7 nominations.","Poster":"https://m.media-amazon.com/images/M/MV5BMTI4NzYwOTM5MF5BMl5BanBnXkFtZTYwNDM4NDg2._V1_SX300.jpg","Ratings":[{"Source":"Internet Movie Database","Value":"7.2/10"},{"Source":"Rotten Tomatoes","Value":"69%"},{"Source":"Metacritic","Value":"61/100"}],"Metascore":"61","imdbRating":"7.2","imdbVotes":"27,746","imdbID":"tt0283139","Type":"movie","DVD":"11 Mar 2003","BoxOffice":"$16,297,019","Production":"Warner Bros. Pictures","Website":"http://whiteoleander.warnerbros.com","Response":"True"}