{"Title":"Aalavandhan","Year":"2001","Rated":"N/A","Released":"16 Nov 2001","Runtime":"178 min","Genre":"Action, Thriller","Director":"Suresh Krishna","Writer":"Kamal Haasan (novel)","Actors":"Kamal Haasan, Raveena Tandon, Manisha Koirala, Shri Vallabh Vyas","Plot":"Nandu and Vijay are brothers, who were abused by their stepmother during their younger days. Nandhu, who is mentally ill, decides to kill Vijay's fiancee as he visualizes her as his stepmother.","Language":"Tamil","Country":"India","Awards":"1 win & 1 nomination.","Poster":"https://m.media-amazon.com/images/M/MV5BMjE4NjcxMjMyMF5BMl5BanBnXkFtZTcwMTQ0MDgxMQ@@._V1_SX300.jpg","Ratings":[{"Source":"Internet Movie Database","Value":"7.2/10"}],"Metascore":"N/A","imdbRating":"7.2","imdbVotes":"1,533","imdbID":"tt0294264","Type":"movie","DVD":"N/A","BoxOffice":"N/A","Production":"N/A","Website":"N/A","Response":"True"}