{"Title":"As Far as My Feet Will Carry Me","Year":"2001","Rated":"TV-G","Released":"27 Dec 2001","Runtime":"158 min","Genre":"Action, Adventure, Drama","Director":"Hardy Martins","Writer":"Josef Martin Bauer (novel), Bastian ClevÃ©, Hardy Martins, Bernd Schwamm","Actors":"Bernhard Bettermann, Iris BÃ¶hm, Anatoliy Kotenyov, Michael Mendl","Plot":"At the end of WW2, a German POW doing hard labor in the Soviet Gulag escapes from his Siberian camp to return to Germany but he's pursued by a Soviet NKVD officer.","Language":"German, Russian","Country":"Germany","Awards":"1 win.","Poster":"https://m.media-amazon.com/images/M/MV5BYjM2OGJlYTYtNzE0NC00MGVlLWExOTAtMjQ0NjFmYWNlZDQ4XkEyXkFqcGdeQXVyMTMxMTY0OTQ@._V1_SX300.jpg","Ratings":[{"Source":"Internet Movie Database","Value":"7.4/10"}],"Metascore":"N/A","imdbRating":"7.4","imdbVotes":"5,759","imdbID":"tt0277327","Type":"movie","DVD":"22 May 2007","BoxOffice":"N/A","Production":"Vanguard","Website":"http://www.viipillars.com/asfarasmyfeetwillcarryme/","Response":"True"}