{"Title":"Yi Yi","Year":"2000","Rated":"NOT RATED","Released":"16 Dec 2000","Runtime":"173 min","Genre":"Drama, Romance","Director":"Edward Yang","Writer":"Edward Yang","Actors":"Nien-Jen Wu, Elaine Jin, Issei Ogata, Kelly Lee","Plot":"Each member of a middle class Taipei family seeks to reconcile past and present relationships within their daily lives.","Language":"Mandarin, Min Nan, Hokkien, English, Japanese, French","Country":"Taiwan, Japan","Awards":"13 wins & 22 nominations.","Poster":"https://m.media-amazon.com/images/M/MV5BZDNkMGUyYzUtNjM0ZC00NDM2LWE5ZjEtMjliNzIxMmMzZThhXkEyXkFqcGdeQXVyMzAxNjg3MjQ@._V1_SX300.jpg","Ratings":[{"Source":"Internet Movie Database","Value":"8.1/10"},{"Source":"Metacritic","Value":"93/100"}],"Metascore":"93","imdbRating":"8.1","imdbVotes":"16,304","imdbID":"tt0244316","Type":"movie","DVD":"12 Jun 2007","BoxOffice":"N/A","Production":"N/A","Website":"N/A","Response":"True"}