{"Title":"Ciao America","Year":"2002","Rated":"R","Released":"20 Sep 2002","Runtime":"100 min","Genre":"Comedy, Drama, Romance","Director":"Frank Ciota","Writer":"Joseph A. Ciota","Actors":"Eddie Malavarca, Maurizio Nichetti, Violante Placido, Nathaniel Marston","Plot":"Filmed mostly in Italy, \"Ciao America\" is the story of Lorenzo Primavera an unsettled, third generation Italian American whose search for his place in the world leads him back to the land ...","Language":"English","Country":"USA, Italy","Awards":"N/A","Poster":"http://ia.media-imdb.com/images/M/MV5BNzkyODk0NjE2M15BMl5BanBnXkFtZTYwMTcwODc5._V1_SX300.jpg","Ratings":[{"Source":"Internet Movie Database","Value":"7.4/10"},{"Source":"Metacritic","Value":"39/100"}],"Metascore":"39","imdbRating":"7.4","imdbVotes":"73","imdbID":"tt0275263","Type":"movie","DVD":"N/A","BoxOffice":"N/A","Production":"Bentornato Lorenzo Primavera Ltd.","Website":"N/A","Response":"True"}