{"Title":"Better Luck Tomorrow","Year":"2002","Rated":"R","Released":"25 Apr 2003","Runtime":"101 min","Genre":"Crime, Drama, Romance","Director":"Justin Lin","Writer":"Ernesto Foronda, Justin Lin, Fabian Marquez","Actors":"Parry Shen, Jason Tobin, Shirley Anderson, Nanette Matoba","Plot":"A group of over-achieving Asian-American high school seniors enjoy a power trip when they dip into extra-curricular criminal activities.","Language":"English","Country":"USA","Awards":"1 win & 2 nominations.","Poster":"https://m.media-amazon.com/images/M/MV5BMTk4OTYwODUyN15BMl5BanBnXkFtZTYwMDUzMTQ3._V1_SX300.jpg","Ratings":[{"Source":"Internet Movie Database","Value":"7.1/10"},{"Source":"Rotten Tomatoes","Value":"81%"},{"Source":"Metacritic","Value":"67/100"}],"Metascore":"67","imdbRating":"7.1","imdbVotes":"8,488","imdbID":"tt0280477","Type":"movie","DVD":"30 Sep 2003","BoxOffice":"$3,687,324","Production":"MTV Films","Website":"http://www.betterlucktomorrow.com","Response":"True"}