{"Title":"Atanarjuat: The Fast Runner","Year":"2001","Rated":"R","Released":"26 Jul 2002","Runtime":"172 min","Genre":"Drama","Director":"Zacharias Kunuk","Writer":"Paul Apak Angilirq, Norman Cohn (additional writer), Zacharias Kunuk (additional writer), Herve Paniaq (additional writer), Pauloosie Qulitalik (additional writer)","Actors":"Natar Ungalaaq, Sylvia Ivalu, Peter-Henry Arnatsiaq, Lucy Tulugarjuk","Plot":"The telling of an Inuit legend of an evil spirit causing strife in the community and one warrior's endurance and battle of its menace.","Language":"Inuktitut","Country":"Canada","Awards":"26 wins & 18 nominations.","Poster":"https://images-na.ssl-images-amazon.com/images/M/MV5BMTIzNDc3NTkzOV5BMl5BanBnXkFtZTcwNTkyMzYxMQ@@._V1_SX300.jpg","Ratings":[{"Source":"Internet Movie Database","Value":"7.5/10"},{"Source":"Rotten Tomatoes","Value":"91%"},{"Source":"Metacritic","Value":"91/100"}],"Metascore":"91","imdbRating":"7.5","imdbVotes":"5,770","imdbID":"tt0285441","Type":"movie","DVD":"11 Feb 2003","BoxOffice":"$2,603,453","Production":"Lot 47 Films","Website":"http://lot47.com/thefastrunner","Response":"True"}