{"Title":"Calmness","Year":"2001","Rated":"N/A","Released":"N/A","Runtime":"95 min","Genre":"Drama","Director":"Jayaraaj","Writer":"N/A","Actors":"Sima Bisvas, K.P.A.C. Lalitha, M.G. Shashi, I.M. Vijayan","Plot":"N/A","Language":"N/A","Country":"India","Awards":"2 wins & 3 nominations.","Poster":"N/A","Ratings":[{"Source":"Internet Movie Database","Value":"6.2/10"}],"Metascore":"N/A","imdbRating":"6.2","imdbVotes":"16","imdbID":"tt0290068","Type":"movie","DVD":"N/A","BoxOffice":"N/A","Production":"N/A","Website":"N/A","Response":"True"}