{"Title":"Gangs of New York","Year":"2002","Rated":"R","Released":"20 Dec 2002","Runtime":"167 min","Genre":"Crime, Drama","Director":"Martin Scorsese","Writer":"Jay Cocks (story), Jay Cocks (screenplay), Steven Zaillian (screenplay), Kenneth Lonergan (screenplay)","Actors":"Leonardo DiCaprio, Daniel Day-Lewis, Cameron Diaz, Jim Broadbent","Plot":"In 1863, Amsterdam Vallon returns to the Five Points area of New York City seeking revenge against Bill the Butcher, his father's killer.","Language":"English, Irish, Chinese, Latin","Country":"USA, Italy","Awards":"Nominated for 10 Oscars. Another 50 wins & 124 nominations.","Poster":"https://m.media-amazon.com/images/M/MV5BNDg3MmI1ZDYtMDZjYi00ZWRlLTk4NzEtZjY4Y2U0NjE5YmRiXkEyXkFqcGdeQXVyNzAxMjE1NDg@._V1_SX300.jpg","Ratings":[{"Source":"Internet Movie Database","Value":"7.5/10"},{"Source":"Rotten Tomatoes","Value":"74%"},{"Source":"Metacritic","Value":"72/100"}],"Metascore":"72","imdbRating":"7.5","imdbVotes":"361,586","imdbID":"tt0217505","Type":"movie","DVD":"01 Jul 2003","BoxOffice":"$77,605,296","Production":"Miramax Films","Website":"http://www.gangsofnewyork.com/","Response":"True"}