{"Title":"The Count of Monte Cristo","Year":"2002","Rated":"PG-13","Released":"25 Jan 2002","Runtime":"131 min","Genre":"Action, Adventure, Drama, Romance, Thriller","Director":"Kevin Reynolds","Writer":"Alexandre Dumas (novel), Jay Wolpert (screenplay)","Actors":"Jim Caviezel, Guy Pearce, Richard Harris, James Frain","Plot":"A young man, falsely imprisoned by his jealous \"friend\", escapes and uses a hidden treasure to exact his revenge.","Language":"English","Country":"UK, USA, Ireland","Awards":"N/A","Poster":"https://m.media-amazon.com/images/M/MV5BMDM0ZWRjZDgtZWI0MS00ZTIzLTg4MWYtZjU5MDEyMDU0ODBjXkEyXkFqcGdeQXVyMTQxNzMzNDI@._V1_SX300.jpg","Ratings":[{"Source":"Internet Movie Database","Value":"7.8/10"},{"Source":"Rotten Tomatoes","Value":"74%"},{"Source":"Metacritic","Value":"61/100"}],"Metascore":"61","imdbRating":"7.8","imdbVotes":"116,963","imdbID":"tt0245844","Type":"movie","DVD":"10 Sep 2002","BoxOffice":"$54,111,443","Production":"Touchstone Pictures","Website":"http://bventertainment.go.com/movies/montecristo","Response":"True"}