{"Title":"A Dog's Will","Year":"2000","Rated":"N/A","Released":"10 Sep 2000","Runtime":"104 min","Genre":"Adventure, Comedy","Director":"Guel Arraes","Writer":"Guel Arraes, Adriana FalcÃ£o, JoÃ£o FalcÃ£o, Ariano Suassuna (play)","Actors":"Matheus Nachtergaele, Selton Mello, RogÃ©rio Cardoso, Denise Fraga","Plot":"The lively JoÃ£o Grilo and the sly ChicÃ³ are poor guys living in the hinterland who cheat a bunch of people in a small Northeast Brazil town. But when they die, they have to be judged by ...","Language":"Portuguese","Country":"Brazil","Awards":"7 wins & 2 nominations.","Poster":"https://m.media-amazon.com/images/M/MV5BMjdmNDA4ZGEtODcxZi00ODg5LThmYzctZDAxYjJjNjAyYjgwXkEyXkFqcGdeQXVyNDc2MTA2NDg@._V1_SX300.jpg","Ratings":[{"Source":"Internet Movie Database","Value":"8.6/10"}],"Metascore":"N/A","imdbRating":"8.6","imdbVotes":"8,277","imdbID":"tt0271383","Type":"movie","DVD":"N/A","BoxOffice":"N/A","Production":"N/A","Website":"N/A","Response":"True"}