{"Title":"Shaolin Soccer","Year":"2001","Rated":"PG","Released":"12 Jul 2001","Runtime":"87 min","Genre":"Action, Comedy, Fantasy, Sport","Director":"Stephen Chow","Writer":"Stephen Chow, Kan-Cheung Tsang, Min Hun Fung, Chi Keung Fung, Marc Handler (dubbed version), Wei Lu","Actors":"Stephen Chow, Man-Tat Ng, Wei Zhao, Yin Tse","Plot":"A young Shaolin follower reunites with his discouraged brothers to form a soccer team using their martial art skills to their advantage.","Language":"Cantonese, Mandarin","Country":"Hong Kong, China","Awards":"12 wins & 14 nominations.","Poster":"https://m.media-amazon.com/images/M/MV5BZjdiYTBiMDUtNTg0Yy00N2NhLWIxZmEtMTEwNDNlYzRkMGY3L2ltYWdlXkEyXkFqcGdeQXVyNTAyODkwOQ@@._V1_SX300.jpg","Ratings":[{"Source":"Internet Movie Database","Value":"7.3/10"},{"Source":"Rotten Tomatoes","Value":"90%"},{"Source":"Metacritic","Value":"68/100"}],"Metascore":"68","imdbRating":"7.3","imdbVotes":"66,457","imdbID":"tt0286112","Type":"movie","DVD":"24 Aug 2004","BoxOffice":"$172,448","Production":"Miramax Films","Website":"http://www.miramax.com/shaolin_soccer/","Response":"True"}