{"Title":"Pomegranate","Year":"2005","Rated":"N/A","Released":"N/A","Runtime":"95 min","Genre":"Drama","Director":"Kraig Kuzirian","Writer":"Raffi Alexander (story), Kraig Kuzirian, Anahid Nazarian (story)","Actors":"Michael A. Goorjian, James Keshishian Martin, Krikor Satamian, Robia LaMorte","Plot":"Two cousins who were best friends as boys in Beirut reunite in Los Angeles 17 years later.","Language":"English, Armenian","Country":"USA","Awards":"N/A","Poster":"http://ia.media-imdb.com/images/M/MV5BMTQ1MjQyODM1Nl5BMl5BanBnXkFtZTgwMDg1MTYwNjE@._V1_SX300.jpg","Ratings":[{"Source":"Internet Movie Database","Value":"7.7/10"}],"Metascore":"N/A","imdbRating":"7.7","imdbVotes":"49","imdbID":"tt0279683","Type":"movie","DVD":"N/A","BoxOffice":"N/A","Production":"N/A","Website":"N/A","Response":"True"}