{"Title":"The Beautiful Country","Year":"2004","Rated":"R","Released":"13 Mar 2004","Runtime":"125 min","Genre":"Drama","Director":"Hans Petter Moland","Writer":"Sabina Murray (story), Lingard Jervey (story), Sabina Murray (screenplay)","Actors":"Damien Nguyen, Bai Ling, Thi Hoa Mai, Nick Nolte","Plot":"After reuniting with his mother in Ho Chi Minh City, a family tragedy causes Binh to flee from Viet Nam to America. Landing in New York, Binh begins a road trip to Texas, where his American father is said to live.","Language":"Vietnamese, English, Mandarin, Cantonese, Malay","Country":"Norway, USA","Awards":"1 win & 5 nominations.","Poster":"https://m.media-amazon.com/images/M/MV5BMTMyMjI2MTE5N15BMl5BanBnXkFtZTcwNzExNDAzMQ@@._V1_SX300.jpg","Ratings":[{"Source":"Internet Movie Database","Value":"7.5/10"},{"Source":"Metacritic","Value":"64/100"}],"Metascore":"64","imdbRating":"7.5","imdbVotes":"3,532","imdbID":"tt0273108","Type":"movie","DVD":"N/A","BoxOffice":"N/A","Production":"N/A","Website":"N/A","Response":"True"}