{"Title":"Her Majesty","Year":"2001","Rated":"PG","Released":"20 Jan 2005","Runtime":"107 min","Genre":"Family","Director":"Mark J. Gordon","Writer":"Mark J. Gordon","Actors":"Sally Andrews, Anna Sheridan, Mark Clare, Alison Routledge","Plot":"Elizabeth is a popular thirteen year old who can't wait for the day the Queen of England visits her quaint New Zealand hometown. Her excitement becomes almost too much to bear upon learning...","Language":"English","Country":"New Zealand","Awards":"16 wins & 5 nominations.","Poster":"https://images-na.ssl-images-amazon.com/images/M/MV5BMTk4Nzg1MjAxOF5BMl5BanBnXkFtZTcwNDU2NDAzMQ@@._V1_SX300.jpg","Ratings":[{"Source":"Internet Movie Database","Value":"7.1/10"},{"Source":"Rotten Tomatoes","Value":"57%"},{"Source":"Metacritic","Value":"46/100"}],"Metascore":"46","imdbRating":"7.1","imdbVotes":"397","imdbID":"tt0298359","Type":"movie","DVD":"29 Aug 2006","BoxOffice":"N/A","Production":"Silicon Valley Film Fund","Website":"http://www.hermajestythemovie.com","Response":"True"}