{"Title":"No Man's Land","Year":"2001","Rated":"R","Released":"19 Sep 2001","Runtime":"98 min","Genre":"Drama, War","Director":"Danis Tanovic","Writer":"Danis Tanovic","Actors":"Branko Djuric, Rene Bitorajac, Filip Sovagovic, Georges Siatidis","Plot":"Bosnia and Herzegovina during 1993 at the time of the heaviest fighting between the two warring sides. Two soldiers from opposing sides in the conflict, Nino and Ciki, become trapped in no man's land, whilst a third soldier becomes a living booby trap.","Language":"Bosnian, French, English, Serbian","Country":"France, Bosnia and Herzegovina, Italy, Belgium, UK, Slovenia","Awards":"Won 1 Oscar. Another 27 wins & 20 nominations.","Poster":"https://m.media-amazon.com/images/M/MV5BMGFkNjNmZWMtNDdiOS00ZWM3LWE1ZTMtZDU3MGQyMzIyNzZhXkEyXkFqcGdeQXVyMTMxODk2OTU@._V1_SX300.jpg","Ratings":[{"Source":"Internet Movie Database","Value":"8.0/10"},{"Source":"Rotten Tomatoes","Value":"93%"},{"Source":"Metacritic","Value":"84/100"}],"Metascore":"84","imdbRating":"8.0","imdbVotes":"40,858","imdbID":"tt0283509","Type":"movie","DVD":"09 Apr 2002","BoxOffice":"$948,054","Production":"United Artists Pictures","Website":"http://www.unitedartists.com/nomansland","Response":"True"}