{"Title":"Home Sweet Hoboken","Year":"2001","Rated":"N/A","Released":"29 Oct 2001","Runtime":"92 min","Genre":"Comedy","Director":"Yoshifumi Hosoya","Writer":"Nick Feyz, Yoshifumi Hosoya, Christo Knight","Actors":"Ben Gazzara, Elizabeth Ashley, Jayce Bartok, Kat Brower","Plot":"A waitress discovers a ring she thought was worthless is actually worth $10 million.","Language":"English","Country":"France, Japan, USA","Awards":"1 win.","Poster":"https://images-na.ssl-images-amazon.com/images/M/MV5BY2M5NTIzYTQtNGNkZi00MjI1LWFiNjUtNmU5OGEzYzFiNGRlXkEyXkFqcGdeQXVyMjg1Mjc5NQ@@._V1_SX300.jpg","Ratings":[{"Source":"Internet Movie Database","Value":"7.1/10"}],"Metascore":"N/A","imdbRating":"7.1","imdbVotes":"25","imdbID":"tt0204382","Type":"movie","DVD":"N/A","BoxOffice":"N/A","Production":"N/A","Website":"N/A","Response":"True"}