{"Title":"Waikiki Brothers","Year":"2001","Rated":"N/A","Released":"27 Oct 2001","Runtime":"109 min","Genre":"Drama","Director":"Soon-rye Yim","Writer":"Soon-rye Yim","Actors":"Eol Lee, Won-sang Park, Jung-min Hwang, Kwang-rok Oh","Plot":"Members of a traveling cover band going nowhere deal with the bitterness of growing up.","Language":"Korean","Country":"South Korea","Awards":"2 wins & 2 nominations.","Poster":"https://m.media-amazon.com/images/M/MV5BNGYyYTE5ZDgtZjk5Yi00NWU3LTlkOTYtM2IzOTQ5MzZlNzUzXkEyXkFqcGdeQXVyNDY5NjU5MDE@._V1_SX300.jpg","Ratings":[{"Source":"Internet Movie Database","Value":"7.1/10"}],"Metascore":"N/A","imdbRating":"7.1","imdbVotes":"190","imdbID":"tt0297462","Type":"movie","DVD":"N/A","BoxOffice":"N/A","Production":"N/A","Website":"N/A","Response":"True"}