{"Title":"The Immigrant Garden","Year":"2001","Rated":"N/A","Released":"19 May 2001","Runtime":"104 min","Genre":"Drama, Family, Comedy","Director":"C. Tad Devlin","Writer":"Caroline Wood","Actors":"Angela Johnson, Beverly Fite, Curt Harris, Michael Duncan","Plot":"N/A","Language":"English","Country":"USA","Awards":"N/A","Poster":"http://ia.media-imdb.com/images/M/MV5BMTY4ODYwMjY0MV5BMl5BanBnXkFtZTYwODMyOTc5._V1_SX300.jpg","Ratings":[{"Source":"Internet Movie Database","Value":"7.2/10"}],"Metascore":"N/A","imdbRating":"7.2","imdbVotes":"45","imdbID":"tt0286713","Type":"movie","DVD":"N/A","BoxOffice":"N/A","Production":"N/A","Website":"N/A","Response":"True"}