{"Title":"Red Dragon","Year":"2002","Rated":"R","Released":"04 Oct 2002","Runtime":"124 min","Genre":"Crime, Drama, Thriller","Director":"Brett Ratner","Writer":"Thomas Harris (novel), Ted Tally (screenplay)","Actors":"Anthony Hopkins, Edward Norton, Ralph Fiennes, Harvey Keitel","Plot":"A retired FBI agent with psychological gifts is assigned to help track down \"The Tooth Fairy\", a mysterious serial killer. Aiding him is imprisoned forensic psychiatrist Dr. Hannibal \"The Cannibal\" Lecter.","Language":"English, French","Country":"Germany, USA","Awards":"4 wins & 10 nominations.","Poster":"https://m.media-amazon.com/images/M/MV5BMTQ4MDgzNjM5MF5BMl5BanBnXkFtZTYwMjUwMzY2._V1_SX300.jpg","Ratings":[{"Source":"Internet Movie Database","Value":"7.2/10"},{"Source":"Rotten Tomatoes","Value":"68%"},{"Source":"Metacritic","Value":"60/100"}],"Metascore":"60","imdbRating":"7.2","imdbVotes":"226,523","imdbID":"tt0289765","Type":"movie","DVD":"01 Apr 2003","BoxOffice":"$92,930,005","Production":"Universal Pictures","Website":"http://www.reddragonmovie.com/","Response":"True"}