{"Title":"Inseguito","Year":"2002","Rated":"N/A","Released":"N/A","Runtime":"97 min","Genre":"Sci-Fi, Thriller","Director":"Luca Guardabascio","Writer":"Luca Guardabascio","Actors":"Irene Aiello, Andoni Aresti Landa, Nanni Candelari, Pino D'Aloja","Plot":"N/A","Language":"Italian","Country":"Italy","Awards":"1 win.","Poster":"N/A","Ratings":[{"Source":"Internet Movie Database","Value":"7.3/10"}],"Metascore":"N/A","imdbRating":"7.3","imdbVotes":"62","imdbID":"tt0290669","Type":"movie","DVD":"N/A","BoxOffice":"N/A","Production":"N/A","Website":"N/A","Response":"True"}