{"Title":"Injustice","Year":"2002","Rated":"N/A","Released":"25 Jan 2002","Runtime":"100 min","Genre":"Drama","Director":"Ken Fero, Tariq Mehmood","Writer":"N/A","Actors":"N/A","Plot":"N/A","Language":"English","Country":"UK","Awards":"N/A","Poster":"https://images-na.ssl-images-amazon.com/images/M/MV5BMTMxNDc1MTQyNV5BMl5BanBnXkFtZTcwMjE4NDQxMg@@._V1_SX300.jpg","Ratings":[{"Source":"Internet Movie Database","Value":"7.2/10"}],"Metascore":"N/A","imdbRating":"7.2","imdbVotes":"137","imdbID":"tt0297189","Type":"movie","DVD":"N/A","BoxOffice":"N/A","Production":"N/A","Website":"N/A","Response":"True"}