{"Title":"X-Roads","Year":"2001","Rated":"N/A","Released":"01 Mar 2001","Runtime":"104 min","Genre":"Drama","Director":"Xiaozhen Jiang","Writer":"Xiaozhen Jiang","Actors":"Rene Liu, Jin Zhao, Alan Thicke, Feihong Yu","Plot":"Just as the sophistication of Shanghai in the 1930's has been revived as a symbol for the new China, so too does \"X-Roads\" take its inspiration from the past... \"X-Roads\" is a modern ...","Language":"English, Mandarin","Country":"Taiwan, China","Awards":"N/A","Poster":"N/A","Ratings":[{"Source":"Internet Movie Database","Value":"7.7/10"}],"Metascore":"N/A","imdbRating":"7.7","imdbVotes":"7","imdbID":"tt0259742","Type":"movie","DVD":"N/A","BoxOffice":"N/A","Production":"N/A","Website":"N/A","Response":"True"}