{"Title":"Forever and Ever","Year":"2001","Rated":"N/A","Released":"08 Mar 2001","Runtime":"95 min","Genre":"Drama","Director":"Raymond To","Writer":"Raymond To","Actors":"Sylvia Chang, Josie Ho, Tung Cho 'Joe' Cheung, Perry Chiu","Plot":"Based on a true story, Xiao Fu was contracted HIV virus through blood transmission due to hemophilia. He made his difference by writing a book before his death to change the public's view toward patients with HIV.","Language":"Cantonese","Country":"Hong Kong","Awards":"4 wins & 4 nominations.","Poster":"https://images-na.ssl-images-amazon.com/images/M/MV5BMTMxMzczOTAzM15BMl5BanBnXkFtZTcwNzkxODcyMQ@@._V1_SX300.jpg","Ratings":[{"Source":"Internet Movie Database","Value":"7.1/10"}],"Metascore":"N/A","imdbRating":"7.1","imdbVotes":"51","imdbID":"tt0277674","Type":"movie","DVD":"N/A","BoxOffice":"N/A","Production":"N/A","Website":"N/A","Response":"True"}