{"Title":"Abakada... Ina","Year":"2001","Rated":"N/A","Released":"14 Apr 2001","Runtime":"N/A","Genre":"Drama","Director":"Eddie Garcia","Writer":"Shaira Mella Salvador (story), Ramon Bayron (story)","Actors":"Lorna Tolentino, Albert Martinez, Nida Blanca, Alicia Alonzo","Plot":"Abakada ina is a film dedicated to all women who strive to be the best for their children. It is about an illiterate woman named Estella who married Daniel and had three beautiful daughters...","Language":"Filipino, Tagalog","Country":"Philippines","Awards":"9 wins & 9 nominations.","Poster":"N/A","Ratings":[{"Source":"Internet Movie Database","Value":"6.6/10"}],"Metascore":"N/A","imdbRating":"6.6","imdbVotes":"14","imdbID":"tt0289046","Type":"movie","DVD":"N/A","BoxOffice":"N/A","Production":"N/A","Website":"N/A","Response":"True"}