{"Title":"Brother 2","Year":"2000","Rated":"N/A","Released":"11 May 2000","Runtime":"122 min","Genre":"Action, Crime, Thriller","Director":"Aleksey Balabanov","Writer":"Aleksey Balabanov","Actors":"Sergey Bodrov, Viktor Sukhorukov, Sergey Makovetskiy, Irina Saltykova","Plot":"Here goes \"kirdyk\" to America, as it was promised in first part.","Language":"Russian, English, Ukrainian","Country":"Russia, USA","Awards":"3 nominations.","Poster":"https://m.media-amazon.com/images/M/MV5BNWY5Nzk3NzctMWM1Ni00ZTM2LWJhMzgtYjdiMTZmODczM2U2XkEyXkFqcGdeQXVyNTgzMjIwMjM@._V1_SX300.jpg","Ratings":[{"Source":"Internet Movie Database","Value":"7.9/10"}],"Metascore":"N/A","imdbRating":"7.9","imdbVotes":"9,719","imdbID":"tt0238883","Type":"movie","DVD":"N/A","BoxOffice":"N/A","Production":"Tartan","Website":"N/A","Response":"True"}