{"Title":"Sex and LucÃ­a","Year":"2001","Rated":"R","Released":"24 Aug 2001","Runtime":"128 min","Genre":"Drama, Romance","Director":"Julio Medem","Writer":"Julio Medem","Actors":"Paz Vega, TristÃ¡n Ulloa, Najwa Nimri, Daniel Freire","Plot":"Various lives converge on an isolated island, all connected by an author whose novel has become inextricably entwined with his own life.","Language":"Spanish, English","Country":"Spain, France","Awards":"10 wins & 17 nominations.","Poster":"https://m.media-amazon.com/images/M/MV5BMTQwMTI0ODcwMV5BMl5BanBnXkFtZTYwNjM0MDI3._V1_SX300.jpg","Ratings":[{"Source":"Internet Movie Database","Value":"7.2/10"},{"Source":"Rotten Tomatoes","Value":"71%"},{"Source":"Metacritic","Value":"65/100"}],"Metascore":"65","imdbRating":"7.2","imdbVotes":"32,529","imdbID":"tt0254455","Type":"movie","DVD":"25 Mar 2003","BoxOffice":"$1,371,826","Production":"Palm Pictures","Website":"http://www.sexandluciafilm.com/","Response":"True"}