{"Title":"Take Care of My Cat","Year":"2001","Rated":"N/A","Released":"13 Oct 2001","Runtime":"112 min","Genre":"Drama","Director":"Jae-eun Jeong","Writer":"Jae-eun Jeong","Actors":"Doona Bae, Yo-won Lee, Ji-young Ok, Eung-sil Lee","Plot":"In the port city of Icheon, five female friends struggle to stay close while forging a life for themselves after high school. When one of the group, upwardly-mobile Hae-ju, moves to Seoul, ...","Language":"Korean","Country":"South Korea","Awards":"9 wins & 4 nominations.","Poster":"https://ia.media-imdb.com/images/M/MV5BMTI2Mjc3MTM2NF5BMl5BanBnXkFtZTcwODUzMjYyMQ@@._V1_SX300.jpg","Ratings":[{"Source":"Internet Movie Database","Value":"7.3/10"},{"Source":"Rotten Tomatoes","Value":"81%"},{"Source":"Metacritic","Value":"69/100"}],"Metascore":"69","imdbRating":"7.3","imdbVotes":"2,071","imdbID":"tt0296658","Type":"movie","DVD":"06 Jul 2004","BoxOffice":"N/A","Production":"Kino International","Website":"http://www.kino.com/takecareofmycat","Response":"True"}