{"Title":"Bungee Jumping of Their Own","Year":"2001","Rated":"N/A","Released":"03 Feb 2001","Runtime":"107 min","Genre":"Drama, Romance","Director":"Dae-seung Kim","Writer":"Eun-nim Ko","Actors":"Byung-hun Lee, Eun-ju Lee, Hyeon-Soo Yeo, Soo-hyun Hong","Plot":"Two soulmates find each other only to be torn apart by tragedy. However, not even death can keep them apart...but can destiny?","Language":"Korean","Country":"South Korea","Awards":"1 win & 2 nominations.","Poster":"https://images-na.ssl-images-amazon.com/images/M/MV5BMGYyMWQyZGQtNDEwOC00MTVlLTkzNDQtYTg1ZmRiNjkzNDA5XkEyXkFqcGdeQXVyMjgzMDQzNDc@._V1_SX300.jpg","Ratings":[{"Source":"Internet Movie Database","Value":"7.2/10"}],"Metascore":"N/A","imdbRating":"7.2","imdbVotes":"1,007","imdbID":"tt0276818","Type":"movie","DVD":"N/A","BoxOffice":"N/A","Production":"N/A","Website":"N/A","Response":"True"}