{"Title":"The Last Supper or How Two Madmen Made a Film","Year":"2001","Rated":"R","Released":"13 Apr 2002","Runtime":"94 min","Genre":"Comedy, Romance","Director":"Vojko Anzeljc","Writer":"Vojko Anzeljc","Actors":"Aleksandra Balmazovic, Matjaz Javsnik, Drago Milinovic, Petra Bauman","Plot":"Two \"dumb-bells\", Hugo and Tincek, steal a camera from a lunatic.","Language":"Slovenian","Country":"Slovenia","Awards":"2 wins & 2 nominations.","Poster":"https://images-na.ssl-images-amazon.com/images/M/MV5BMDRjYzU5MDYtY2I2NC00OTNkLTg2ZjItMjhkM2RkZWQyODNhXkEyXkFqcGdeQXVyMTQ0MjgzODU@._V1_SX300.jpg","Ratings":[{"Source":"Internet Movie Database","Value":"7.3/10"}],"Metascore":"N/A","imdbRating":"7.3","imdbVotes":"238","imdbID":"tt0290941","Type":"movie","DVD":"N/A","BoxOffice":"N/A","Production":"N/A","Website":"N/A","Response":"True"}