{"Title":"La vida Rosa","Year":"2001","Rated":"N/A","Released":"26 Sep 2001","Runtime":"113 min","Genre":"Crime, Drama, Romance","Director":"Chito S. RoÃ±o","Writer":"Armando Lao (story)","Actors":"Rosanna Roces, Diether Ocampo, Liza Lorena, Jiro Manio","Plot":"N/A","Language":"Filipino, Tagalog","Country":"Philippines","Awards":"3 wins & 12 nominations.","Poster":"N/A","Ratings":[{"Source":"Internet Movie Database","Value":"6.9/10"}],"Metascore":"N/A","imdbRating":"6.9","imdbVotes":"13","imdbID":"tt0298207","Type":"movie","DVD":"N/A","BoxOffice":"N/A","Production":"N/A","Website":"N/A","Response":"True"}