{"Title":"Memento","Year":"2000","Rated":"R","Released":"25 May 2001","Runtime":"113 min","Genre":"Mystery, Thriller","Director":"Christopher Nolan","Writer":"Christopher Nolan (screenplay), Jonathan Nolan (short story \"Memento Mori\")","Actors":"Guy Pearce, Carrie-Anne Moss, Joe Pantoliano, Mark Boone Junior","Plot":"A man with short-term memory loss attempts to track down his wife's murderer.","Language":"English","Country":"USA","Awards":"Nominated for 2 Oscars. Another 56 wins & 55 nominations.","Poster":"https://m.media-amazon.com/images/M/MV5BZTcyNjk1MjgtOWI3Mi00YzQwLWI5MTktMzY4ZmI2NDAyNzYzXkEyXkFqcGdeQXVyNjU0OTQ0OTY@._V1_SX300.jpg","Ratings":[{"Source":"Internet Movie Database","Value":"8.5/10"},{"Source":"Rotten Tomatoes","Value":"92%"},{"Source":"Metacritic","Value":"80/100"}],"Metascore":"80","imdbRating":"8.5","imdbVotes":"997,254","imdbID":"tt0209144","Type":"movie","DVD":"04 Sep 2001","BoxOffice":"$23,844,220","Production":"Newmarket Films","Website":"http://www.otnemem.com","Response":"True"}