{"Title":"Love Life","Year":"2002","Rated":"N/A","Released":"04 Jun 2002","Runtime":"95 min","Genre":"Comedy, Romance","Director":"Ray Brady","Writer":"Des Brady, Ray Brady","Actors":"Des Brady, Galit Hershkovitz, Luke Goss, Aiden Shaw","Plot":"When a one-night stand results in pregnancy, Scott has to embark on a personal quest to convince Allison to give him a second chance.","Language":"N/A","Country":"UK","Awards":"N/A","Poster":"http://ia.media-imdb.com/images/M/MV5BMTYwNjYxNjUyMF5BMl5BanBnXkFtZTcwNjQwOTQyMQ@@._V1_SX300.jpg","Ratings":[{"Source":"Internet Movie Database","Value":"7.4/10"}],"Metascore":"N/A","imdbRating":"7.4","imdbVotes":"197","imdbID":"tt0253016","Type":"movie","DVD":"N/A","BoxOffice":"N/A","Production":"N/A","Website":"N/A","Response":"True"}