{"Title":"Glass Tiger","Year":"2001","Rated":"N/A","Released":"18 Oct 2001","Runtime":"100 min","Genre":"Comedy","Director":"IvÃ¡n KapitÃ¡ny, PÃ©ter Rudolf","Writer":"GÃ¡bor OlivÃ©r Buss, Hilda HÃ¡rsing, IvÃ¡n KapitÃ¡ny, PÃ©ter Rudolf","Actors":"PÃ©ter Rudolf, GÃ¡bor Reviczky, Imre Csuja, SÃ¡ndor GÃ¡spÃ¡r","Plot":"This film tells the story of a few uneventful days in the life of six pals. Lali, a great fan of America, owns a sandwich stand on the side of the road, called The Glass Tiger. Gaben ...","Language":"Hungarian","Country":"Hungary","Awards":"N/A","Poster":"https://images-na.ssl-images-amazon.com/images/M/MV5BYzg0MmI3NjUtZjZkYy00MmJmLTljMTItZGVjN2VkMGFhMDg3XkEyXkFqcGdeQXVyMzc1MDUyOTY@._V1_SX300.jpg","Ratings":[{"Source":"Internet Movie Database","Value":"7.8/10"}],"Metascore":"N/A","imdbRating":"7.8","imdbVotes":"4,976","imdbID":"tt0257290","Type":"movie","DVD":"N/A","BoxOffice":"N/A","Production":"N/A","Website":"N/A","Response":"True"}