{"Title":"Mostly Martha","Year":"2001","Rated":"PG","Released":"27 Sep 2002","Runtime":"109 min","Genre":"Comedy, Romance, Drama","Director":"Sandra Nettelbeck","Writer":"Sandra Nettelbeck","Actors":"Martina Gedeck, Maxime Foerste, Sergio Castellitto, August Zirner","Plot":"When a headstrong chef takes charge of her equally stubborn 8-year-old niece, the tensions between them mount... until an Italian sous-chef arrives to lighten the mood.","Language":"German, Italian","Country":"Germany, Italy, Austria, Switzerland","Awards":"14 wins & 7 nominations.","Poster":"https://m.media-amazon.com/images/M/MV5BNTYyNzIxMTAyNl5BMl5BanBnXkFtZTYwNzQzMjg2._V1_SX300.jpg","Ratings":[{"Source":"Internet Movie Database","Value":"7.3/10"},{"Source":"Rotten Tomatoes","Value":"92%"},{"Source":"Metacritic","Value":"72/100"}],"Metascore":"72","imdbRating":"7.3","imdbVotes":"7,303","imdbID":"tt0246772","Type":"movie","DVD":"18 Feb 2003","BoxOffice":"$4,041,973","Production":"Paramount Classics","Website":"http://www.paramountclassics.com/martha/","Response":"True"}