{"Title":"Finnlandia","Year":"2001","Rated":"N/A","Released":"01 Jan 2001","Runtime":"118 min","Genre":"Drama","Director":"Eleni Ampelakiotou, Gregor Schnitzler","Writer":"Eleni Ampelakiotou, Karl-Heinz Zubrod","Actors":"Caroline Baehr, Marc Hosemann, Erdal Yildiz, Gabriela Benesch","Plot":"After the tragic loss of her husband, a young woman reconstructs the circumstances which caused his death. During this attempt to find her own way in daily life again, more and more ...","Language":"German","Country":"Germany","Awards":"1 nomination.","Poster":"N/A","Ratings":[{"Source":"Internet Movie Database","Value":"7.3/10"}],"Metascore":"N/A","imdbRating":"7.3","imdbVotes":"27","imdbID":"tt0276134","Type":"movie","DVD":"N/A","BoxOffice":"N/A","Production":"N/A","Website":"N/A","Response":"True"}