{"Title":"The Moonhunter","Year":"2001","Rated":"N/A","Released":"18 May 2002","Runtime":"107 min","Genre":"Drama, War","Director":"Bhandit Rittakol","Writer":"Seksan Prasertkul (screenplay), Bhandit Rittakol (screenplay)","Actors":"Punu Suwanno, Pimpan Chanta, Kriangkrai Fookasem, Supalak Chaowayuth","Plot":"The Moonhunter tells a true story of two young Thai revolutionaries. Seksan Prasertkul, a fearless student leader, who, in October 1973, commanded the biggest mass demonstration in modern ...","Language":"Thai","Country":"Thailand","Awards":"N/A","Poster":"https://images-na.ssl-images-amazon.com/images/M/MV5BZjM5OWE2ZDYtNDQ5OC00MWU0LTkzYWUtMmFjYjdjMzI5OTJmXkEyXkFqcGdeQXVyNTM3MDMyMDQ@._V1_SX300.jpg","Ratings":[{"Source":"Internet Movie Database","Value":"7.2/10"}],"Metascore":"N/A","imdbRating":"7.2","imdbVotes":"61","imdbID":"tt0295145","Type":"movie","DVD":"N/A","BoxOffice":"N/A","Production":"N/A","Website":"N/A","Response":"True"}