{"Title":"The Miroslav Holdinc Co.","Year":"2001","Rated":"N/A","Released":"26 Apr 2001","Runtime":"102 min","Genre":"Comedy","Director":"Tomislav Radic","Writer":"Tomislav Radic, Ognjen Svilicic","Actors":"Igor Mesin, Dubravka Ostojic, Mirta Zecevic, Drasko Zidar","Plot":"N/A","Language":"Croatian","Country":"Croatia","Awards":"N/A","Poster":"N/A","Ratings":[{"Source":"Internet Movie Database","Value":"6.8/10"}],"Metascore":"N/A","imdbRating":"6.8","imdbVotes":"57","imdbID":"tt0299995","Type":"movie","DVD":"N/A","BoxOffice":"N/A","Production":"N/A","Website":"N/A","Response":"True"}