{"Title":"Monster's Ball","Year":"2001","Rated":"R","Released":"01 Mar 2002","Runtime":"111 min","Genre":"Drama, Romance","Director":"Marc Forster","Writer":"Milo Addica, Will Rokos","Actors":"Billy Bob Thornton, Taylor Simpson, Gabrielle Witcher, Heath Ledger","Plot":"After a family tragedy, a racist prison guard reexamines his attitudes while falling in love with the African American wife of the last prisoner he executed.","Language":"English","Country":"USA","Awards":"Won 1 Oscar. Another 14 wins & 22 nominations.","Poster":"https://m.media-amazon.com/images/M/MV5BNTkyMzk3NTYtY2FiYy00MWIwLWIyYzctODIzNzVlOGQxZmYwXkEyXkFqcGdeQXVyMTQxNzMzNDI@._V1_SX300.jpg","Ratings":[{"Source":"Internet Movie Database","Value":"7.1/10"},{"Source":"Rotten Tomatoes","Value":"85%"},{"Source":"Metacritic","Value":"69/100"}],"Metascore":"69","imdbRating":"7.1","imdbVotes":"77,391","imdbID":"tt0285742","Type":"movie","DVD":"11 Jun 2002","BoxOffice":"$31,252,964","Production":"Lions Gate Films Inc.","Website":"http://www.monstersballthefilm.com","Response":"True"}