{"Title":"The Believer","Year":"2001","Rated":"R","Released":"23 Aug 2001","Runtime":"98 min","Genre":"Drama","Director":"Henry Bean","Writer":"Henry Bean (screenplay), Henry Bean (story), Mark Jacobson (story)","Actors":"Ryan Gosling, Peter Meadows, Garret Dillahunt, Kris Eivers","Plot":"A young Jewish man develops a fiercely anti-Semitic philosophy. Based on the factual story of a K.K.K. member in the 1960s who was revealed to be Jewish by a New York Times reporter.","Language":"English, Hebrew","Country":"USA","Awards":"6 wins & 10 nominations.","Poster":"https://m.media-amazon.com/images/M/MV5BYTg5NjRlY2EtOGE5ZC00NzlmLTg1Y2ItMTMyMTBkYjIyZDVmXkEyXkFqcGdeQXVyMTQ4NDY5OTc@._V1_SX300.jpg","Ratings":[{"Source":"Internet Movie Database","Value":"7.2/10"},{"Source":"Rotten Tomatoes","Value":"83%"},{"Source":"Metacritic","Value":"75/100"}],"Metascore":"75","imdbRating":"7.2","imdbVotes":"33,817","imdbID":"tt0247199","Type":"movie","DVD":"22 Apr 2003","BoxOffice":"N/A","Production":"IDP Distribution","Website":"http://www.believermovie.com","Response":"True"}