{"Title":"Werckmeister Harmonies","Year":"2000","Rated":"N/A","Released":"01 Feb 2001","Runtime":"145 min","Genre":"Drama, Mystery","Director":"BÃ©la Tarr, Ãgnes Hranitzky(co-director)","Writer":"LÃ¡szlÃ³ Krasznahorkai (novel), LÃ¡szlÃ³ Krasznahorkai (screenplay), BÃ©la Tarr (screenplay), PÃ©ter Dobai (additional dialogue), Gyuri DÃ³sa Kiss (additional dialogue), GyÃ¶rgy FehÃ©r (additional dialogue)","Actors":"Lars Rudolph, Peter Fitz, Hanna Schygulla, JÃ¡nos Derzsi","Plot":"An innocent young man witnesses violence break out after an isolated village is inflamed by the arrival of a circus and its peculiar attractions: a giant whale and a mysterious man named \"The Prince.\"","Language":"Hungarian, Slovak","Country":"Hungary, Italy, Germany, France","Awards":"5 wins & 2 nominations.","Poster":"https://ia.media-imdb.com/images/M/MV5BNTRhMDQ0ODQtMTkxMi00NDgwLTg3YWQtNzk2OTY3ZmFlMzU1XkEyXkFqcGdeQXVyMjU0MjU2MjI@._V1_SX300.jpg","Ratings":[{"Source":"Internet Movie Database","Value":"8.3/10"},{"Source":"Rotten Tomatoes","Value":"97%"},{"Source":"Metacritic","Value":"92/100"}],"Metascore":"92","imdbRating":"8.3","imdbVotes":"10,214","imdbID":"tt0249241","Type":"movie","DVD":"28 Feb 2006","BoxOffice":"N/A","Production":"Menemsha","Website":"N/A","Response":"True"}