{"Title":"Monsoon Wedding","Year":"2001","Rated":"R","Released":"26 Apr 2002","Runtime":"114 min","Genre":"Comedy, Drama, Romance","Director":"Mira Nair","Writer":"Sabrina Dhawan","Actors":"Naseeruddin Shah, Lillete Dubey, Shefali Shah, Vijay Raaz","Plot":"A stressed father, a bride-to-be with a secret, a smitten event planner, and relatives from around the world create much ado about the preparations for an arranged marriage in India.","Language":"Hindi, English","Country":"India, USA, Italy, Germany, France, UK","Awards":"Nominated for 1 Golden Globe. Another 7 wins & 11 nominations.","Poster":"https://images-na.ssl-images-amazon.com/images/M/MV5BZWMzMDJhMjgtZjk2NS00ZDM4LThmOGMtOTQzYWU3N2Y4Y2M2XkEyXkFqcGdeQXVyNjQ2MjQ5NzM@._V1_SX300.jpg","Ratings":[{"Source":"Internet Movie Database","Value":"7.4/10"},{"Source":"Rotten Tomatoes","Value":"95%"},{"Source":"Metacritic","Value":"77/100"}],"Metascore":"77","imdbRating":"7.4","imdbVotes":"21,219","imdbID":"tt0265343","Type":"movie","DVD":"24 Sep 2002","BoxOffice":"$14,000,000","Production":"USA Films","Website":"http://www.monsoonweddingmovie.com","Response":"True"}