{"Title":"Come Sweet Death","Year":"2000","Rated":"N/A","Released":"22 Dec 2000","Runtime":"107 min","Genre":"Comedy, Mystery, Thriller","Director":"Wolfgang Murnberger","Writer":"Wolf Haas (novel), Wolf Haas (screenplay), Josef Hader, Wolfgang Murnberger","Actors":"Josef Hader, Simon Schwarz, Barbara Rudnik, Michael SchÃ¶nborn","Plot":"Ex-detective Brenner wants to keep himself out of trouble but several murder cases and his ex-girlfriend Klara finally get him involved. But making decisions is not one his strengths.","Language":"German","Country":"Austria","Awards":"1 win & 1 nomination.","Poster":"https://images-na.ssl-images-amazon.com/images/M/MV5BNWMzZDgwMzYtYzUzNS00YTkxLTgxNDAtNjRkZjBkMmRlZTgyXkEyXkFqcGdeQXVyMTQ2MjQyNDc@._V1_SX300.jpg","Ratings":[{"Source":"Internet Movie Database","Value":"7.8/10"}],"Metascore":"N/A","imdbRating":"7.8","imdbVotes":"2,757","imdbID":"tt0271029","Type":"movie","DVD":"N/A","BoxOffice":"N/A","Production":"N/A","Website":"N/A","Response":"True"}