{"Title":"V avguste 44-go","Year":"2001","Rated":"N/A","Released":"04 May 2001","Runtime":"109 min","Genre":"Action, Mystery, Drama, Thriller, War","Director":"Mikhail Ptashuk","Writer":"N/A","Actors":"Evgeniy Mironov, Vladislav Galkin, Yuri Kolokolnikov, Aleksey Petrenko","Plot":"The movie is set in Belarus, where a team of counter-intelligence officers is given only three days to find a German radio operator posing as a Soviet soldier, behind soviet lines, on the ...","Language":"Russian, Polish","Country":"Russia, Belarus","Awards":"2 wins & 6 nominations.","Poster":"https://m.media-amazon.com/images/M/MV5BZmZlMGYxMTAtNDhhMi00ODBkLWI2YmItYTQ5YzA4NGUzNzlhXkEyXkFqcGdeQXVyNjUzNjIyNDU@._V1_SX300.jpg","Ratings":[{"Source":"Internet Movie Database","Value":"7.6/10"}],"Metascore":"N/A","imdbRating":"7.6","imdbVotes":"1,091","imdbID":"tt0284595","Type":"movie","DVD":"N/A","BoxOffice":"N/A","Production":"N/A","Website":"N/A","Response":"True"}