{"Title":"Vengeance","Year":"2001","Rated":"R","Released":"29 Jul 2001","Runtime":"144 min","Genre":"Action, Crime, Drama","Director":"Brian Belefant","Writer":"Brian Belefant","Actors":"Jim Calloway, Kiko Kiko","Plot":"A man has an ulterior motive for enduring acupuncture - to get revenge on a voodoo doll.","Language":"English","Country":"USA","Awards":"N/A","Poster":"N/A","Ratings":[{"Source":"Internet Movie Database","Value":"8.1/10"}],"Metascore":"N/A","imdbRating":"8.1","imdbVotes":"19","imdbID":"tt0288865","Type":"movie","DVD":"N/A","BoxOffice":"N/A","Production":"N/A","Website":"N/A","Response":"True"}