{"Title":"Adaptation.","Year":"2002","Rated":"R","Released":"14 Feb 2003","Runtime":"115 min","Genre":"Comedy, Drama","Director":"Spike Jonze","Writer":"Susan Orlean (book), Charlie Kaufman (screenplay)","Actors":"Nicolas Cage, Tilda Swinton, Meryl Streep, Chris Cooper","Plot":"A lovelorn screenwriter becomes desperate as he tries and fails to adapt 'The Orchid Thief' by Susan Orlean for the screen.","Language":"English, Latin","Country":"USA","Awards":"Won 1 Oscar. Another 64 wins & 100 nominations.","Poster":"https://m.media-amazon.com/images/M/MV5BZjIwZWU0ZDItNzBlNS00MDIwLWFlZjctZTJjODdjZWYxNzczL2ltYWdlXkEyXkFqcGdeQXVyMTMxODk2OTU@._V1_SX300.jpg","Ratings":[{"Source":"Internet Movie Database","Value":"7.7/10"},{"Source":"Rotten Tomatoes","Value":"91%"},{"Source":"Metacritic","Value":"83/100"}],"Metascore":"83","imdbRating":"7.7","imdbVotes":"161,514","imdbID":"tt0268126","Type":"movie","DVD":"20 May 2003","BoxOffice":"$22,184,735","Production":"Columbia Pictures","Website":"http://www.sonypictures.com/movies/adaptation","Response":"True"}