{"Title":"Thenali","Year":"2000","Rated":"N/A","Released":"27 Oct 2000","Runtime":"164 min","Genre":"Comedy, Drama","Director":"K.S. Ravikumar","Writer":"Crazy Mohan, Ramakrishna (dialogue), K.S. Ravikumar (story)","Actors":"Kamal Haasan, Jayaram, Jyothika, Devayani","Plot":"A neurotic Sri Lankan patient crashes his psychotherapist's family vacation in Kodaikanal.","Language":"Tamil, Telugu","Country":"India","Awards":"1 win.","Poster":"https://images-na.ssl-images-amazon.com/images/M/MV5BMDQzZjFmY2EtNzNhYy00ODlkLTk4YzgtZjFhMDI5ZDMyMTg3XkEyXkFqcGdeQXVyNjMxNjI4MzI@._V1_SX300.jpg","Ratings":[{"Source":"Internet Movie Database","Value":"7.5/10"}],"Metascore":"N/A","imdbRating":"7.5","imdbVotes":"1,527","imdbID":"tt0262037","Type":"movie","DVD":"N/A","BoxOffice":"N/A","Production":"N/A","Website":"N/A","Response":"True"}