{"Title":"The White Sound","Year":"2001","Rated":"N/A","Released":"31 Jan 2002","Runtime":"109 min","Genre":"Drama","Director":"Hans Weingartner, Tobias Amann(co-director)","Writer":"Hans Weingartner, Tobias Amann, Matthias Schellenberg, Katrin Blum","Actors":"Daniel BrÃ¼hl, Anabelle Lachatte, Patrick Joswig, Karl Danguillier","Plot":"Kati, Jochen and Lukas take a trip on magic mushrooms. Lukas is not coming back.","Language":"German","Country":"Germany","Awards":"6 wins & 5 nominations.","Poster":"https://images-na.ssl-images-amazon.com/images/M/MV5BMTg5NDc4ODg3N15BMl5BanBnXkFtZTcwODQ2MzgxMQ@@._V1_SX300.jpg","Ratings":[{"Source":"Internet Movie Database","Value":"7.2/10"}],"Metascore":"N/A","imdbRating":"7.2","imdbVotes":"2,865","imdbID":"tt0276617","Type":"movie","DVD":"N/A","BoxOffice":"N/A","Production":"N/A","Website":"N/A","Response":"True"}