{"Title":"The Socratic Method","Year":"2001","Rated":"TV-MA","Released":"N/A","Runtime":"104 min","Genre":"Comedy, Romance","Director":"George Hunlock","Writer":"George Hunlock","Actors":"David Rees, Josh Renfree, Martita Meier, Erica Shaffer","Plot":"Set in a fictional law school and written by a California attorney, the independent comedy feature The Socratic Method follows the exploits of three first-year law students as they stagger ...","Language":"English","Country":"USA","Awards":"N/A","Poster":"http://ia.media-imdb.com/images/M/MV5BMTEzNDA4MTE1MDheQTJeQWpwZ15BbWU4MDM4MzU4MDMx._V1_SX300.jpg","Ratings":[{"Source":"Internet Movie Database","Value":"7.4/10"}],"Metascore":"N/A","imdbRating":"7.4","imdbVotes":"34","imdbID":"tt0265773","Type":"movie","DVD":"N/A","BoxOffice":"N/A","Production":"N/A","Website":"N/A","Response":"True"}