{"Title":"Koi... Mil Gaya","Year":"2003","Rated":"TV-14","Released":"08 Aug 2003","Runtime":"171 min","Genre":"Action, Drama, Romance, Sci-Fi","Director":"Rakesh Roshan","Writer":"Rakesh Roshan (story), Rakesh Roshan (screenplay), Honey Irani (screenplay), Sachin Bhowmick (screenplay), Robin Bhatt (screenplay), Javed Siddiqui (dialogue)","Actors":"Rekha, Hrithik Roshan, Preity Zinta, Rakesh Roshan","Plot":"A developmentally disabled young man tries to continue the work his father did in communicating with extra-terrestrials from outer space, which leads to something miraculous and wonderful.","Language":"Hindi, English","Country":"India","Awards":"25 wins & 32 nominations.","Poster":"https://m.media-amazon.com/images/M/MV5BOGM4ZjFkZjktMTEwMS00NWNmLWI1NTAtYTAwYWNhNzAxMjA2XkEyXkFqcGdeQXVyODE5NzE3OTE@._V1_SX300.jpg","Ratings":[{"Source":"Internet Movie Database","Value":"7.1/10"},{"Source":"Rotten Tomatoes","Value":"75%"}],"Metascore":"N/A","imdbRating":"7.1","imdbVotes":"18,190","imdbID":"tt0254481","Type":"movie","DVD":"09 Dec 2003","BoxOffice":"$274,851","Production":"Yash Raj Films","Website":"http://www.koimilgayathefilm.com","Response":"True"}