{"Title":"Solitude","Year":"2002","Rated":"N/A","Released":"11 Nov 2002","Runtime":"99 min","Genre":"Drama","Director":"Susan Kraker, Pi Ware","Writer":"Susan Kraker, Pi Ware","Actors":"Patrick Belton, Mary Thornton, Jaraneh Nova","Plot":"Soledad is an artist who has with drawn from society by moving into the desert. She lives a life alone seemingly immersed in noticing and painting the beauty that shes sees. Somewhere ...","Language":"English","Country":"USA","Awards":"1 win.","Poster":"https://images-na.ssl-images-amazon.com/images/M/MV5BNzk4MTUxMjUyM15BMl5BanBnXkFtZTcwMDMxODcyMQ@@._V1_SX300.jpg","Ratings":[{"Source":"Internet Movie Database","Value":"7.2/10"},{"Source":"Rotten Tomatoes","Value":"67%"},{"Source":"Metacritic","Value":"46/100"}],"Metascore":"46","imdbRating":"7.2","imdbVotes":"92","imdbID":"tt0292243","Type":"movie","DVD":"28 Feb 2006","BoxOffice":"N/A","Production":"Indican","Website":"http://www.solitudethemovie.com/","Response":"True"}