{"Title":"P.O.V","Year":"2001","Rated":"Unrated","Released":"13 Aug 2002","Runtime":"107 min","Genre":"Horror, Thriller","Director":"Michael James Baker, Brian McKechnie","Writer":"Michael James Baker","Actors":"Katharine Jane Reid, Graeme Anning, Natalie Bartello, Jason Sharman","Plot":"Six very different people with drastically different perspectives pass the time discussing sex, violence, and one very uptight friend.","Language":"English","Country":"Canada","Awards":"1 win.","Poster":"N/A","Ratings":[{"Source":"Internet Movie Database","Value":"6.7/10"}],"Metascore":"N/A","imdbRating":"6.7","imdbVotes":"15","imdbID":"tt0291407","Type":"movie","DVD":"N/A","BoxOffice":"N/A","Production":"N/A","Website":"http://www3.sympatico.ca/ateljevic/POV/index.htm","Response":"True"}