{"Title":"Migratory Bird","Year":"2001","Rated":"N/A","Released":"14 Jul 2001","Runtime":"N/A","Genre":"Comedy, Romance","Director":"Yah-Ming Ding","Writer":"Hui-Ling Wang","Actors":"Rene Liu, Pin-Yuan Huang, Ya-Lei Kuei, Hua Yueh","Plot":"N/A","Language":"English, Mandarin","Country":"Taiwan","Awards":"N/A","Poster":"http://ia.media-imdb.com/images/M/MV5BMzkxMzA4MzEzOV5BMl5BanBnXkFtZTcwOTIxMjQzMQ@@._V1_SX300.jpg","Ratings":[{"Source":"Internet Movie Database","Value":"7.4/10"}],"Metascore":"N/A","imdbRating":"7.4","imdbVotes":"52","imdbID":"tt0259354","Type":"movie","DVD":"15 Nov 2005","BoxOffice":"N/A","Production":"N/A","Website":"N/A","Response":"True"}