{"Title":"Bad Education","Year":"2004","Rated":"NC-17","Released":"11 Feb 2005","Runtime":"106 min","Genre":"Crime, Drama","Director":"Pedro AlmodÃ³var","Writer":"Pedro AlmodÃ³var","Actors":"Gael GarcÃ­a Bernal, Fele MartÃ­nez, Daniel GimÃ©nez Cacho, LluÃ­s Homar","Plot":"An examination on the effect of Franco-era religious schooling and sexual abuse on the lives of two longtime friends.","Language":"Spanish, Latin","Country":"Spain","Awards":"Nominated for 1 BAFTA Film Award. Another 16 wins & 39 nominations.","Poster":"https://m.media-amazon.com/images/M/MV5BMmFjNWU1YjMtOWVhZC00OGI4LTgwN2UtNDQ1ODMxZGZmZTFmXkEyXkFqcGdeQXVyMTA0MjU0Ng@@._V1_SX300.jpg","Ratings":[{"Source":"Internet Movie Database","Value":"7.5/10"},{"Source":"Rotten Tomatoes","Value":"87%"},{"Source":"Metacritic","Value":"81/100"}],"Metascore":"81","imdbRating":"7.5","imdbVotes":"50,217","imdbID":"tt0275491","Type":"movie","DVD":"12 Apr 2005","BoxOffice":"$4,977,869","Production":"Sony Pictures Classics","Website":"http://www.lamalaeducacion.com/","Response":"True"}