{"Title":"The Quiet American","Year":"2002","Rated":"R","Released":"07 Mar 2003","Runtime":"101 min","Genre":"Drama, Mystery, Romance, Thriller, War","Director":"Phillip Noyce","Writer":"Graham Greene (novel), Christopher Hampton (screenplay), Robert Schenkkan (screenplay)","Actors":"Michael Caine, Brendan Fraser, Thi Hai Yen Do, Rade Serbedzija","Plot":"An older British reporter vies with a young U.S. doctor for the affections of a beautiful Vietnamese woman.","Language":"English, French, Vietnamese","Country":"UK, Germany, USA, Vietnam, Australia, France, Canada","Awards":"Nominated for 1 Oscar. Another 13 wins & 13 nominations.","Poster":"https://m.media-amazon.com/images/M/MV5BMjE2NTUxNTE3Nl5BMl5BanBnXkFtZTYwNTczMTg5._V1_SX300.jpg","Ratings":[{"Source":"Internet Movie Database","Value":"7.1/10"},{"Source":"Rotten Tomatoes","Value":"86%"},{"Source":"Metacritic","Value":"84/100"}],"Metascore":"84","imdbRating":"7.1","imdbVotes":"25,674","imdbID":"tt0258068","Type":"movie","DVD":"29 Jul 2003","BoxOffice":"N/A","Production":"Miramax Films","Website":"http://www.miramax.com/quietamerican/index.html","Response":"True"}