{"Title":"What Time Is It There?","Year":"2001","Rated":"NOT RATED","Released":"26 Sep 2001","Runtime":"116 min","Genre":"Drama, Romance","Director":"Ming-liang Tsai","Writer":"Ming-liang Tsai, Pi-ying Yang","Actors":"Kang-sheng Lee, Shiang-chyi Chen, Yi-Ching Lu, Tien Miao","Plot":"A watch salesman meets a young woman soon leaving for Paris and becomes infatuated, so he begins to change all the clocks in Taipei to Paris time.","Language":"Mandarin, French, Min Nan, English","Country":"Taiwan, France","Awards":"11 wins & 8 nominations.","Poster":"https://m.media-amazon.com/images/M/MV5BNTMzNDIzNjYyOF5BMl5BanBnXkFtZTcwODE4OTQyMQ@@._V1_SX300.jpg","Ratings":[{"Source":"Internet Movie Database","Value":"7.3/10"},{"Source":"Rotten Tomatoes","Value":"84%"},{"Source":"Metacritic","Value":"79/100"}],"Metascore":"79","imdbRating":"7.3","imdbVotes":"3,994","imdbID":"tt0269746","Type":"movie","DVD":"20 Aug 2002","BoxOffice":"N/A","Production":"Winstar Cinemas","Website":"N/A","Response":"True"}