{"Title":"Failan","Year":"2001","Rated":"NOT RATED","Released":"28 Apr 2001","Runtime":"115 min","Genre":"Drama, Romance","Director":"Hae-sung Song, Hae-sung Song","Writer":"JirÃ´ Asada (novel), Hae-sung Song","Actors":"Min-sik Choi, Cecilia Cheung, Dae-Hoon Jeong, Hyeong-jin Kong","Plot":"Kangjae, a small time gangster receive a news that his wife Failan is dead. Failan, his wife who he never met.","Language":"Korean, Cantonese, Mandarin","Country":"South Korea","Awards":"9 wins.","Poster":"https://images-na.ssl-images-amazon.com/images/M/MV5BMTc5NzM2MDY5MF5BMl5BanBnXkFtZTcwMTMxNDgxMQ@@._V1_SX300.jpg","Ratings":[{"Source":"Internet Movie Database","Value":"7.7/10"}],"Metascore":"N/A","imdbRating":"7.7","imdbVotes":"4,862","imdbID":"tt0289181","Type":"movie","DVD":"19 Mar 2003","BoxOffice":"N/A","Production":"Asian Crush","Website":"N/A","Response":"True"}