{"Title":"The Man Who Wasn't There","Year":"2001","Rated":"R","Released":"16 Nov 2001","Runtime":"116 min","Genre":"Crime, Drama","Director":"Joel Coen, Ethan Coen","Writer":"Joel Coen, Ethan Coen","Actors":"Billy Bob Thornton, Frances McDormand, Michael Badalucco, James Gandolfini","Plot":"A laconic, chain-smoking barber blackmails his wife's boss and lover for money to invest in dry cleaning, but his plan goes terribly wrong.","Language":"English, Italian, French","Country":"USA, UK","Awards":"Nominated for 1 Oscar. Another 24 wins & 41 nominations.","Poster":"https://m.media-amazon.com/images/M/MV5BYjEwMGZkYTgtMTA5Ny00OWFhLTgzMWItYjhhMWUxYTIxNDgwXkEyXkFqcGdeQXVyNTc1NTQxODI@._V1_SX300.jpg","Ratings":[{"Source":"Internet Movie Database","Value":"7.6/10"},{"Source":"Rotten Tomatoes","Value":"81%"},{"Source":"Metacritic","Value":"73/100"}],"Metascore":"73","imdbRating":"7.6","imdbVotes":"95,108","imdbID":"tt0243133","Type":"movie","DVD":"16 Apr 2002","BoxOffice":"$7,408,031","Production":"USA Films","Website":"http://www.themanwhowasntthere.com","Response":"True"}