{"Title":"I Served the King of England","Year":"2006","Rated":"R","Released":"11 Jan 2007","Runtime":"113 min","Genre":"Comedy, Drama, Romance, War","Director":"JirÃ­ Menzel","Writer":"Bohumil Hrabal (novel), JirÃ­ Menzel","Actors":"Ivan Barnev, Oldrich Kaiser, Julia Jentsch, MariÃ¡n Labuda","Plot":"A look at the glamorous life at an old-world Prague hotel.","Language":"Czech, German, French, English, Italian, Korean","Country":"Czech Republic, Slovakia","Awards":"10 wins & 12 nominations.","Poster":"https://m.media-amazon.com/images/M/MV5BMTU2NjQ5NjkzMl5BMl5BanBnXkFtZTcwOTI3NDU3MQ@@._V1_SX300.jpg","Ratings":[{"Source":"Internet Movie Database","Value":"7.4/10"},{"Source":"Rotten Tomatoes","Value":"79%"},{"Source":"Metacritic","Value":"72/100"}],"Metascore":"72","imdbRating":"7.4","imdbVotes":"6,794","imdbID":"tt0284363","Type":"movie","DVD":"17 Feb 2009","BoxOffice":"$600,000","Production":"Sony Pictures Classics","Website":"http://www.anglickykral.cz/","Response":"True"}