{"Title":"Soft Shell Man","Year":"2001","Rated":"N/A","Released":"15 Feb 2002","Runtime":"102 min","Genre":"Drama, Romance","Director":"AndrÃ© Turpin","Writer":"AndrÃ© Turpin","Actors":"David La Haye, Isabelle Blais, Emmanuel Bilodeau, Chantal Giroux","Plot":"An emotionally immature underwater photographer returns home to an affair with his best friend's deaf girlfriend and unresolved issues with the wife he left six months before.","Language":"French","Country":"Canada","Awards":"7 wins & 8 nominations.","Poster":"https://images-na.ssl-images-amazon.com/images/M/MV5BMWQ2OWUyYzAtNTM0NC00Y2UyLTliNDctN2NlZDI0MzQ3MTk0XkEyXkFqcGdeQXVyMjQzMjY4MjU@._V1_SX300.jpg","Ratings":[{"Source":"Internet Movie Database","Value":"7.2/10"},{"Source":"Rotten Tomatoes","Value":"100%"}],"Metascore":"N/A","imdbRating":"7.2","imdbVotes":"797","imdbID":"tt0284214","Type":"movie","DVD":"15 Aug 2005","BoxOffice":"N/A","Production":"N/A","Website":"N/A","Response":"True"}