{"Title":"Turning Paige","Year":"2001","Rated":"N/A","Released":"12 Apr 2002","Runtime":"109 min","Genre":"Drama","Director":"Robert Cuffley","Writer":"Robert Cuffley, Jason Long","Actors":"Nicholas Campbell, Katharine Isabelle, Philip DeWilde, Torri Higginson","Plot":"A young would-be writer is forced to confront her past upon the return of her angry, wayward brother.","Language":"English","Country":"Canada","Awards":"4 wins & 4 nominations.","Poster":"http://ia.media-imdb.com/images/M/MV5BMjE5NDEwMjE4MF5BMl5BanBnXkFtZTYwMjI5Nzc5._V1_SX300.jpg","Ratings":[{"Source":"Internet Movie Database","Value":"7.2/10"}],"Metascore":"N/A","imdbRating":"7.2","imdbVotes":"211","imdbID":"tt0281615","Type":"movie","DVD":"N/A","BoxOffice":"N/A","Production":"Chaos, a Film Company","Website":"N/A","Response":"True"}