{"Title":"Letter from the Mountain","Year":"2002","Rated":"N/A","Released":"05 Oct 2002","Runtime":"127 min","Genre":"Drama","Director":"Takashi Koizumi","Writer":"Takashi Koizumi, Keishi Nagi (novel)","Actors":"Akira Terao, Kanako Higuchi, Shoji Arano, Hisashi Igawa","Plot":"An urban Japanese couple decide to move to the country.","Language":"Japanese","Country":"Japan","Awards":"6 wins & 11 nominations.","Poster":"https://images-na.ssl-images-amazon.com/images/M/MV5BYTIxMDZiZTEtYzAzZi00Zjg1LTg4YjctMzk5NjJmM2Q4YzM4XkEyXkFqcGdeQXVyNTg5Mzk3ODU@._V1_SX300.jpg","Ratings":[{"Source":"Internet Movie Database","Value":"7.1/10"}],"Metascore":"N/A","imdbRating":"7.1","imdbVotes":"123","imdbID":"tt0283878","Type":"movie","DVD":"N/A","BoxOffice":"N/A","Production":"N/A","Website":"N/A","Response":"True"}