{"Title":"500!","Year":"2001","Rated":"N/A","Released":"24 May 2002","Runtime":"92 min","Genre":"Comedy","Director":"Giovanni Robbiano, Lorenzo Vignolo, Matteo Zingirian","Writer":"Riccardo Aprile, Andrea Bruschi, Giovanni Robbiano, Lorenzo Vignolo, Matteo Zingirian","Actors":"Andrea Bruschi, Veronica Logan, Massimo Olcese, Manuela Ungaro","Plot":"While world religious leaders gather for a top secret meeting in La Spezia, the Reverend Jones, a famous television preacher and the creator of 'Reverend Jones's Sauce', is set on replacing...","Language":"Italian","Country":"Italy","Awards":"N/A","Poster":"https://images-na.ssl-images-amazon.com/images/M/MV5BMjE2OTg5ODI4MV5BMl5BanBnXkFtZTYwNzAzOTc5._V1_SX300.jpg","Ratings":[{"Source":"Internet Movie Database","Value":"7.2/10"}],"Metascore":"N/A","imdbRating":"7.2","imdbVotes":"52","imdbID":"tt0218803","Type":"movie","DVD":"N/A","BoxOffice":"N/A","Production":"N/A","Website":"N/A","Response":"True"}