{"Title":"25 Watts","Year":"2001","Rated":"N/A","Released":"01 Jun 2001","Runtime":"92 min","Genre":"Comedy, Drama","Director":"Juan Pablo Rebella, Pablo Stoll","Writer":"Juan Pablo Rebella, Pablo Stoll","Actors":"Daniel Hendler, Jorge Temponi, Alfonso Tort, ValentÃ­n Rivero","Plot":"24 hours in the life of three street youths in Montevideo.","Language":"Spanish","Country":"Uruguay","Awards":"10 wins & 3 nominations.","Poster":"https://m.media-amazon.com/images/M/MV5BMTI2MDA1MDM0OV5BMl5BanBnXkFtZTcwNTI3OTQyMQ@@._V1_SX300.jpg","Ratings":[{"Source":"Internet Movie Database","Value":"7.2/10"}],"Metascore":"N/A","imdbRating":"7.2","imdbVotes":"1,378","imdbID":"tt0280381","Type":"movie","DVD":"16 Mar 2004","BoxOffice":"N/A","Production":"Ctrl Z Films","Website":"N/A","Response":"True"}