{"Title":"AmÃ©lia","Year":"2001","Rated":"N/A","Released":"30 Nov 2002","Runtime":"130 min","Genre":"Comedy, Drama","Director":"Ana Carolina","Writer":"Ana Carolina, JosÃ© AntÃ´nio Pinheiro","Actors":"MarÃ­lia PÃªra, BÃ©atrice Agenin, Camila Amado, Pedro Bismark","Plot":"Fictional story based on Sarah Bernhard's visit to Brazil in 1905. The actress, experiencing a personal and professional crisis at the time, is induced by her personal Brazilian maid, ...","Language":"Portuguese","Country":"Brazil","Awards":"1 win & 3 nominations.","Poster":"https://images-na.ssl-images-amazon.com/images/M/MV5BZTExZTFlZDgtZDM0ZS00NTdiLWE2NzktMjRkNmFjZjBhOTEyXkEyXkFqcGdeQXVyMTkzODUwNzk@._V1_SX300.jpg","Ratings":[{"Source":"Internet Movie Database","Value":"7.1/10"}],"Metascore":"N/A","imdbRating":"7.1","imdbVotes":"165","imdbID":"tt0258413","Type":"movie","DVD":"N/A","BoxOffice":"N/A","Production":"N/A","Website":"N/A","Response":"True"}