{"Title":"Silent Storm","Year":"2001","Rated":"N/A","Released":"01 Jan 2001","Runtime":"93 min","Genre":"Drama","Director":"Tomasz Thomson","Writer":"Tomasz Thomson","Actors":"Jana Thies, Brigitte Hobmeier, Marcus Born, Christoph Bach","Plot":"N/A","Language":"German","Country":"Germany","Awards":"1 win & 1 nomination.","Poster":"N/A","Ratings":[{"Source":"Internet Movie Database","Value":"7.2/10"}],"Metascore":"N/A","imdbRating":"7.2","imdbVotes":"77","imdbID":"tt0276529","Type":"movie","DVD":"N/A","BoxOffice":"N/A","Production":"N/A","Website":"N/A","Response":"True"}