{"Title":"The Son","Year":"2002","Rated":"N/A","Released":"09 Oct 2002","Runtime":"99 min","Genre":"Drama, Mystery","Director":"Jean-Pierre Dardenne, Luc Dardenne","Writer":"Jean-Pierre Dardenne, Luc Dardenne","Actors":"Olivier Gourmet, Morgan Marinne, Isabella Soupart, Nassim HassaÃ¯ni","Plot":"A joinery instructor at a rehab center refuses to take a new teen as his apprentice, but then begins to follow the boy through the hallways and streets.","Language":"French","Country":"Belgium, France","Awards":"10 wins & 12 nominations.","Poster":"https://m.media-amazon.com/images/M/MV5BMTI3NzkzOTQ0NF5BMl5BanBnXkFtZTcwNDg2MjUyMQ@@._V1_SX300.jpg","Ratings":[{"Source":"Internet Movie Database","Value":"7.7/10"},{"Source":"Rotten Tomatoes","Value":"88%"},{"Source":"Metacritic","Value":"86/100"}],"Metascore":"86","imdbRating":"7.7","imdbVotes":"8,034","imdbID":"tt0291172","Type":"movie","DVD":"25 May 2004","BoxOffice":"N/A","Production":"New Yorker Films","Website":"N/A","Response":"True"}