{"Title":"Dark Blue World","Year":"2001","Rated":"R","Released":"17 May 2001","Runtime":"112 min","Genre":"War, Drama, Action","Director":"Jan SverÃ¡k","Writer":"Zdenek SverÃ¡k (story), Zdenek SverÃ¡k (screenplay)","Actors":"Ondrej VetchÃ½, Krystof HÃ¡dek, Tara Fitzgerald, Charles Dance","Plot":"The friendship of two men becomes tested when they both fall for the same woman.","Language":"Czech, German, English, Slovak","Country":"Czech Republic, UK, Germany, Denmark, Italy, France","Awards":"8 wins & 7 nominations.","Poster":"https://images-na.ssl-images-amazon.com/images/M/MV5BODk0YjZlYjgtNTM2Mi00YzM0LTkzMTItOGI5YjYzZTg2Zjk3L2ltYWdlXkEyXkFqcGdeQXVyNjQzNDI3NzY@._V1_SX300.jpg","Ratings":[{"Source":"Internet Movie Database","Value":"7.3/10"},{"Source":"Rotten Tomatoes","Value":"62%"},{"Source":"Metacritic","Value":"56/100"}],"Metascore":"56","imdbRating":"7.3","imdbVotes":"4,954","imdbID":"tt0244479","Type":"movie","DVD":"28 May 2002","BoxOffice":"N/A","Production":"Sony Pictures Classics","Website":"http://www.sonyclassics.com/darkblueworld","Response":"True"}