{"Title":"Lola, Come Here","Year":"2002","Rated":"N/A","Released":"26 Apr 2002","Runtime":"93 min","Genre":"Drama","Director":"LlorenÃ§ Soler","Writer":"Pep Albanell, LlorenÃ§ Soler","Actors":"Cristina Brondo, Miguel MartÃ­n Angulo, Carmen MuÃ±oz, Francisca Perona","Plot":"N/A","Language":"Spanish","Country":"Spain","Awards":"2 wins & 1 nomination.","Poster":"http://ia.media-imdb.com/images/M/MV5BMTIwNTA4OTg3OV5BMl5BanBnXkFtZTcwMzA0NDMzMQ@@._V1_SX300.jpg","Ratings":[{"Source":"Internet Movie Database","Value":"7.1/10"}],"Metascore":"N/A","imdbRating":"7.1","imdbVotes":"26","imdbID":"tt0290729","Type":"movie","DVD":"N/A","BoxOffice":"N/A","Production":"N/A","Website":"N/A","Response":"True"}