{"Title":"The Butterfly Effect","Year":"2004","Rated":"R","Released":"23 Jan 2004","Runtime":"113 min","Genre":"Sci-Fi, Thriller","Director":"Eric Bress, J. Mackye Gruber","Writer":"J. Mackye Gruber, Eric Bress","Actors":"Ashton Kutcher, Melora Walters, Amy Smart, Elden Henson","Plot":"Evan Treborn suffers blackouts during significant events of his life. As he grows up, he finds a way to remember these lost memories and a supernatural way to alter his life by reading his journal.","Language":"English","Country":"USA, Canada","Awards":"1 win & 8 nominations.","Poster":"https://m.media-amazon.com/images/M/MV5BODNiZmY2MWUtMjFhMy00ZmM2LTg2MjYtNWY1OTY5NGU2MjdjL2ltYWdlXkEyXkFqcGdeQXVyNTAyODkwOQ@@._V1_SX300.jpg","Ratings":[{"Source":"Internet Movie Database","Value":"7.7/10"},{"Source":"Rotten Tomatoes","Value":"33%"},{"Source":"Metacritic","Value":"30/100"}],"Metascore":"30","imdbRating":"7.7","imdbVotes":"408,985","imdbID":"tt0289879","Type":"movie","DVD":"20 Jul 2007","BoxOffice":"$57,200,000","Production":"New Line Cinema","Website":"http://www.butterflyeffectmovie.com/","Response":"True"}