{"Title":"An American Reunion","Year":"2003","Rated":"N/A","Released":"N/A","Runtime":"93 min","Genre":"Comedy, Drama, Romance","Director":"Jim Fitzpatrick","Writer":"Jim Fitzpatrick (screenplay), Jim Fitzpatrick (story and play)","Actors":"Jim Fitzpatrick, Jodi Knotts, Corbin Timbrook, John Bradley","Plot":"The reality of life slams into the proverbial wall when a group of necessitous best friends and ex-lovers are reunited at a milestone reunion, igniting an already passionate and combustible past.","Language":"N/A","Country":"USA","Awards":"N/A","Poster":"https://ia.media-imdb.com/images/M/MV5BMTYwNDU3MDEwMF5BMl5BanBnXkFtZTcwMzI4MjAzMQ@@._V1_SX300.jpg","Ratings":[{"Source":"Internet Movie Database","Value":"7.4/10"}],"Metascore":"N/A","imdbRating":"7.4","imdbVotes":"1,982","imdbID":"tt0252052","Type":"movie","DVD":"N/A","BoxOffice":"N/A","Production":"N/A","Website":"N/A","Response":"True"}