{"Title":"Friend","Year":"2001","Rated":"N/A","Released":"31 Mar 2001","Runtime":"113 min","Genre":"Action, Crime, Drama","Director":"Kyung-taek Kwak","Writer":"Kyung-taek Kwak","Actors":"Oh-seong Yu, Dong-Gun Jang, Tae-hwa Seo, Un-taek Jeong","Plot":"Four childhood friends go their separate ways, two go off to college while the others become rival gangsters.","Language":"Korean","Country":"South Korea","Awards":"5 wins & 2 nominations.","Poster":"https://m.media-amazon.com/images/M/MV5BN2I2ODE5YzEtZjU2Yi00ZGZiLWJlOTItM2Y0MTQyMzgyNWVlXkEyXkFqcGdeQXVyMTMxMTY0OTQ@._V1_SX300.jpg","Ratings":[{"Source":"Internet Movie Database","Value":"7.4/10"}],"Metascore":"N/A","imdbRating":"7.4","imdbVotes":"4,240","imdbID":"tt0281718","Type":"movie","DVD":"25 Jun 2002","BoxOffice":"N/A","Production":"Asian Crush","Website":"N/A","Response":"True"}