{"Title":"Bubba Ho-Tep","Year":"2002","Rated":"R","Released":"10 Oct 2003","Runtime":"92 min","Genre":"Comedy, Fantasy, Horror, Mystery, Western","Director":"Don Coscarelli","Writer":"Joe R. Lansdale (short story), Don Coscarelli (screenplay)","Actors":"Bruce Campbell, Ossie Davis, Ella Joyce, Heidi Marnhout","Plot":"Based on the Bram Stoker Award nominee short story by cult author Joe R. Lansdale, Bubba Ho-tep tells the \"true\" story of what really did become of Elvis Presley. We find Elvis (Bruce ...","Language":"English, German","Country":"USA","Awards":"7 wins & 10 nominations.","Poster":"https://m.media-amazon.com/images/M/MV5BODk2OGY3ZTItMDJiNi00MzU4LTkyY2EtODczZjE1MjVhYjY0XkEyXkFqcGdeQXVyMTQxNzMzNDI@._V1_SX300.jpg","Ratings":[{"Source":"Internet Movie Database","Value":"7.1/10"},{"Source":"Rotten Tomatoes","Value":"79%"},{"Source":"Metacritic","Value":"57/100"}],"Metascore":"57","imdbRating":"7.1","imdbVotes":"42,177","imdbID":"tt0281686","Type":"movie","DVD":"25 May 2004","BoxOffice":"N/A","Production":"Silver Sphere Corporation","Website":"http://www.bubbahotep.com/","Response":"True"}