{"Title":"Son of the Bride","Year":"2001","Rated":"R","Released":"16 Aug 2001","Runtime":"123 min","Genre":"Comedy, Drama","Director":"Juan JosÃ© Campanella","Writer":"Juan JosÃ© Campanella, Fernando Castets","Actors":"Ricardo DarÃ­n, HÃ©ctor Alterio, Norma Aleandro, Eduardo Blanco","Plot":"At age 42, Rafael Belvedere is having a crisis. He lives in the shadow of his father, he feels guilty about rarely visiting his aging mother, his ex-wife says he doesn't spend enough time ...","Language":"Spanish","Country":"Argentina, Spain","Awards":"Nominated for 1 Oscar. Another 34 wins & 10 nominations.","Poster":"https://images-na.ssl-images-amazon.com/images/M/MV5BYzJlMzczY2UtZTJlMS00ODFhLTkwYTMtNjljZDQ5ZjdhZjQxXkEyXkFqcGdeQXVyMTA0MjU0Ng@@._V1_SX300.jpg","Ratings":[{"Source":"Internet Movie Database","Value":"7.9/10"},{"Source":"Rotten Tomatoes","Value":"86%"},{"Source":"Metacritic","Value":"68/100"}],"Metascore":"68","imdbRating":"7.9","imdbVotes":"12,807","imdbID":"tt0292542","Type":"movie","DVD":"10 Sep 2002","BoxOffice":"N/A","Production":"Sony Pictures Classics","Website":"http://www.sonyclassics.com/sonofthebride","Response":"True"}