{"Title":"Bang Bang You're Dead","Year":"2002","Rated":"R","Released":"21 Jan 2008","Runtime":"93 min","Genre":"Crime, Drama, Thriller","Director":"Guy Ferland","Writer":"William Mastrosimone","Actors":"Tom Cavanagh, Ben Foster, Randy Harrison, Janel Moloney","Plot":"Trevor is a troubled high school student, thanks to the effects of bullying. This is the story of his fight to break free.","Language":"English","Country":"USA, Canada","Awards":"7 wins & 1 nomination.","Poster":"https://images-na.ssl-images-amazon.com/images/M/MV5BYTU0Zjc4ZTktOWY5ZC00ZTM0LWE5M2QtY2U0ZGYxZjFhMWU3XkEyXkFqcGdeQXVyMTQxNzMzNDI@._V1_SX300.jpg","Ratings":[{"Source":"Internet Movie Database","Value":"7.9/10"}],"Metascore":"N/A","imdbRating":"7.9","imdbVotes":"11,549","imdbID":"tt0288439","Type":"movie","DVD":"27 Jan 2004","BoxOffice":"N/A","Production":"Every Guy Productions","Website":"N/A","Response":"True"}