{"Title":"Nine Queens","Year":"2000","Rated":"R","Released":"31 Aug 2000","Runtime":"114 min","Genre":"Crime, Drama, Thriller","Director":"FabiÃ¡n Bielinsky","Writer":"FabiÃ¡n Bielinsky","Actors":"Ricardo DarÃ­n, GastÃ³n Pauls, Leticia BrÃ©dice, MarÃ­a Mercedes Villagra","Plot":"Two con artists try to swindle a stamp collector by selling him a sheet of counterfeit rare stamps (the \"nine queens\").","Language":"Spanish","Country":"Argentina","Awards":"22 wins & 8 nominations.","Poster":"https://m.media-amazon.com/images/M/MV5BMTYxMDdlYjItMDVkYy00MjYzLThhMTYtYjIzZjZiODk1ZWRmXkEyXkFqcGdeQXVyNDk3NzU2MTQ@._V1_SX300.jpg","Ratings":[{"Source":"Internet Movie Database","Value":"7.9/10"},{"Source":"Rotten Tomatoes","Value":"92%"},{"Source":"Metacritic","Value":"80/100"}],"Metascore":"80","imdbRating":"7.9","imdbVotes":"44,607","imdbID":"tt0247586","Type":"movie","DVD":"01 Oct 2002","BoxOffice":"$1,078,919","Production":"Sony Pictures Classics","Website":"http://www.magiclanternpr.com/films/Nine_Queens.htm","Response":"True"}