{"Title":"Return to Innocence","Year":"2001","Rated":"UNRATED","Released":"13 Nov 2007","Runtime":"110 min","Genre":"Drama","Director":"Rocky Costanzo","Writer":"Gary M. Frazier","Actors":"Richard Meese, Andrew Martin, Steve De Forest, Cynthia Downey","Plot":"A well respected child psychologist finds his life turned upside down when he is accused of sexually molesting a young boy under his care.","Language":"English","Country":"USA","Awards":"N/A","Poster":"https://ia.media-imdb.com/images/M/MV5BMTk0OTA5NzAzN15BMl5BanBnXkFtZTcwNzA5MDI1MQ@@._V1_SX300.jpg","Ratings":[{"Source":"Internet Movie Database","Value":"7.2/10"}],"Metascore":"N/A","imdbRating":"7.2","imdbVotes":"782","imdbID":"tt0288192","Type":"movie","DVD":"01 Apr 2003","BoxOffice":"N/A","Production":"N/A","Website":"N/A","Response":"True"}