{"Title":"Distance","Year":"2001","Rated":"UNRATED","Released":"26 May 2001","Runtime":"132 min","Genre":"Drama","Director":"Hirokazu Koreeda","Writer":"Hirokazu Koreeda","Actors":"Arata Iura, YÃ»suke Iseya, Susumu Terajima, Yui Natsukawa","Plot":"Members of a cult, modeled on Aum Shinrikyo, sabotage a city's water supply, then commit mass suicide near the shores of a lake. Family members of those affected by it meet at the lake to observe the anniversary of their loved ones' deaths.","Language":"Japanese","Country":"Japan","Awards":"1 nomination.","Poster":"https://ia.media-imdb.com/images/M/MV5BZDNjMTMxNWMtYmI2Ni00ZGQ0LTgxOWUtMDg3OTk1ZWM5ZDBkXkEyXkFqcGdeQXVyNjExODE1MDc@._V1_SX300.jpg","Ratings":[{"Source":"Internet Movie Database","Value":"7.1/10"},{"Source":"Rotten Tomatoes","Value":"80%"},{"Source":"Metacritic","Value":"58/100"}],"Metascore":"58","imdbRating":"7.1","imdbVotes":"855","imdbID":"tt0278413","Type":"movie","DVD":"N/A","BoxOffice":"N/A","Production":"Producciones ConcepciÃ³n","Website":"N/A","Response":"True"}