{"Title":"The Outcasts","Year":"2001","Rated":"N/A","Released":"24 Jan 2001","Runtime":"98 min","Genre":"Crime, Thriller","Director":"Yvan Gauthier","Writer":"Philippe Perret","Actors":"Christopher Buchholz, FrÃ©dÃ©ric Pellegeay, Virginie Aster, Julien Reymond","Plot":"N/A","Language":"French","Country":"France","Awards":"1 win.","Poster":"N/A","Ratings":[{"Source":"Internet Movie Database","Value":"7.9/10"}],"Metascore":"N/A","imdbRating":"7.9","imdbVotes":"48","imdbID":"tt0268909","Type":"movie","DVD":"N/A","BoxOffice":"N/A","Production":"N/A","Website":"N/A","Response":"True"}