{"Title":"The Final Journey","Year":"2010","Rated":"N/A","Released":"20 Sep 2010","Runtime":"120 min","Genre":"Drama","Director":"R.J. Adams","Writer":"Diane C. Adams, R.J. Adams (creator), R.J. Adams, Paul Kirby","Actors":"R.J. Adams, Rob Adams","Plot":"The Final Journey follows the rail lines of the Nazi Controled Deutsche Reichsbahn system that delivered millions of people from every corner of Europe to the door-step of the infamous ...","Language":"N/A","Country":"USA","Awards":"N/A","Poster":"http://ia.media-imdb.com/images/M/MV5BNDY0NDMwNjg5Ml5BMl5BanBnXkFtZTcwOTU0NTc4Mw@@._V1_SX300.jpg","Ratings":[{"Source":"Internet Movie Database","Value":"7.3/10"}],"Metascore":"N/A","imdbRating":"7.3","imdbVotes":"9","imdbID":"tt0230212","Type":"movie","DVD":"N/A","BoxOffice":"N/A","Production":"N/A","Website":"N/A","Response":"True"}