{"Title":"Amores Perros","Year":"2000","Rated":"R","Released":"13 Apr 2001","Runtime":"154 min","Genre":"Drama, Thriller","Director":"Alejandro G. IÃ±Ã¡rritu","Writer":"Guillermo Arriaga","Actors":"Emilio EchevarrÃ­a, Gael GarcÃ­a Bernal, Goya Toledo, Ãlvaro Guerrero","Plot":"A horrific car accident connects three stories, each involving characters dealing with loss, regret, and life's harsh realities, all in the name of love.","Language":"Spanish","Country":"Mexico","Awards":"Nominated for 1 Oscar. Another 54 wins & 22 nominations.","Poster":"https://m.media-amazon.com/images/M/MV5BMWJhOTg5MWQtYTJjMi00YmFkLTg4ODgtYmU2YWVhODQ4ZDM3XkEyXkFqcGdeQXVyMTAwMzUyOTc@._V1_SX300.jpg","Ratings":[{"Source":"Internet Movie Database","Value":"8.1/10"},{"Source":"Rotten Tomatoes","Value":"92%"},{"Source":"Metacritic","Value":"83/100"}],"Metascore":"83","imdbRating":"8.1","imdbVotes":"202,240","imdbID":"tt0245712","Type":"movie","DVD":"25 Sep 2001","BoxOffice":"$4,856,342","Production":"Lions Gate Films","Website":"http://multimedia.elfoco.com/elfoco/amoresperros/index.html","Response":"True"}