{"Title":"Gosford Park","Year":"2001","Rated":"R","Released":"18 Jan 2002","Runtime":"131 min","Genre":"Comedy, Drama, Mystery","Director":"Robert Altman","Writer":"Julian Fellowes, Robert Altman (based upon an idea by), Bob Balaban (based upon an idea by)","Actors":"Maggie Smith, Michael Gambon, Kristin Scott Thomas, Camilla Rutherford","Plot":"The lives of upstairs guests and downstairs servants at a party in 1932 in a country house in England as they investigate a murder involving one of them.","Language":"English","Country":"UK, USA, Italy","Awards":"Won 1 Oscar. Another 31 wins & 73 nominations.","Poster":"https://m.media-amazon.com/images/M/MV5BYzM4YzlhZGMtYTI2Yi00OTY4LWE0MzctNDFlYTQ3YmFlOTBjXkEyXkFqcGdeQXVyMTMxODk2OTU@._V1_SX300.jpg","Ratings":[{"Source":"Internet Movie Database","Value":"7.3/10"},{"Source":"Rotten Tomatoes","Value":"86%"},{"Source":"Metacritic","Value":"90/100"}],"Metascore":"90","imdbRating":"7.3","imdbVotes":"71,418","imdbID":"tt0280707","Type":"movie","DVD":"25 Jun 2002","BoxOffice":"$41,274,328","Production":"USA Films","Website":"http://www.gosfordparkmovie.com","Response":"True"}