{"Title":"Zelary","Year":"2003","Rated":"R","Released":"04 Sep 2003","Runtime":"150 min","Genre":"Romance, Drama","Director":"Ondrej Trojan","Writer":"Kveta LegÃ¡tovÃ¡ (novel), Petr JarchovskÃ½","Actors":"Anna GeislerovÃ¡, GyÃ¶rgy Cserhalmi, Jaroslava AdamovÃ¡, Miroslav Donutil","Plot":"A nurse and her surgeon-lover are part of a resistance movement in 1940s Czechoslovakia. When they are discovered, her lover flees and she must find a place to hide. A patient whose life ...","Language":"Czech, Russian, German","Country":"Czech Republic, Slovakia, Austria","Awards":"Nominated for 1 Oscar. Another 4 wins & 10 nominations.","Poster":"https://images-na.ssl-images-amazon.com/images/M/MV5BODk2NzU2MDQ5M15BMl5BanBnXkFtZTcwMzM2NjYyMQ@@._V1_SX300.jpg","Ratings":[{"Source":"Internet Movie Database","Value":"7.7/10"},{"Source":"Rotten Tomatoes","Value":"73%"},{"Source":"Metacritic","Value":"66/100"}],"Metascore":"66","imdbRating":"7.7","imdbVotes":"3,021","imdbID":"tt0288330","Type":"movie","DVD":"08 Feb 2005","BoxOffice":"N/A","Production":"Sony Pictures Classics","Website":"http://www.czech-tv.cz/telexport/detail.php?id=2&filmid=439","Response":"True"}