{"Title":"Hera Pheri","Year":"2000","Rated":"NOT RATED","Released":"31 Mar 2000","Runtime":"156 min","Genre":"Action, Comedy, Crime","Director":"Priyadarshan","Writer":"Siddique (story), Lal (story), Neeraj Vora (dialogue), Neeraj Vora (screenplay), Anand S. Vardhan (story)","Actors":"Akshay Kumar, Paresh Rawal, Sunil Shetty, Tabu","Plot":"Three unemployed men find the answer to all their money problems when they recieve a call from a kidnapper. However, things do not go as planned.","Language":"Hindi","Country":"India","Awards":"5 wins & 3 nominations.","Poster":"https://m.media-amazon.com/images/M/MV5BZWY2MGUzM2QtZDljNy00ZTg5LTk0ODQtMjE1ODhjMzcyMDg1XkEyXkFqcGdeQXVyODE5NzE3OTE@._V1_SX300.jpg","Ratings":[{"Source":"Internet Movie Database","Value":"8.2/10"}],"Metascore":"N/A","imdbRating":"8.2","imdbVotes":"45,115","imdbID":"tt0242519","Type":"movie","DVD":"31 Aug 1999","BoxOffice":"N/A","Production":"Chaudhary Enterprises","Website":"N/A","Response":"True"}