{"Title":"Under the Moonlight","Year":"2001","Rated":"N/A","Released":"19 Mar 2002","Runtime":"96 min","Genre":"Drama","Director":"Reza Mirkarimi","Writer":"Reza Mirkarimi","Actors":"Hossein Parastar, Hamed Rajabali, Mehran Rajabi, Mahmud Nazar-Alian","Plot":"Hassan is a student of Religious /Islamic school and is about to be dressed as a missioner .In such a time when his other mates are excited and are getting ready to be formally dressed and ...","Language":"Persian","Country":"Iran","Awards":"7 wins & 2 nominations.","Poster":"https://images-na.ssl-images-amazon.com/images/M/MV5BMjE3MDE2OTM5NF5BMl5BanBnXkFtZTcwNzY3NjgyMQ@@._V1_SX300.jpg","Ratings":[{"Source":"Internet Movie Database","Value":"7.1/10"}],"Metascore":"N/A","imdbRating":"7.1","imdbVotes":"818","imdbID":"tt0278159","Type":"movie","DVD":"24 May 2005","BoxOffice":"N/A","Production":"N/A","Website":"N/A","Response":"True"}