{"Title":"Free","Year":"2001","Rated":"N/A","Released":"N/A","Runtime":"96 min","Genre":"Comedy, Drama, Romance","Director":"Andrew Avery","Writer":"Peter Gibson, Michael Kingston","Actors":"Randall Batinkoff, Carmen Llywelyn, Corin Nemec, Ione Skye","Plot":"N/A","Language":"English","Country":"USA","Awards":"N/A","Poster":"https://images-na.ssl-images-amazon.com/images/M/MV5BMTk4MjgyNjM1OV5BMl5BanBnXkFtZTcwMzA2OTI0MQ@@._V1_SX300.jpg","Ratings":[{"Source":"Internet Movie Database","Value":"7.3/10"}],"Metascore":"N/A","imdbRating":"7.3","imdbVotes":"79","imdbID":"tt0279088","Type":"movie","DVD":"N/A","BoxOffice":"N/A","Production":"N/A","Website":"N/A","Response":"True"}