{"Title":"The Zookeeper","Year":"2001","Rated":"N/A","Released":"22 Nov 2001","Runtime":"108 min","Genre":"Drama, War","Director":"Ralph Ziman","Writer":"Matthew Bishop (story and screenplay), Ralph Ziman (screenplay)","Actors":"Sam Neill, Gina McKee, Ulrich Thomsen, Om Puri","Plot":"A disillusioned ex-Communist is left behind to take care of the animals in the capital's zoological gardens until a U.N. rescue force arrives.","Language":"English","Country":"Denmark, UK, Czech Republic, Netherlands","Awards":"3 wins.","Poster":"https://images-na.ssl-images-amazon.com/images/M/MV5BMTYzMTY4NjczM15BMl5BanBnXkFtZTcwMjAzNDMzMQ@@._V1_SX300.jpg","Ratings":[{"Source":"Internet Movie Database","Value":"7.6/10"}],"Metascore":"N/A","imdbRating":"7.6","imdbVotes":"4,106","imdbID":"tt0231001","Type":"movie","DVD":"23 Nov 2010","BoxOffice":"N/A","Production":"Moviefan Scandinavia","Website":"N/A","Response":"True"}