{"Title":"EvenHand","Year":"2002","Rated":"R","Released":"14 Nov 2002","Runtime":"92 min","Genre":"Drama","Director":"Joseph Pierson","Writer":"Mike Jones","Actors":"Bill Sage, Bill Dawes, Lawrence Stringer, Lee Stringer","Plot":"Set in a dirt-poor neighborhood in the fictional city of San Lovisa, Texas, EvenHand tells the story of two very different cops, working together for the first time. Rob Francis, recently ...","Language":"English, German","Country":"USA","Awards":"1 win.","Poster":"https://images-na.ssl-images-amazon.com/images/M/MV5BMTQyNjQyNjY0N15BMl5BanBnXkFtZTcwOTk4NTQ0MQ@@._V1_SX300.jpg","Ratings":[{"Source":"Internet Movie Database","Value":"7.3/10"}],"Metascore":"N/A","imdbRating":"7.3","imdbVotes":"441","imdbID":"tt0279074","Type":"movie","DVD":"20 Jan 2004","BoxOffice":"N/A","Production":"Cypress Films","Website":"http://www.evenhand.com","Response":"True"}