{"Title":"L.I.E.","Year":"2001","Rated":"R","Released":"29 Nov 2002","Runtime":"97 min","Genre":"Crime, Drama","Director":"Michael Cuesta","Writer":"Stephen M. Ryder, Michael Cuesta, Gerald Cuesta","Actors":"Paul Dano, Bruce Altman, Billy Kay, James Costa","Plot":"A 15-year-old Long Island boy loses everything and everyone he knows, soon becoming involved in a relationship with a much older man.","Language":"English","Country":"USA","Awards":"20 wins & 18 nominations.","Poster":"https://m.media-amazon.com/images/M/MV5BZjdkMDNlMmMtM2MxNC00Nzg4LTg5NGYtZjJkOWY4YmViNDBjXkEyXkFqcGdeQXVyMTQxNzMzNDI@._V1_SX300.jpg","Ratings":[{"Source":"Internet Movie Database","Value":"7.2/10"},{"Source":"Rotten Tomatoes","Value":"83%"},{"Source":"Metacritic","Value":"73/100"}],"Metascore":"73","imdbRating":"7.2","imdbVotes":"9,088","imdbID":"tt0242587","Type":"movie","DVD":"04 Jun 2002","BoxOffice":"N/A","Production":"Lot 47 Films","Website":"http://www.lot47films.com/lie","Response":"True"}