{"Title":"In the Bedroom","Year":"2001","Rated":"R","Released":"08 Feb 2002","Runtime":"130 min","Genre":"Crime, Drama","Director":"Todd Field","Writer":"Andre Dubus (story \"Killings\"), Robert Festinger (screenplay), Todd Field (screenplay)","Actors":"Tom Wilkinson, Sissy Spacek, Nick Stahl, Marisa Tomei","Plot":"A New England couple's college-aged son dates an older woman who has two small children and an unwelcome ex-husband.","Language":"English, Serbo-Croatian","Country":"USA","Awards":"Nominated for 5 Oscars. Another 38 wins & 69 nominations.","Poster":"https://m.media-amazon.com/images/M/MV5BYzQ3ZjhlMWItNGRmNS00OWQzLWJhYjEtMjA3NWIxNmZhNTFkXkEyXkFqcGdeQXVyMTQxNzMzNDI@._V1_SX300.jpg","Ratings":[{"Source":"Internet Movie Database","Value":"7.4/10"},{"Source":"Rotten Tomatoes","Value":"93%"},{"Source":"Metacritic","Value":"86/100"}],"Metascore":"86","imdbRating":"7.4","imdbVotes":"34,865","imdbID":"tt0247425","Type":"movie","DVD":"13 Aug 2002","BoxOffice":"$35,733,119","Production":"Miramax Films","Website":"http://www.miramaxhighlights.com/inthebedroom/index.html","Response":"True"}