{"Title":"The Lost Steps","Year":"2001","Rated":"N/A","Released":"09 Aug 2001","Runtime":"93 min","Genre":"Drama","Director":"Manane RodrÃ­guez","Writer":"Xavier BermÃºdez, Manane RodrÃ­guez","Actors":"Irene Visedo, Luis Brandoni, Concha Velasco, Federico Luppi","Plot":"N/A","Language":"Spanish","Country":"Argentina, Spain","Awards":"2 wins & 3 nominations.","Poster":"https://images-na.ssl-images-amazon.com/images/M/MV5BMTc0NjUwNzg4MV5BMl5BanBnXkFtZTcwMjMxMTI0MQ@@._V1_SX300.jpg","Ratings":[{"Source":"Internet Movie Database","Value":"7.1/10"}],"Metascore":"N/A","imdbRating":"7.1","imdbVotes":"91","imdbID":"tt0288719","Type":"movie","DVD":"27 Mar 2007","BoxOffice":"N/A","Production":"TLA Releasing","Website":"N/A","Response":"True"}