{"Title":"Time Out","Year":"2001","Rated":"PG-13","Released":"14 Nov 2001","Runtime":"134 min","Genre":"Drama","Director":"Laurent Cantet","Writer":"Robin Campillo (scenario), Laurent Cantet (scenario)","Actors":"AurÃ©lien Recoing, Karin Viard, Serge Livrozet, Jean-Pierre Mangeot","Plot":"An unemployed man finds his life sinking more and more into trouble as he hides his situation from his family and friends.","Language":"French","Country":"France","Awards":"2 wins & 8 nominations.","Poster":"https://images-na.ssl-images-amazon.com/images/M/MV5BYzkzN2NlMjItMjgwMC00ODk5LWJkNjAtZTBlZTI5N2U0MjAyXkEyXkFqcGdeQXVyMTA0MjU0Ng@@._V1_SX300.jpg","Ratings":[{"Source":"Internet Movie Database","Value":"7.4/10"},{"Source":"Rotten Tomatoes","Value":"96%"},{"Source":"Metacritic","Value":"88/100"}],"Metascore":"88","imdbRating":"7.4","imdbVotes":"4,332","imdbID":"tt0279065","Type":"movie","DVD":"14 Jan 2003","BoxOffice":"N/A","Production":"ThinkFilm","Website":"http://co","Response":"True"}