{"Title":"Company","Year":"2002","Rated":"N/A","Released":"15 Apr 2002","Runtime":"155 min","Genre":"Action, Crime, Drama","Director":"Ram Gopal Varma","Writer":"H. Banerjee (Subtitles), Jaideep Sahni","Actors":"Ajay Devgn, Mohanlal, Manisha Koirala, Seema Biswas","Plot":"A small-time gangster named Chandu teams up with Malik, a low-level enforcer for a criminal syndicate. Together they eliminate all their enemies, becoming the most feared gangsters in Mumbai.","Language":"Hindi","Country":"India","Awards":"16 wins & 10 nominations.","Poster":"https://m.media-amazon.com/images/M/MV5BMGRkNDJlZmEtZGNhNi00OTRhLWE5NDUtYmMwNGZjMzU0MDk5XkEyXkFqcGdeQXVyNjQ2MjQ5NzM@._V1_SX300.jpg","Ratings":[{"Source":"Internet Movie Database","Value":"8.0/10"}],"Metascore":"N/A","imdbRating":"8.0","imdbVotes":"12,275","imdbID":"tt0296574","Type":"movie","DVD":"18 Oct 2005","BoxOffice":"N/A","Production":"Image Entertainment","Website":"N/A","Response":"True"}