{"Title":"K-PAX","Year":"2001","Rated":"PG-13","Released":"26 Oct 2001","Runtime":"120 min","Genre":"Drama, Sci-Fi","Director":"Iain Softley","Writer":"Gene Brewer (novel), Charles Leavitt (screenplay)","Actors":"Kevin Spacey, Jeff Bridges, Mary McCormack, Alfre Woodard","Plot":"PROT is a patient at a mental hospital who claims to be from a far away planet. His psychiatrist tries to help him, only to begin to doubt his own explanations.","Language":"English","Country":"USA, Germany","Awards":"3 nominations.","Poster":"https://m.media-amazon.com/images/M/MV5BMjE5ZDVkNDAtMTJmYy00NzkzLTg2ZDUtOTZkOTU1ZDYwYTFhL2ltYWdlL2ltYWdlXkEyXkFqcGdeQXVyNDk3NzU2MTQ@._V1_SX300.jpg","Ratings":[{"Source":"Internet Movie Database","Value":"7.4/10"},{"Source":"Rotten Tomatoes","Value":"41%"},{"Source":"Metacritic","Value":"49/100"}],"Metascore":"49","imdbRating":"7.4","imdbVotes":"164,429","imdbID":"tt0272152","Type":"movie","DVD":"26 Mar 2002","BoxOffice":"$50,040,205","Production":"Universal Pictures","Website":"http://www.k-pax.com","Response":"True"}