{"Title":"28 Days Later...","Year":"2002","Rated":"R","Released":"27 Jun 2003","Runtime":"113 min","Genre":"Drama, Horror, Sci-Fi, Thriller","Director":"Danny Boyle","Writer":"Alex Garland","Actors":"Alex Palmer, Bindu De Stoppani, Jukka Hiltunen, David Schneider","Plot":"Four weeks after a mysterious, incurable virus spreads throughout the UK, a handful of survivors try to find sanctuary.","Language":"English, Spanish","Country":"UK","Awards":"10 wins & 31 nominations.","Poster":"https://m.media-amazon.com/images/M/MV5BYTFkM2ViMmQtZmI5NS00MjQ2LWEyN2EtMTI1ZmNlZDU3MTZjXkEyXkFqcGdeQXVyNjU0OTQ0OTY@._V1_SX300.jpg","Ratings":[{"Source":"Internet Movie Database","Value":"7.6/10"},{"Source":"Rotten Tomatoes","Value":"87%"},{"Source":"Metacritic","Value":"73/100"}],"Metascore":"73","imdbRating":"7.6","imdbVotes":"337,605","imdbID":"tt0289043","Type":"movie","DVD":"21 Oct 2003","BoxOffice":"$44,900,469","Production":"Fox Searchlight Pictures","Website":"http://www.28dayslaterthemovie.co.uk/main.html","Response":"True"}