{"Title":"Crazy Jones","Year":"2000","Rated":"N/A","Released":"N/A","Runtime":"86 min","Genre":"Comedy, Drama","Director":"Joe Aaron","Writer":"Joe Aaron","Actors":"Joe Aaron, Elizabeth Ince, Tess Borden, Francesca Catalano","Plot":"Crazy jones is the story of Finnigan Jones, a depressed, semi-suicidal leaf-blower with Tourette's Syndrome (T.S.). He has no life (lives at home with his mother) and no reason to live. ...","Language":"English","Country":"USA","Awards":"1 win.","Poster":"http://ia.media-imdb.com/images/M/MV5BMTIxNTg1NDY3MV5BMl5BanBnXkFtZTcwMTg2OTYzMQ@@._V1_SX300.jpg","Ratings":[{"Source":"Internet Movie Database","Value":"7.6/10"}],"Metascore":"N/A","imdbRating":"7.6","imdbVotes":"74","imdbID":"tt0292483","Type":"movie","DVD":"N/A","BoxOffice":"N/A","Production":"N/A","Website":"N/A","Response":"True"}