{"Title":"The Devil's Backbone","Year":"2001","Rated":"R","Released":"20 Apr 2001","Runtime":"106 min","Genre":"Drama, Horror","Director":"Guillermo del Toro","Writer":"Guillermo del Toro, Antonio Trashorras, David MuÃ±oz","Actors":"Marisa Paredes, Eduardo Noriega, Federico Luppi, Fernando Tielve","Plot":"After Carlos - a 12-year-old whose father has died in the Spanish Civil War - arrives at an ominous boys' orphanage, he discovers the school is haunted and has many dark secrets that he must uncover.","Language":"Spanish","Country":"Spain, Mexico","Awards":"6 wins & 7 nominations.","Poster":"https://m.media-amazon.com/images/M/MV5BZTI3MDcwZGItZDMwNS00ZDBjLWEwOGEtMWEyMWUxNDlkYzBjL2ltYWdlXkEyXkFqcGdeQXVyNTAyODkwOQ@@._V1_SX300.jpg","Ratings":[{"Source":"Internet Movie Database","Value":"7.5/10"},{"Source":"Rotten Tomatoes","Value":"92%"},{"Source":"Metacritic","Value":"78/100"}],"Metascore":"78","imdbRating":"7.5","imdbVotes":"55,200","imdbID":"tt0256009","Type":"movie","DVD":"25 Jun 2002","BoxOffice":"N/A","Production":"Sony Pictures Classics","Website":"http://www.sonyclassics.com/devilsbackbone/index.htm","Response":"True"}