{"Title":"Bed of Procust","Year":"2002","Rated":"N/A","Released":"14 Apr 2003","Runtime":"118 min","Genre":"Drama, Romance","Director":"Viorica MesinÃ£, Sergiu Prodan","Writer":"Viorica MesinÃ£, Camil Petrescu (novel), Sergiu Prodan","Actors":"Oleg Yankovskiy, Petru Vutcarau, Maia Morgenstern, Tania Popa","Plot":"N/A","Language":"Romanian","Country":"Moldova","Awards":"1 nomination.","Poster":"https://images-na.ssl-images-amazon.com/images/M/MV5BZjExNDMzZTYtZDQ0MS00YTI0LWIzZGItMzQ3MzQ4N2M5ZjQzXkEyXkFqcGdeQXVyNzg5OTk2OA@@._V1_SX300.jpg","Ratings":[{"Source":"Internet Movie Database","Value":"7.6/10"}],"Metascore":"N/A","imdbRating":"7.6","imdbVotes":"266","imdbID":"tt0289756","Type":"movie","DVD":"N/A","BoxOffice":"N/A","Production":"N/A","Website":"N/A","Response":"True"}