{"Title":"Il Mare","Year":"2000","Rated":"N/A","Released":"09 Sep 2000","Runtime":"105 min","Genre":"Drama, Fantasy, Romance","Director":"Hyun-seung Lee","Writer":"Eun-Jeong Kim, Tae-Yeon Won (letters), Ji-na Yeo","Actors":"Jung-jae Lee, Ji-hyun Jun, Mu-saeng Kim, Seung-yeon Jo","Plot":"Eun-joo moves out of her house \"Il Mare\", leaving behind a Christmas card for the eventual new owner of the house in 1999. In it she asks him/her to forward any mail of hers to her new ...","Language":"Korean","Country":"South Korea","Awards":"N/A","Poster":"https://m.media-amazon.com/images/M/MV5BYTBlMDczY2MtZDI2OC00MDJkLWJiYjgtMWQxODI1MzY1YTVjXkEyXkFqcGdeQXVyNzI1NzMxNzM@._V1_SX300.jpg","Ratings":[{"Source":"Internet Movie Database","Value":"7.7/10"}],"Metascore":"N/A","imdbRating":"7.7","imdbVotes":"7,156","imdbID":"tt0282599","Type":"movie","DVD":"08 Apr 2003","BoxOffice":"N/A","Production":"N/A","Website":"N/A","Response":"True"}