{"Title":"Last Mountain","Year":"2005","Rated":"N/A","Released":"N/A","Runtime":"97 min","Genre":"Drama, Fantasy","Director":"Robert Fleet","Writer":"Robert Fleet (novel), Stephan Szpak-Fleet (screenplay)","Actors":"Soon-Tek Oh, Lorina Zapata, Daniel Riordan, Hilary Hesse","Plot":"A homeless dying veteran, trying to find a Unicorn he believes lives in the mountains above Los Angeles, convinces a Latina immigrant to join his quest, provoking a tragic-comic chase as ...","Language":"English","Country":"USA","Awards":"N/A","Poster":"N/A","Ratings":[{"Source":"Internet Movie Database","Value":"7.1/10"}],"Metascore":"N/A","imdbRating":"7.1","imdbVotes":"9","imdbID":"tt0234084","Type":"movie","DVD":"N/A","BoxOffice":"N/A","Production":"N/A","Website":"N/A","Response":"True"}