{"Title":"Jump Tomorrow","Year":"2001","Rated":"PG","Released":"09 Nov 2001","Runtime":"97 min","Genre":"Drama, Romance, Comedy","Director":"Joel Hopkins","Writer":"Joel Hopkins (screenplay), Joel Hopkins (short story \"Jorge\"), Iain Tibbles (additional writer)","Actors":"Tunde Adebimpe, Raul A. Reyes, Alan Gryfe, Amy Sedaris","Plot":"A young Nigerian man on the verge of being in an arranged marriage, suddenly questions his situation after an encounter with a stunning Latin woman, who is also about to be married.","Language":"English, French, Spanish","Country":"UK, USA","Awards":"3 wins & 6 nominations.","Poster":"https://m.media-amazon.com/images/M/MV5BMTYyNzk1MDEwMF5BMl5BanBnXkFtZTcwMDg5OTYyMQ@@._V1_SX300.jpg","Ratings":[{"Source":"Internet Movie Database","Value":"7.2/10"},{"Source":"Rotten Tomatoes","Value":"81%"},{"Source":"Metacritic","Value":"68/100"}],"Metascore":"68","imdbRating":"7.2","imdbVotes":"1,309","imdbID":"tt0273300","Type":"movie","DVD":"16 Sep 2003","BoxOffice":"N/A","Production":"IFC Films","Website":"http://www.jump-tomorrow.com","Response":"True"}