{"Title":"Big Time","Year":"2001","Rated":"N/A","Released":"03 Sep 2009","Runtime":"92 min","Genre":"Comedy","Director":"Jerry Heiss, Sean McHugh, Peter Toumasis","Writer":"Sean McHugh","Actors":"Vene L. Arcoraci, Bridget Butler, Kim Kopf, C.C. Costigan","Plot":"Where the line between fantasy and reality blurs as a fake film company comprised of actors mixes with real adult-film stars at their annual convention in Las Vegas.","Language":"English","Country":"USA","Awards":"N/A","Poster":"http://ia.media-imdb.com/images/M/MV5BMjI2NjQ0MDEzNF5BMl5BanBnXkFtZTgwOTU1OTk1MDE@._V1_SX300.jpg","Ratings":[{"Source":"Internet Movie Database","Value":"7.1/10"}],"Metascore":"N/A","imdbRating":"7.1","imdbVotes":"32","imdbID":"tt0278976","Type":"movie","DVD":"N/A","BoxOffice":"N/A","Production":"N/A","Website":"N/A","Response":"True"}