{"Title":"The Code Conspiracy","Year":"2002","Rated":"PG-13","Released":"N/A","Runtime":"97 min","Genre":"Action, Mystery, Thriller","Director":"Hank Whetstone","Writer":"Hank Whetstone","Actors":"Jim Fitzpatrick, Maria Conchita Alonso, David Warner, Lou Rawls","Plot":"What if a computer disc held a code so powerful that it could change the world forever? While translating the Dead Sea Scrolls, a professor discovers a hidden formula that not only unlocks ...","Language":"English","Country":"USA","Awards":"N/A","Poster":"https://images-na.ssl-images-amazon.com/images/M/MV5BODU0MjY5NDY2M15BMl5BanBnXkFtZTcwMzM2MTY0MQ@@._V1_SX300.jpg","Ratings":[{"Source":"Internet Movie Database","Value":"7.1/10"}],"Metascore":"N/A","imdbRating":"7.1","imdbVotes":"2,050","imdbID":"tt0247254","Type":"movie","DVD":"31 May 2005","BoxOffice":"N/A","Production":"N/A","Website":"N/A","Response":"True"}