{"Title":"Drive","Year":"2002","Rated":"N/A","Released":"24 Aug 2002","Runtime":"102 min","Genre":"Crime","Director":"SABU","Writer":"SABU","Actors":"Shin'ichi Tsutsumi, Ren Ã”sugi, Ko Shibasaki, Masanobu AndÃ´","Plot":"A salaryman is hijacked by bank robbers.","Language":"Japanese","Country":"Japan","Awards":"1 win & 1 nomination.","Poster":"https://images-na.ssl-images-amazon.com/images/M/MV5BZDUxOWJiYTctNzI3MC00OTBmLWIwMTctM2IxNzU3Y2Q0NjU0XkEyXkFqcGdeQXVyNjExODE1MDc@._V1_SX300.jpg","Ratings":[{"Source":"Internet Movie Database","Value":"7.2/10"}],"Metascore":"N/A","imdbRating":"7.2","imdbVotes":"751","imdbID":"tt0297865","Type":"movie","DVD":"04 Sep 1998","BoxOffice":"N/A","Production":"Ardustry Home Entertainment","Website":"N/A","Response":"True"}