{"Title":"Whale Rider","Year":"2002","Rated":"PG-13","Released":"29 Aug 2003","Runtime":"101 min","Genre":"Drama, Family","Director":"Niki Caro","Writer":"Niki Caro, Witi Ihimaera (book)","Actors":"Keisha Castle-Hughes, Rawiri Paratene, Vicky Haughton, Cliff Curtis","Plot":"A contemporary story of love, rejection and triumph as a young Maori girl fights to fulfill a destiny her grandfather refuses to recognize.","Language":"English, Maori","Country":"New Zealand, Germany","Awards":"Nominated for 1 Oscar. Another 33 wins & 34 nominations.","Poster":"https://m.media-amazon.com/images/M/MV5BMjM3MzE2OTEwNF5BMl5BanBnXkFtZTcwNTkyMTg4NA@@._V1_SX300.jpg","Ratings":[{"Source":"Internet Movie Database","Value":"7.6/10"},{"Source":"Rotten Tomatoes","Value":"91%"},{"Source":"Metacritic","Value":"80/100"}],"Metascore":"80","imdbRating":"7.6","imdbVotes":"36,982","imdbID":"tt0298228","Type":"movie","DVD":"28 Oct 2003","BoxOffice":"$20,661,128","Production":"Palm Pictures","Website":"http://www.whaleriderthemovie.co.nz/","Response":"True"}