{"Title":"My Sassy Girl","Year":"2001","Rated":"NOT RATED","Released":"27 Jul 2001","Runtime":"123 min","Genre":"Comedy, Drama, Romance","Director":"Jae-young Kwak","Writer":"Ho-sik Kim (novel), Jae-young Kwak (screenplay)","Actors":"Tae-Hyun Cha, Ji-hyun Jun, In-mun Kim, Wok-suk Song","Plot":"A young man sees a drunk, cute woman standing too close to the tracks at a metro station in Seoul and pulls her back. She ends up getting him into trouble repeatedly after that, starting on the train.","Language":"Korean, English","Country":"South Korea","Awards":"6 wins & 1 nomination.","Poster":"https://m.media-amazon.com/images/M/MV5BMjM2NTYxMTE3OV5BMl5BanBnXkFtZTgwNDgwNjgwMzE@._V1_SX300.jpg","Ratings":[{"Source":"Internet Movie Database","Value":"8.1/10"}],"Metascore":"N/A","imdbRating":"8.1","imdbVotes":"41,206","imdbID":"tt0293715","Type":"movie","DVD":"19 Feb 2013","BoxOffice":"N/A","Production":"Asian Crush","Website":"N/A","Response":"True"}