{"Title":"Shrek 2","Year":"2004","Rated":"PG","Released":"19 May 2004","Runtime":"93 min","Genre":"Animation, Adventure, Comedy, Family, Fantasy, Romance","Director":"Andrew Adamson, Kelly Asbury, Conrad Vernon","Writer":"William Steig (based upon the book by), Andrew Adamson (story by), Andrew Adamson (screenplay by), Joe Stillman (screenplay by), J. David Stem (screenplay by), David N. Weiss (screenplay by), Cody Cameron (additional dialogue), Walt Dohrn (additional dialogue), Chris Miller (additional dialogue), David P. Smith (additional dialogue), Conrad Vernon (additional dialogue)","Actors":"Mike Myers, Eddie Murphy, Cameron Diaz, Julie Andrews","Plot":"Princess Fiona's parents invite her and Shrek to dinner to celebrate her marriage. If only they knew the newlyweds were both ogres.","Language":"English","Country":"USA","Awards":"Nominated for 2 Oscars. Another 18 wins & 50 nominations.","Poster":"https://m.media-amazon.com/images/M/MV5BMDJhMGRjN2QtNDUxYy00NGM3LThjNGQtMmZiZTRhNjM4YzUxL2ltYWdlL2ltYWdlXkEyXkFqcGdeQXVyMTQxNzMzNDI@._V1_SX300.jpg","Ratings":[{"Source":"Internet Movie Database","Value":"7.2/10"},{"Source":"Rotten Tomatoes","Value":"89%"},{"Source":"Metacritic","Value":"75/100"}],"Metascore":"75","imdbRating":"7.2","imdbVotes":"365,778","imdbID":"tt0298148","Type":"movie","DVD":"02 Nov 2004","BoxOffice":"$436,471,036","Production":"DreamWorks SKG","Website":"http://www.shrek2.com/","Response":"True"}