{"Title":"Girafot","Year":"2001","Rated":"N/A","Released":"17 Jan 2002","Runtime":"115 min","Genre":"Action, Drama","Director":"Tzahi Grad","Writer":"Tzahi Grad","Actors":"Meital Dohan, Liat Glick, Tinkerbell, Micha Celektar","Plot":"N/A","Language":"Hebrew","Country":"Israel","Awards":"14 nominations.","Poster":"https://images-na.ssl-images-amazon.com/images/M/MV5BMTQxZWVlOWMtZmU0Ni00MDhlLWJlYmUtMWRhYWQ5N2UyZDE2XkEyXkFqcGdeQXVyMjMyMzI4MzY@._V1_SX300.jpg","Ratings":[{"Source":"Internet Movie Database","Value":"7.1/10"}],"Metascore":"N/A","imdbRating":"7.1","imdbVotes":"77","imdbID":"tt0295281","Type":"movie","DVD":"N/A","BoxOffice":"N/A","Production":"N/A","Website":"N/A","Response":"True"}