{"Title":"The Bank Job","Year":"2008","Rated":"R","Released":"07 Mar 2008","Runtime":"111 min","Genre":"Crime, Drama, Romance, Thriller","Director":"Roger Donaldson","Writer":"Dick Clement, Ian La Frenais","Actors":"Jason Statham, Saffron Burrows, Stephen Campbell Moore, Daniel Mays","Plot":"Martine offers Terry a lead on a foolproof bank hit on London's Baker Street. She targets a roomful of safe deposit boxes worth millions in cash and jewelry. But Terry and his crew don't realize the boxes also contain a treasure trove of dirty secrets - secrets that will thrust them into a deadly web of corruption and illicit scandal.","Language":"English, Latin","Country":"UK, USA, Australia","Awards":"3 nominations.","Poster":"https://m.media-amazon.com/images/M/MV5BMTUwMzc1MDMxOV5BMl5BanBnXkFtZTcwODY4OTIzMw@@._V1_SX300.jpg","Ratings":[{"Source":"Internet Movie Database","Value":"7.3/10"},{"Source":"Rotten Tomatoes","Value":"79%"},{"Source":"Metacritic","Value":"69/100"}],"Metascore":"69","imdbRating":"7.3","imdbVotes":"163,563","imdbID":"tt0200465","Type":"movie","DVD":"15 Jul 2008","BoxOffice":"$30,028,592","Production":"Lionsgate","Website":"http://www.lionsgate.com/thebankjob/","Response":"True"}