{"Title":"Arregui, la noticia del dÃ­a","Year":"2001","Rated":"N/A","Released":"02 Aug 2001","Runtime":"103 min","Genre":"Drama, Comedy","Director":"MarÃ­a Victoria Menis","Writer":"Diana Iceruk, MarÃ­a Victoria Menis","Actors":"Enrique Pinti, Carmen Maura, DamiÃ¡n Dreizik, Lucrecia Capello","Plot":"This dramatic comedy addresses the terrible degree of disintegration Argentina has reached. Corrupt justice, unemployment, an absence of prospects for young people, accelerated decadence in...","Language":"Spanish","Country":"Argentina","Awards":"1 nomination.","Poster":"http://ia.media-imdb.com/images/M/MV5BMTY1OTY2MDAzMF5BMl5BanBnXkFtZTcwNzA2ODc4Mw@@._V1_SX300.jpg","Ratings":[{"Source":"Internet Movie Database","Value":"7.2/10"}],"Metascore":"N/A","imdbRating":"7.2","imdbVotes":"82","imdbID":"tt0288602","Type":"movie","DVD":"N/A","BoxOffice":"N/A","Production":"N/A","Website":"N/A","Response":"True"}