{"Title":"Brotherhood of the Wolf","Year":"2001","Rated":"R","Released":"01 Feb 2002","Runtime":"142 min","Genre":"Action, Adventure, Drama, Horror, Thriller","Director":"Christophe Gans","Writer":"StÃ©phane Cabel (original scenario), StÃ©phane Cabel (adaptation), Christophe Gans (adaptation)","Actors":"Samuel Le Bihan, Mark Dacascos, JÃ©rÃ©mie Renier, Vincent Cassel","Plot":"In 18th century France, the Chevalier de Fronsac and his native American friend Mani are sent by the King to the Gevaudan province to investigate the killings of hundreds by a mysterious beast.","Language":"French, German, Italian","Country":"France","Awards":"4 wins & 22 nominations.","Poster":"https://m.media-amazon.com/images/M/MV5BNTkxMjg5MDYtZDkyMS00NjFlLTk5YTItMWUyOTNkOTg4YmRhXkEyXkFqcGdeQXVyNDk3NzU2MTQ@._V1_SX300.jpg","Ratings":[{"Source":"Internet Movie Database","Value":"7.1/10"},{"Source":"Rotten Tomatoes","Value":"73%"},{"Source":"Metacritic","Value":"57/100"}],"Metascore":"57","imdbRating":"7.1","imdbVotes":"57,546","imdbID":"tt0237534","Type":"movie","DVD":"01 Oct 2002","BoxOffice":"$10,793,478","Production":"TVA International","Website":"N/A","Response":"True"}