{"Title":"Carandiru","Year":"2003","Rated":"R","Released":"11 Apr 2003","Runtime":"145 min","Genre":"Drama, Crime","Director":"Hector Babenco","Writer":"Hector Babenco, Fernando Bonassi, Victor Navas, DrÃ¡uzio Varella (book)","Actors":"Luiz Carlos Vasconcelos, Milton GonÃ§alves, Ivan de Almeida, Ailton GraÃ§a","Plot":"Brazilian MD Drauzio Varella starts AIDS prevention in Brazil's largest prison, Carandiru, in SÃ£o Paulo, where the population is nearly double its 4,000 maximum. Doc learns from experience ...","Language":"Portuguese","Country":"Brazil, Argentina, Italy","Awards":"13 wins & 25 nominations.","Poster":"https://m.media-amazon.com/images/M/MV5BMmQzY2RmYzMtYzRiOS00ZTMzLTgxMGYtZjRkNzAzYjA2MmVkXkEyXkFqcGdeQXVyNDc2MTA2NDg@._V1_SX300.jpg","Ratings":[{"Source":"Internet Movie Database","Value":"7.6/10"},{"Source":"Rotten Tomatoes","Value":"67%"},{"Source":"Metacritic","Value":"71/100"}],"Metascore":"71","imdbRating":"7.6","imdbVotes":"15,873","imdbID":"tt0293007","Type":"movie","DVD":"21 Sep 2004","BoxOffice":"N/A","Production":"Sony Pictures Classics","Website":"http://carandiru.globo.com/","Response":"True"}