{"Title":"Ocean's Eleven","Year":"2001","Rated":"PG-13","Released":"07 Dec 2001","Runtime":"116 min","Genre":"Crime, Thriller","Director":"Steven Soderbergh","Writer":"George Clayton Johnson, Jack Golden Russell, Harry Brown, Charles Lederer, Ted Griffin (screenplay)","Actors":"George Clooney, Cecelia Ann Birt, Paul L. Nolan, Carol Florence","Plot":"Danny Ocean and his eleven accomplices plan to rob three Las Vegas casinos simultaneously.","Language":"English, Italian, Cantonese","Country":"USA","Awards":"4 wins & 20 nominations.","Poster":"https://m.media-amazon.com/images/M/MV5BYzVmYzVkMmUtOGRhMi00MTNmLThlMmUtZTljYjlkMjNkMjJkXkEyXkFqcGdeQXVyNDk3NzU2MTQ@._V1_SX300.jpg","Ratings":[{"Source":"Internet Movie Database","Value":"7.8/10"},{"Source":"Rotten Tomatoes","Value":"82%"},{"Source":"Metacritic","Value":"74/100"}],"Metascore":"74","imdbRating":"7.8","imdbVotes":"461,535","imdbID":"tt0240772","Type":"movie","DVD":"07 May 2002","BoxOffice":"$183,349,128","Production":"Warner Bros. Pictures","Website":"http://oceans11.warnerbros.com","Response":"True"}