{"Title":"Big Man, Little Love","Year":"2001","Rated":"N/A","Released":"19 Oct 2001","Runtime":"120 min","Genre":"Drama","Director":"Handan IpekÃ§i","Writer":"Handan IpekÃ§i","Actors":"SÃ¼kran GÃ¼ngÃ¶r, Dilan ErÃ§etin, FÃ¼sun Demirel, Yildiz Kenter","Plot":"Hejar, meaning \"Dispossessed\", a little Kurdish orphan war victim, educates a Turkish judge!","Language":"Turkish, Kurdish","Country":"Turkey, Greece, Hungary","Awards":"15 wins & 2 nominations.","Poster":"https://images-na.ssl-images-amazon.com/images/M/MV5BMmJkNDk3NjgtNjY3OC00OGU5LTg1MmMtNTc2NzY4NzEzNDA2XkEyXkFqcGdeQXVyMTg5MDIyNTk@._V1_SX300.jpg","Ratings":[{"Source":"Internet Movie Database","Value":"7.6/10"}],"Metascore":"N/A","imdbRating":"7.6","imdbVotes":"1,077","imdbID":"tt0298780","Type":"movie","DVD":"N/A","BoxOffice":"N/A","Production":"N/A","Website":"N/A","Response":"True"}