{"Title":"Water","Year":"2005","Rated":"PG-13","Released":"26 May 2006","Runtime":"117 min","Genre":"Drama, Romance","Director":"Deepa Mehta","Writer":"Anurag Kashyap (dialogue), Deepa Mehta","Actors":"Sarala Kariyawasam, Buddhi Wickrama, Rinsly Weerarathne, Iranganie Serasinghe","Plot":"A thesis picture. In 1938, Gandhi's party is making inroads in women's rights. Chuyia, a child already married but living with her parents, becomes a widow. By tradition, she is ...","Language":"Hindi, Sanskrit","Country":"Canada, India","Awards":"Nominated for 1 Oscar. Another 17 wins & 14 nominations.","Poster":"https://images-na.ssl-images-amazon.com/images/M/MV5BMzIwOTk4Mzk4Nl5BMl5BanBnXkFtZTcwMjc1NTIzMQ@@._V1_SX300.jpg","Ratings":[{"Source":"Internet Movie Database","Value":"7.8/10"},{"Source":"Rotten Tomatoes","Value":"90%"},{"Source":"Metacritic","Value":"77/100"}],"Metascore":"77","imdbRating":"7.8","imdbVotes":"13,210","imdbID":"tt0240200","Type":"movie","DVD":"29 Aug 2006","BoxOffice":"$3,113,922","Production":"Fox Searchlight Pictures","Website":"http://www2.foxsearchlight.com/water/","Response":"True"}