{"Title":"Nayak: The Real Hero","Year":"2001","Rated":"N/A","Released":"07 Sep 2001","Runtime":"187 min","Genre":"Action, Drama","Director":"S. Shankar","Writer":"Anurag Kashyap (dialogue), S. Shankar (story and screenplay)","Actors":"Anil Kapoor, Rani Mukerji, Amrish Puri, Johnny Lever","Plot":"A man accepts a challenge by the chief minister of Maharashtra to run the state for one day, and makes such a success of it that soon he is embroiled in political intrigue.","Language":"Hindi","Country":"India","Awards":"2 nominations.","Poster":"https://ia.media-imdb.com/images/M/MV5BZTg4MDYxNTAtNzQ0Ny00MWQzLTk3YjUtYTMxOGYyNmRjZTQwXkEyXkFqcGdeQXVyNDUzOTQ5MjY@._V1_SX300.jpg","Ratings":[{"Source":"Internet Movie Database","Value":"7.8/10"}],"Metascore":"N/A","imdbRating":"7.8","imdbVotes":"9,977","imdbID":"tt0291376","Type":"movie","DVD":"28 Feb 2007","BoxOffice":"N/A","Production":"N/A","Website":"N/A","Response":"True"}