{"Title":"Conjugation","Year":"2001","Rated":"N/A","Released":"03 Aug 2001","Runtime":"97 min","Genre":"N/A","Director":"Xiaobai Tang","Writer":"N/A","Actors":"Zhao Hong, Quiang Yu","Plot":"N/A","Language":"N/A","Country":"Hong Kong","Awards":"2 wins & 3 nominations.","Poster":"N/A","Ratings":[{"Source":"Internet Movie Database","Value":"7.1/10"}],"Metascore":"N/A","imdbRating":"7.1","imdbVotes":"16","imdbID":"tt0293107","Type":"movie","DVD":"N/A","BoxOffice":"N/A","Production":"N/A","Website":"N/A","Response":"True"}