{"Title":"Illusion","Year":"2004","Rated":"PG-13","Released":"01 Oct 2004","Runtime":"106 min","Genre":"Drama, Romance","Director":"Michael A. Goorjian","Writer":"Tressa DiFiglia, Michael A. Goorjian, Chris Horvath, Ron Marasco","Actors":"Kirk Douglas, Michael A. Goorjian, Karen Tucker, Bryan Cranston","Plot":"A once-powerful, but now ailing movie director nears the end of his life. As he awaits death, he slips into a \"dream\" and is shown three \"snippets\" of the movie of his son's life. At first ...","Language":"English","Country":"USA","Awards":"1 win.","Poster":"https://images-na.ssl-images-amazon.com/images/M/MV5BMTQwOTI3MTY4OF5BMl5BanBnXkFtZTcwMzUzNTcyMQ@@._V1_SX300.jpg","Ratings":[{"Source":"Internet Movie Database","Value":"7.1/10"},{"Source":"Rotten Tomatoes","Value":"36%"}],"Metascore":"N/A","imdbRating":"7.1","imdbVotes":"346","imdbID":"tt0290218","Type":"movie","DVD":"29 May 2007","BoxOffice":"N/A","Production":"N/A","Website":"N/A","Response":"True"}