{"Title":"Baran","Year":"2001","Rated":"PG","Released":"10 Oct 2001","Runtime":"94 min","Genre":"Drama, Romance","Director":"Majid Majidi","Writer":"Majid Majidi","Actors":"Hossein Abedini, Zahra Bahrami, Mohammad Amir Naji, Hossein Mahjoub","Plot":"In a building site in present-day Tehran, Lateef, a 17-year-old Turkish worker is irresistibly drawn to Rahmat, a young Afghan worker. The revelation of Rahmat's secret changes both their lives.","Language":"Persian, Azerbaijani","Country":"Iran","Awards":"13 wins & 5 nominations.","Poster":"https://ia.media-imdb.com/images/M/MV5BMTY0NzQ2Mjk2M15BMl5BanBnXkFtZTcwOTMxMjAwMQ@@._V1_SX300.jpg","Ratings":[{"Source":"Internet Movie Database","Value":"7.8/10"},{"Source":"Rotten Tomatoes","Value":"89%"},{"Source":"Metacritic","Value":"79/100"}],"Metascore":"79","imdbRating":"7.8","imdbVotes":"6,921","imdbID":"tt0233841","Type":"movie","DVD":"22 Oct 2002","BoxOffice":"N/A","Production":"Miramax Films","Website":"http://www.miramax.com/movie/baran","Response":"True"}