{"Title":"A Place in the World","Year":"2001","Rated":"N/A","Released":"12 Jan 2002","Runtime":"126 min","Genre":"Drama","Director":"Artour Aristakisian","Writer":"Artour Aristakisian, Irina Shubina","Actors":"Anna Chernova, Vitaliy Khaev, Nonna Grishaeva, Inna Verbitskaya","Plot":"N/A","Language":"Russian","Country":"Russia","Awards":"2 wins & 3 nominations.","Poster":"https://images-na.ssl-images-amazon.com/images/M/MV5BMWEwODRhN2EtOTNhMC00ZjI2LWI3OWEtNTU0M2MwNGI4MGI3XkEyXkFqcGdeQXVyMzQzNDc4NTQ@._V1_SX300.jpg","Ratings":[{"Source":"Internet Movie Database","Value":"7.2/10"}],"Metascore":"N/A","imdbRating":"7.2","imdbVotes":"238","imdbID":"tt0288624","Type":"movie","DVD":"N/A","BoxOffice":"N/A","Production":"N/A","Website":"N/A","Response":"True"}