{"Title":"Khoey Ho Tum Kahan","Year":"2001","Rated":"N/A","Released":"27 Apr 2001","Runtime":"130 min","Genre":"Drama, Thriller","Director":"Ajab Gul","Writer":"N/A","Actors":"Babar Ali, Deeba Begum, Ajab Gul, Meera","Plot":"N/A","Language":"Urdu","Country":"Pakistan","Awards":"N/A","Poster":"N/A","Ratings":[{"Source":"Internet Movie Database","Value":"7.9/10"}],"Metascore":"N/A","imdbRating":"7.9","imdbVotes":"33","imdbID":"tt0285650","Type":"movie","DVD":"N/A","BoxOffice":"N/A","Production":"N/A","Website":"N/A","Response":"True"}