{"Title":"Embun","Year":"2002","Rated":"N/A","Released":"01 Aug 2002","Runtime":"135 min","Genre":"Romance, War","Director":"Erma Fatima","Writer":"Rohiman Haroon","Actors":"Umie Aida, Aqasha, Normah Damanhuri, Hani Mohsin Hanafi","Plot":"Set in Malaya during the Japanese occupation in the 1940s, this film tells the story of a girl, Embun, who's thrown into the forefront of the struggle against the Japanese when her ...","Language":"Malay, Japanese","Country":"Malaysia","Awards":"1 win.","Poster":"https://images-na.ssl-images-amazon.com/images/M/MV5BYTI5ZjUyNjUtY2RlZS00N2UxLTk3NjQtNmM1OGU2N2E0MTQ5XkEyXkFqcGdeQXVyMjgzNDQyMjE@._V1_SX300.jpg","Ratings":[{"Source":"Internet Movie Database","Value":"7.3/10"}],"Metascore":"N/A","imdbRating":"7.3","imdbVotes":"39","imdbID":"tt0291886","Type":"movie","DVD":"N/A","BoxOffice":"N/A","Production":"N/A","Website":"N/A","Response":"True"}