{"Title":"The Son's Room","Year":"2001","Rated":"R","Released":"09 Mar 2001","Runtime":"99 min","Genre":"Drama","Director":"Nanni Moretti","Writer":"Nanni Moretti (story), Linda Ferri (screenplay), Nanni Moretti (screenplay), Heidrun Schleef (screenplay)","Actors":"Nanni Moretti, Laura Morante, Jasmine Trinca, Giuseppe Sanfelice","Plot":"A psychoanalyst and his family go through profound emotional trauma when their son dies in a scuba diving accident.","Language":"Italian, Latin","Country":"Italy, France","Awards":"16 wins & 26 nominations.","Poster":"https://m.media-amazon.com/images/M/MV5BNTMyMGM5ZTItNmNmYy00MWUwLTk1MTAtMzY0ZTUyMGJiNGVhXkEyXkFqcGdeQXVyMzIwNDY4NDI@._V1_SX300.jpg","Ratings":[{"Source":"Internet Movie Database","Value":"7.4/10"},{"Source":"Rotten Tomatoes","Value":"84%"},{"Source":"Metacritic","Value":"73/100"}],"Metascore":"73","imdbRating":"7.4","imdbVotes":"16,204","imdbID":"tt0208990","Type":"movie","DVD":"08 Oct 2002","BoxOffice":"$737,565","Production":"Miramax Films","Website":"http://www.miramax.com/thesonsroom/index.html","Response":"True"}