{"Title":"Ritual","Year":"2000","Rated":"N/A","Released":"07 Dec 2000","Runtime":"128 min","Genre":"Drama","Director":"Hideaki Anno","Writer":"Hideaki Anno (screenplay), Ayako Fujitani (novel)","Actors":"Shunji Iwai, Ayako Fujitani, Jun Murakami, Shinobu Ã”take","Plot":"A disillusioned filmmaker has an encounter with a young girl who has a ritual of repeating \"Tomorrow is my birthday\" everyday. He tries to communicate with her through his video camera","Language":"Japanese","Country":"Japan","Awards":"1 win & 1 nomination.","Poster":"https://images-na.ssl-images-amazon.com/images/M/MV5BNmUzMTEzNGMtZDNlMS00YzMyLWJjYjctOWU3M2NiNWI4ZjZhXkEyXkFqcGdeQXVyMTcwMTIwODc@._V1_SX300.jpg","Ratings":[{"Source":"Internet Movie Database","Value":"7.7/10"}],"Metascore":"N/A","imdbRating":"7.7","imdbVotes":"1,421","imdbID":"tt0269856","Type":"movie","DVD":"N/A","BoxOffice":"N/A","Production":"N/A","Website":"N/A","Response":"True"}