{"Title":"Breathing Hard","Year":"2001","Rated":"N/A","Released":"12 May 2001","Runtime":"93 min","Genre":"Comedy, Drama","Director":"Eric Neal Young","Writer":"John Rafter Lee","Actors":"John Rafter Lee, June Claman, John Billingsley, Laura D'Arista","Plot":"A struggling Hollywood writer takes a job as a driver for a cursing, cantankerous old British actress. She believes she has one great role left in her...and decides that it should be in his new play.","Language":"English","Country":"USA","Awards":"3 wins.","Poster":"N/A","Ratings":[{"Source":"Internet Movie Database","Value":"7.8/10"}],"Metascore":"N/A","imdbRating":"7.8","imdbVotes":"24","imdbID":"tt0222849","Type":"movie","DVD":"N/A","BoxOffice":"N/A","Production":"N/A","Website":"N/A","Response":"True"}