{"Title":"Flickering Lights","Year":"2000","Rated":"NOT RATED","Released":"03 Nov 2000","Runtime":"109 min","Genre":"Action, Comedy, Crime","Director":"Anders Thomas Jensen","Writer":"Anders Thomas Jensen (screenplay)","Actors":"SÃ¸ren Pilmark, Ulrich Thomsen, Mads Mikkelsen, Nikolaj Lie Kaas","Plot":"Four small-time gangsters from Copenhagen trick a gangster boss: they take over 4,000,000 kroner which they were supposed to bring him. Trying to escape to Barcelona they are forced to stop...","Language":"Danish","Country":"Denmark, Sweden","Awards":"3 wins & 11 nominations.","Poster":"https://images-na.ssl-images-amazon.com/images/M/MV5BNDY5NzgyMDYwMl5BMl5BanBnXkFtZTcwODE5MjYxMQ@@._V1_SX300.jpg","Ratings":[{"Source":"Internet Movie Database","Value":"7.7/10"},{"Source":"Rotten Tomatoes","Value":"70%"},{"Source":"Metacritic","Value":"47/100"}],"Metascore":"47","imdbRating":"7.7","imdbVotes":"16,349","imdbID":"tt0236027","Type":"movie","DVD":"25 Mar 2003","BoxOffice":"N/A","Production":"Vanguard","Website":"N/A","Response":"True"}