{"Title":"Chandni Bar","Year":"2001","Rated":"N/A","Released":"28 Sep 2001","Runtime":"150 min","Genre":"Crime, Drama","Director":"Madhur Bhandarkar","Writer":"Mohan Azaad (dialogue), Mohan Azaad (screenplay), Madhur Bhandarkar, Masud Mirza (dialogue)","Actors":"Tabu, Atul Kulkarni, Rajpal Yadav, Shri Vallabh Vyas","Plot":"A displaced woman is forced to become a beer-bar dancer, and sire children of a gangster.","Language":"Hindi","Country":"India","Awards":"7 wins & 14 nominations.","Poster":"https://images-na.ssl-images-amazon.com/images/M/MV5BMTgwNTg2MzY0MV5BMl5BanBnXkFtZTcwMDg3NTEzMQ@@._V1_SX300.jpg","Ratings":[{"Source":"Internet Movie Database","Value":"7.7/10"}],"Metascore":"N/A","imdbRating":"7.7","imdbVotes":"2,031","imdbID":"tt0267363","Type":"movie","DVD":"18 Dec 2001","BoxOffice":"N/A","Production":"N/A","Website":"N/A","Response":"True"}