{"Title":"Berlin Is in Germany","Year":"2001","Rated":"N/A","Released":"01 Nov 2001","Runtime":"99 min","Genre":"Drama","Director":"Hannes StÃ¶hr","Writer":"Hannes StÃ¶hr","Actors":"JÃ¶rg SchÃ¼ttauf, Julia JÃ¤ger, Robin Becker, Robert Lohr","Plot":"When Martin, a former GDR citizen, is released from jail, he lately becomes confronted with the consequences of the German re-unification.","Language":"German, Russian, French, Spanish, English","Country":"Germany","Awards":"7 wins & 1 nomination.","Poster":"https://images-na.ssl-images-amazon.com/images/M/MV5BMTU4NjI3OTg4MV5BMl5BanBnXkFtZTcwNDgzMDUyMQ@@._V1_SX300.jpg","Ratings":[{"Source":"Internet Movie Database","Value":"7.2/10"}],"Metascore":"N/A","imdbRating":"7.2","imdbVotes":"1,016","imdbID":"tt0276820","Type":"movie","DVD":"N/A","BoxOffice":"N/A","Production":"Filmboard Berlin-Brandenberg","Website":"N/A","Response":"True"}