{"Title":"Under the Skin of the City","Year":"2001","Rated":"N/A","Released":"25 May 2005","Runtime":"92 min","Genre":"Drama","Director":"Rakhshan Bani-Etemad","Writer":"Rakhshan Bani-Etemad, Farid Mostafavi","Actors":"Golab Adineh, Mohammad Reza Forutan, Baran Kosari, Ebrahim Sheibani","Plot":"Tuba works daily at a grueling textile factory in Iran, returning home every night to deal with the rest of her problematic family, which includes: a pregnant daughter whose husband beats ...","Language":"Persian","Country":"Iran","Awards":"5 wins & 2 nominations.","Poster":"https://images-na.ssl-images-amazon.com/images/M/MV5BMTk1Mzg1NjUyN15BMl5BanBnXkFtZTYwNDc0NTk5._V1_SX300.jpg","Ratings":[{"Source":"Internet Movie Database","Value":"7.5/10"},{"Source":"Rotten Tomatoes","Value":"87%"},{"Source":"Metacritic","Value":"77/100"}],"Metascore":"77","imdbRating":"7.5","imdbVotes":"1,155","imdbID":"tt0250125","Type":"movie","DVD":"16 Mar 2004","BoxOffice":"N/A","Production":"Magnolia Pictures","Website":"http://www.magpictures.com/distribution/moreinfo.php?1skin","Response":"True"}