{"Title":"Kondaveeti Simhasanam","Year":"2002","Rated":"N/A","Released":"08 Feb 2002","Runtime":"180 min","Genre":"Action, Drama","Director":"Narayana Rao Dasari","Writer":"Narayana Rao Dasari (screenplay), Narayana Rao Dasari (story)","Actors":"Narayana Rao Dasari, Mohan Babu, Soundarya, Harshavardhan","Plot":"N/A","Language":"Telugu","Country":"India","Awards":"N/A","Poster":"N/A","Ratings":[{"Source":"Internet Movie Database","Value":"6.3/10"}],"Metascore":"N/A","imdbRating":"6.3","imdbVotes":"150","imdbID":"tt0280845","Type":"movie","DVD":"N/A","BoxOffice":"N/A","Production":"N/A","Website":"N/A","Response":"True"}