{"Title":"He Loves Me... He Loves Me Not","Year":"2002","Rated":"PG-13","Released":"27 Mar 2002","Runtime":"92 min","Genre":"Romance, Thriller","Director":"Laetitia Colombani","Writer":"Laetitia Colombani, Caroline Thivel (collaborating writer)","Actors":"Audrey Tautou, Samuel Le Bihan, Isabelle CarrÃ©, Sophie Guillemin","Plot":"A young woman who is in love with a married doctor becomes dangerous when her attempts to persuade him to leave his wife are unsuccessful. However, when things are seen from his point of view, the real situation becomes clear.","Language":"French","Country":"France","Awards":"2 nominations.","Poster":"https://m.media-amazon.com/images/M/MV5BMjE0NzcwMjM4Ml5BMl5BanBnXkFtZTcwMjgyMjEyMQ@@._V1_SX300.jpg","Ratings":[{"Source":"Internet Movie Database","Value":"7.2/10"},{"Source":"Rotten Tomatoes","Value":"71%"},{"Source":"Metacritic","Value":"63/100"}],"Metascore":"63","imdbRating":"7.2","imdbVotes":"17,540","imdbID":"tt0291579","Type":"movie","DVD":"12 Aug 2003","BoxOffice":"$365,899","Production":"Samuel Goldwyn Company","Website":"http://www.helovesmethemovie.com","Response":"True"}