{"Title":"The Bench","Year":"2000","Rated":"N/A","Released":"27 Oct 2000","Runtime":"93 min","Genre":"Drama","Director":"Per Fly","Writer":"Kim Leona (screenplay), Per Fly (screenplay)","Actors":"Jesper Christensen, Marius Sonne Janischefska, Stine Holm Joensen, Nicolaj Kopernikus","Plot":"Kaj is an alcoholic living on the money the Danish state is providing him. Him and his friends spend their time drinking beer at a public bench. One day Kaj's life turns upside down when a young lady and her child moves in next to him.","Language":"Danish","Country":"Denmark, Sweden","Awards":"11 wins & 10 nominations.","Poster":"https://m.media-amazon.com/images/M/MV5BMTc4NzA2ODM0NV5BMl5BanBnXkFtZTgwMDE3NTgwMzE@._V1_SX300.jpg","Ratings":[{"Source":"Internet Movie Database","Value":"7.6/10"}],"Metascore":"N/A","imdbRating":"7.6","imdbVotes":"3,567","imdbID":"tt0245027","Type":"movie","DVD":"23 May 2006","BoxOffice":"N/A","Production":"N/A","Website":"N/A","Response":"True"}