{"Title":"Some Secrets","Year":"2002","Rated":"N/A","Released":"21 Mar 2002","Runtime":"100 min","Genre":"Comedy, Drama","Director":"Alice Nellis","Writer":"Alice Nellis","Actors":"Iva JanzurovÃ¡, Theodora RemundovÃ¡, Igor Bares, Sabina RemundovÃ¡","Plot":"A dark and absurd road-movie comedy in which the grandmother fulfills a dream, the mother stops treating her daughters like kids, the daughters stop treating their husbands like idiots, and...","Language":"Czech, Slovak","Country":"Czech Republic, Slovakia","Awards":"9 wins & 10 nominations.","Poster":"https://images-na.ssl-images-amazon.com/images/M/MV5BMmQ0YmRhZjYtMDZiYy00ODBlLTk2ODAtNWEwMTQ5NGMwMjIwXkEyXkFqcGdeQXVyMjIxMzMyMQ@@._V1_SX300.jpg","Ratings":[{"Source":"Internet Movie Database","Value":"7.2/10"}],"Metascore":"N/A","imdbRating":"7.2","imdbVotes":"341","imdbID":"tt0289786","Type":"movie","DVD":"N/A","BoxOffice":"N/A","Production":"N/A","Website":"N/A","Response":"True"}