{"Title":"Beautiful Memories","Year":"2001","Rated":"N/A","Released":"09 Jan 2002","Runtime":"110 min","Genre":"Drama, Romance","Director":"Zabou Breitman","Writer":"Zabou Breitman (scenario,  adaptation and dialogue), Jean-Claude Deret (scenario,  adaptation and dialogue)","Actors":"Isabelle CarrÃ©, Bernard Campan, Bernard Le Coq, Zabou Breitman","Plot":"Although barely 30, Claire believes she is showing the first symptoms of Alzheimer's disease, a condition from which her mother has recently died. Her sister, Nathalie, is certain that her ...","Language":"French, Yiddish","Country":"France","Awards":"7 wins & 1 nomination.","Poster":"https://ia.media-imdb.com/images/M/MV5BMTI0OTIzMDg1Nl5BMl5BanBnXkFtZTcwMjUwMTg5MQ@@._V1_SX300.jpg","Ratings":[{"Source":"Internet Movie Database","Value":"7.2/10"}],"Metascore":"N/A","imdbRating":"7.2","imdbVotes":"1,235","imdbID":"tt0259440","Type":"movie","DVD":"01 May 2008","BoxOffice":"N/A","Production":"Pyramide International","Website":"http://www.sesouvenirdesbelleschoses.com/","Response":"True"}