{"Title":"Riders","Year":"2001","Rated":"N/A","Released":"21 Apr 2001","Runtime":"95 min","Genre":"Drama","Director":"Doug Sadler","Writer":"Doug Sadler","Actors":"Don Harvey, Bodine Boling, Jane Beard, Sarah Stusek","Plot":"A teenage girl runs away with her younger sister, eluding their mother's abusive boyfriend, in search of their long-estranged father. Ultimately, the adolescent girl must confront her ...","Language":"English","Country":"USA","Awards":"N/A","Poster":"http://ia.media-imdb.com/images/M/MV5BNjY5ODUyNjUyNl5BMl5BanBnXkFtZTcwNzcwMDgyMQ@@._V1_SX300.jpg","Ratings":[{"Source":"Internet Movie Database","Value":"7.4/10"}],"Metascore":"N/A","imdbRating":"7.4","imdbVotes":"86","imdbID":"tt0283572","Type":"movie","DVD":"N/A","BoxOffice":"N/A","Production":"N/A","Website":"N/A","Response":"True"}