{"Title":"Read My Lips","Year":"2001","Rated":"R","Released":"26 Jul 2002","Runtime":"115 min","Genre":"Crime, Drama, Romance, Thriller","Director":"Jacques Audiard","Writer":"Jacques Audiard, Tonino Benacquista","Actors":"Vincent Cassel, Emmanuelle Devos, Olivier Gourmet, Olivier Perrier","Plot":"She is almost deaf and she lip-reads. He is an ex-convict. She wants to help him. He thinks no one can help except himself.","Language":"French","Country":"France","Awards":"7 wins & 12 nominations.","Poster":"https://m.media-amazon.com/images/M/MV5BNjYxNTA5NWUtY2FjNC00YTAzLWEwNDYtZGY2Y2E2NjNkZTY5XkEyXkFqcGdeQXVyMTA0MjU0Ng@@._V1_SX300.jpg","Ratings":[{"Source":"Internet Movie Database","Value":"7.4/10"},{"Source":"Rotten Tomatoes","Value":"97%"},{"Source":"Metacritic","Value":"82/100"}],"Metascore":"82","imdbRating":"7.4","imdbVotes":"12,230","imdbID":"tt0274117","Type":"movie","DVD":"22 Jul 2003","BoxOffice":"$1,177,985","Production":"Magnolia Pictures","Website":"http://www.magpictures.com/distribution/moreinfo.php?2readlips","Response":"True"}