{"Title":"Joint Security Area","Year":"2000","Rated":"NOT RATED","Released":"09 Sep 2000","Runtime":"110 min","Genre":"Action, Drama, Thriller","Director":"Chan-wook Park","Writer":"Seong-san Jeong, Hyun-seok Kim, Mu-yeong Lee, Chan-wook Park, Sang-yeon Park (novel)","Actors":"Yeong-ae Lee, Byung-Hun Lee, Kang-ho Song, Tae-woo Kim","Plot":"In the DMZ separating North and South Korea, two North Korean soldiers have been killed, supposedly by one South Korean soldier. But the 11 bullets found in the bodies, together with the 5 ...","Language":"Korean, English, German","Country":"South Korea","Awards":"14 wins & 4 nominations.","Poster":"https://m.media-amazon.com/images/M/MV5BZjI3NjFlOTktN2JhYy00NjhjLWFmYWYtMDk3ZTkwOWQwZTAwXkEyXkFqcGdeQXVyMTMxODk2OTU@._V1_SX300.jpg","Ratings":[{"Source":"Internet Movie Database","Value":"7.9/10"},{"Source":"Rotten Tomatoes","Value":"75%"},{"Source":"Metacritic","Value":"58/100"}],"Metascore":"58","imdbRating":"7.9","imdbVotes":"22,326","imdbID":"tt0260991","Type":"movie","DVD":"30 Jul 2002","BoxOffice":"N/A","Production":"Asian Crush","Website":"N/A","Response":"True"}