{"Title":"Late Marriage","Year":"2001","Rated":"UNRATED","Released":"28 Jun 2002","Runtime":"102 min","Genre":"Comedy, Drama, Romance","Director":"Dover Koshashvili","Writer":"Dover Koshashvili","Actors":"Lior Ashkenazi, Ronit Elkabetz, Moni Moshonov, Lili Koshashvili","Plot":"Zaza is a 31-year old Israeli bachelor, handsome and intelligent, and his family wants to see him married. But tradition dictates that Zaza has to choose a young virgin. She must be ...","Language":"Georgian, Hebrew","Country":"Israel, France","Awards":"18 wins & 8 nominations.","Poster":"https://images-na.ssl-images-amazon.com/images/M/MV5BMTYxMjU2MjA2NF5BMl5BanBnXkFtZTcwODM5MzIyMQ@@._V1_SX300.jpg","Ratings":[{"Source":"Internet Movie Database","Value":"7.2/10"},{"Source":"Rotten Tomatoes","Value":"88%"},{"Source":"Metacritic","Value":"82/100"}],"Metascore":"82","imdbRating":"7.2","imdbVotes":"2,746","imdbID":"tt0287471","Type":"movie","DVD":"18 Feb 2003","BoxOffice":"$1,188,608","Production":"Magnolia","Website":"http://www.magpictures.com/distribution/moreinfo.php?1marriage","Response":"True"}