{"Title":"Chinpira","Year":"2001","Rated":"N/A","Released":"25 Sep 2001","Runtime":"109 min","Genre":"Crime, Drama, Romance","Director":"Rokuro Mochizuki","Writer":"KÃ´ichi Ishii","Actors":"YÃ´ko Hoshi, Kazuki Kitamura, Kiyori Miyamae, Hiroyuki Nagato","Plot":"N/A","Language":"N/A","Country":"Japan","Awards":"N/A","Poster":"N/A","Ratings":[{"Source":"Internet Movie Database","Value":"6.6/10"}],"Metascore":"N/A","imdbRating":"6.6","imdbVotes":"11","imdbID":"tt0280550","Type":"movie","DVD":"N/A","BoxOffice":"N/A","Production":"N/A","Website":"N/A","Response":"True"}