{"Title":"Behind the Sun","Year":"2001","Rated":"PG-13","Released":"01 May 2002","Runtime":"105 min","Genre":"Drama","Director":"Walter Salles","Writer":"Karim AÃ¯nouz (screenplay), Ismail Kadare (novel), SÃ©rgio Machado (screenplay), JoÃ£o Moreira Salles (additional dialogue), Walter Salles (screenplay), Daniela Thomas (additional dialogue)","Actors":"JosÃ© Dumont, Rodrigo Santoro, Rita Assemany, Luiz Carlos Vasconcelos","Plot":"When ordered by his father to avenge the death of his older brother, a young man questions the tradition of violence between two rival families.","Language":"Portuguese","Country":"Brazil, France, Switzerland","Awards":"Nominated for 1 Golden Globe. Another 8 wins & 4 nominations.","Poster":"https://images-na.ssl-images-amazon.com/images/M/MV5BZjYyN2ExNDQtMzNiMy00NzQzLTkwNjctYTE4YWJhYmY4MzI4XkEyXkFqcGdeQXVyMTY2MzYyNzA@._V1_SX300.jpg","Ratings":[{"Source":"Internet Movie Database","Value":"7.7/10"},{"Source":"Rotten Tomatoes","Value":"74%"},{"Source":"Metacritic","Value":"73/100"}],"Metascore":"73","imdbRating":"7.7","imdbVotes":"6,028","imdbID":"tt0291003","Type":"movie","DVD":"11 Jun 2002","BoxOffice":"N/A","Production":"Miramax Films","Website":"http://www.miramaxhighlights.com/behindthesun","Response":"True"}