{"Title":"Kill Bill: Vol. 1","Year":"2003","Rated":"R","Released":"10 Oct 2003","Runtime":"111 min","Genre":"Action, Crime, Thriller","Director":"Quentin Tarantino","Writer":"Quentin Tarantino, Quentin Tarantino (character The Bride), Uma Thurman (character The Bride)","Actors":"Uma Thurman, Lucy Liu, Vivica A. Fox, Daryl Hannah","Plot":"After awakening from a four-year coma, a former assassin wreaks vengeance on the team of assassins who betrayed her.","Language":"English, Japanese, French","Country":"USA","Awards":"Nominated for 1 Golden Globe. Another 27 wins & 99 nominations.","Poster":"https://m.media-amazon.com/images/M/MV5BNzM3NDFhYTAtYmU5Mi00NGRmLTljYjgtMDkyODQ4MjNkMGY2XkEyXkFqcGdeQXVyNzkwMjQ5NzM@._V1_SX300.jpg","Ratings":[{"Source":"Internet Movie Database","Value":"8.1/10"},{"Source":"Rotten Tomatoes","Value":"85%"},{"Source":"Metacritic","Value":"69/100"}],"Metascore":"69","imdbRating":"8.1","imdbVotes":"872,999","imdbID":"tt0266697","Type":"movie","DVD":"13 Apr 2004","BoxOffice":"N/A","Production":"Miramax Films","Website":"http://www.kill-bill.com/","Response":"True"}