{"Title":"Three","Year":"2002","Rated":"R","Released":"08 Jan 2003","Runtime":"124 min","Genre":"Crime, Drama","Director":"Lucas Belvaux","Writer":"Lucas Belvaux","Actors":"Dominique Blanc, Gilbert Melki, Ornella Muti, Catherine Frot","Plot":"In the final chapter of director Belvaux's trilogy, Pascal, now a disgraced cop, seeks redemption by capturing Bruno, a fugitive with a strange connection to Agnes, Pascal's heroin-addicted wife.","Language":"French","Country":"France, Belgium","Awards":"8 wins & 4 nominations.","Poster":"https://m.media-amazon.com/images/M/MV5BN2FmZTUwNWMtNjIwNC00YmYzLTlkYmUtNThlYzcwMzJmZTE1XkEyXkFqcGdeQXVyMDM0NzcxMQ@@._V1_SX300.jpg","Ratings":[{"Source":"Internet Movie Database","Value":"7.1/10"},{"Source":"Rotten Tomatoes","Value":"91%"},{"Source":"Metacritic","Value":"73/100"}],"Metascore":"73","imdbRating":"7.1","imdbVotes":"814","imdbID":"tt0233230","Type":"movie","DVD":"19 Jul 2005","BoxOffice":"N/A","Production":"Magnolia Pictures","Website":"http://www.uncoupleepatant-cavale-apreslavie.com/apreslavie.html","Response":"True"}