{"Title":"Vizontele","Year":"2001","Rated":"N/A","Released":"02 Feb 2001","Runtime":"110 min","Genre":"Comedy, Drama","Director":"Yilmaz Erdogan, Ã–mer Faruk Sorak","Writer":"Yilmaz Erdogan","Actors":"Yilmaz Erdogan, Demet Akbag, Altan Erkekli, Cem Yilmaz","Plot":"The film is about the introduction of television to a small village in southeast Anatolia in 1974. Employing a tragicomic language, it tells of the efforts of Emin who is the village idiot ...","Language":"Turkish","Country":"Turkey","Awards":"5 wins.","Poster":"https://m.media-amazon.com/images/M/MV5BMjA2MzM4NjkyMF5BMl5BanBnXkFtZTYwMTQ2ODc5._V1_SX300.jpg","Ratings":[{"Source":"Internet Movie Database","Value":"8.1/10"}],"Metascore":"N/A","imdbRating":"8.1","imdbVotes":"26,017","imdbID":"tt0270053","Type":"movie","DVD":"N/A","BoxOffice":"N/A","Production":"N/A","Website":"N/A","Response":"True"}