{"Title":"Narc","Year":"2002","Rated":"R","Released":"10 Jan 2003","Runtime":"105 min","Genre":"Crime, Drama, Mystery, Thriller","Director":"Joe Carnahan","Writer":"Joe Carnahan","Actors":"Dan Leis, Jason Patric, Lloyd Adams, Meagan Issa","Plot":"When the trail goes cold on a murder investigation of a policeman an undercover narcotics officer is lured back to the force to help solve the case.","Language":"English, Spanish","Country":"USA, Canada","Awards":"1 win & 8 nominations.","Poster":"https://m.media-amazon.com/images/M/MV5BYjVhMWI2ZjgtNzNiNy00Mjc2LTljZDQtNGYwMzYwMTlhZGFhXkEyXkFqcGdeQXVyNDk3NzU2MTQ@._V1_SX300.jpg","Ratings":[{"Source":"Internet Movie Database","Value":"7.2/10"},{"Source":"Rotten Tomatoes","Value":"83%"},{"Source":"Metacritic","Value":"70/100"}],"Metascore":"70","imdbRating":"7.2","imdbVotes":"36,334","imdbID":"tt0272207","Type":"movie","DVD":"17 Jun 2003","BoxOffice":"$10,237,964","Production":"Paramount Pictures","Website":"http://www.narcmovie.com","Response":"True"}