{"Title":"Fate","Year":"2001","Rated":"N/A","Released":"09 Nov 2001","Runtime":"119 min","Genre":"Drama","Director":"Zeki Demirkubuz","Writer":"Albert Camus (novel), Zeki Demirkubuz","Actors":"Serdar OrÃ§in, Zeynep Tokus, Engin GÃ¼naydin, Demir Karahan","Plot":"Musa, who works as a bookkeeper in the customs office, believes in the emptiness and absurdity of life. He doesn't struggle to change his life; he lets himself flow along with events ...","Language":"Turkish","Country":"Turkey","Awards":"8 wins & 1 nomination.","Poster":"https://images-na.ssl-images-amazon.com/images/M/MV5BNjEzNTUxOTE0MF5BMl5BanBnXkFtZTgwMTA2OTk1MDE@._V1_SX300.jpg","Ratings":[{"Source":"Internet Movie Database","Value":"7.7/10"}],"Metascore":"N/A","imdbRating":"7.7","imdbVotes":"3,389","imdbID":"tt0287803","Type":"movie","DVD":"N/A","BoxOffice":"N/A","Production":"N/A","Website":"N/A","Response":"True"}