{"Title":"Home Room","Year":"2002","Rated":"R","Released":"12 Apr 2002","Runtime":"133 min","Genre":"Crime, Drama","Director":"Paul F. Ryan","Writer":"Paul F. Ryan","Actors":"Busy Philipps, Erika Christensen, Victor Garber, Raphael Sbarge","Plot":"A high school shooting has repercussions on the town and students.","Language":"English","Country":"USA","Awards":"2 wins & 1 nomination.","Poster":"https://m.media-amazon.com/images/M/MV5BYTU5MDVmOWItOTAzYy00NTBlLThmYjktNDA3MWIwYWQ1M2UzXkEyXkFqcGdeQXVyMTQxNzMzNDI@._V1_SX300.jpg","Ratings":[{"Source":"Internet Movie Database","Value":"7.3/10"},{"Source":"Rotten Tomatoes","Value":"55%"},{"Source":"Metacritic","Value":"43/100"}],"Metascore":"43","imdbRating":"7.3","imdbVotes":"3,073","imdbID":"tt0264689","Type":"movie","DVD":"14 Oct 2003","BoxOffice":"N/A","Production":"DEJ Productions","Website":"http://www.homeroommovie.com","Response":"True"}