{"Title":"March","Year":"2001","Rated":"N/A","Released":"N/A","Runtime":"92 min","Genre":"N/A","Director":"James P. Mercurio","Writer":"Dean L. Morini","Actors":"Sean Kanan, Chad McCord, Julia Pennington, Rena Sofer","Plot":"Julian March is unhappy with his wife, his family and his mistress. His detachment and coldness bring darkness to the March family and those around them. Will he realize his emotional alienation and move on before it is too late?","Language":"English","Country":"USA","Awards":"N/A","Poster":"N/A","Ratings":[{"Source":"Internet Movie Database","Value":"7.7/10"}],"Metascore":"N/A","imdbRating":"7.7","imdbVotes":"29","imdbID":"tt0255348","Type":"movie","DVD":"N/A","BoxOffice":"N/A","Production":"N/A","Website":"N/A","Response":"True"}