{"Title":"To End All Wars","Year":"2001","Rated":"R","Released":"02 Sep 2001","Runtime":"117 min","Genre":"Action, Drama, War","Director":"David L. Cunningham","Writer":"Ernest Gordon (book), Brian Godawa (screenplay)","Actors":"CiarÃ¡n McMenamin, Robert Carlyle, Kiefer Sutherland, Mark Strong","Plot":"A true story about four Allied POWs who endure harsh treatment from their Japanese captors during World War II while being forced to build a railroad through the Burmese jungle. Ultimately ...","Language":"English, Japanese","Country":"USA","Awards":"3 wins & 4 nominations.","Poster":"https://m.media-amazon.com/images/M/MV5BMjAyMDMxMTExOV5BMl5BanBnXkFtZTcwNzEwMjYyMQ@@._V1_SX300.jpg","Ratings":[{"Source":"Internet Movie Database","Value":"7.1/10"},{"Source":"Rotten Tomatoes","Value":"62%"}],"Metascore":"N/A","imdbRating":"7.1","imdbVotes":"9,479","imdbID":"tt0243609","Type":"movie","DVD":"15 Jun 2004","BoxOffice":"N/A","Production":"Argyll Film Partners","Website":"http://www.toendallwars.com/","Response":"True"}