{"Title":"Wild Innocence","Year":"2001","Rated":"N/A","Released":"19 Dec 2001","Runtime":"123 min","Genre":"Comedy, Drama","Director":"Philippe Garrel","Writer":"Marc Cholodenko (dialogue), Chilique Garrel (dialogue), Philippe Garrel (script), Arlette Langmann (dialogue)","Actors":"Mehdi Belhaj Kacem, Julia Faure, Michel Subor, Mathieu Genet","Plot":"A movie director does a new film against heroine consumption, and the producers are heroine dealers.","Language":"French","Country":"France, Netherlands","Awards":"1 win & 3 nominations.","Poster":"https://images-na.ssl-images-amazon.com/images/M/MV5BNWI5ODA4ZDQtZjIxMS00OWFhLWI5NzMtM2ZjNDJkM2Y3NzEyXkEyXkFqcGdeQXVyMzYwMTkzNTQ@._V1_SX300.jpg","Ratings":[{"Source":"Internet Movie Database","Value":"7.1/10"},{"Source":"Rotten Tomatoes","Value":"81%"}],"Metascore":"N/A","imdbRating":"7.1","imdbVotes":"378","imdbID":"tt0290841","Type":"movie","DVD":"10 Dec 2002","BoxOffice":"N/A","Production":"Independent Distribution Partn","Website":"N/A","Response":"True"}