{"Title":"Em & Me","Year":"2004","Rated":"N/A","Released":"06 Oct 2004","Runtime":"94 min","Genre":"Drama, Romance","Director":"L. James Langlois","Writer":"Nathan Langford","Actors":"Alan Young, Mary Mara, Danielle Harris, Alex McArthur","Plot":"A funny and poignant tale of an old man who takes a road trip to have one last dance with his one true love. Along the way he touches the lives of those he meets.","Language":"English","Country":"USA","Awards":"4 wins.","Poster":"N/A","Ratings":[{"Source":"Internet Movie Database","Value":"7.5/10"}],"Metascore":"N/A","imdbRating":"7.5","imdbVotes":"50","imdbID":"tt0236189","Type":"movie","DVD":"N/A","BoxOffice":"N/A","Production":"N/A","Website":"N/A","Response":"True"}