{"Title":"One Fine Spring Day","Year":"2001","Rated":"N/A","Released":"29 Sep 2001","Runtime":"106 min","Genre":"Drama, Romance","Director":"Jin-ho Hur","Writer":"Jin-ho Hur","Actors":"Yeong-ae Lee, Ji-tae Yu, Sang-hui Baek, In-hwan Park","Plot":"A sound engineer falls in love with a radio show host after they work together on a project capturing natural sounds.","Language":"Korean","Country":"South Korea, Japan, Hong Kong","Awards":"8 wins & 3 nominations.","Poster":"https://m.media-amazon.com/images/M/MV5BMzE0MTA4MmUtMDk4OS00NDVkLTlhNjctN2EyZmY2ZTc0ODFmXkEyXkFqcGdeQXVyMjI2MDQxODA@._V1_SX300.jpg","Ratings":[{"Source":"Internet Movie Database","Value":"7.2/10"}],"Metascore":"N/A","imdbRating":"7.2","imdbVotes":"1,263","imdbID":"tt0295192","Type":"movie","DVD":"N/A","BoxOffice":"N/A","Production":"N/A","Website":"N/A","Response":"True"}