{"Title":"The Hidden Half","Year":"2001","Rated":"N/A","Released":"08 Mar 2002","Runtime":"103 min","Genre":"Drama","Director":"Tahmineh Milani","Writer":"Tahmineh Milani","Actors":"Niki Karimi, Mohammad Nikbin, Atila Pesiani, Soghra Obeisi","Plot":"An official is sent from his home in Tehran to hear the final appeal of a woman sentenced to death, a political prisoner. The official's wife of nearly 20 years, Fereshteh Samimi, writes ...","Language":"Persian","Country":"Iran","Awards":"3 wins & 2 nominations.","Poster":"https://images-na.ssl-images-amazon.com/images/M/MV5BMTg5MDc5MTM4MF5BMl5BanBnXkFtZTcwNjYwODYxMQ@@._V1_SX300.jpg","Ratings":[{"Source":"Internet Movie Database","Value":"7.1/10"},{"Source":"Metacritic","Value":"49/100"}],"Metascore":"49","imdbRating":"7.1","imdbVotes":"670","imdbID":"tt0277925","Type":"movie","DVD":"29 Oct 2002","BoxOffice":"N/A","Production":"N/A","Website":"N/A","Response":"True"}