{"Title":"Farewell to Harry","Year":"2002","Rated":"N/A","Released":"05 Apr 2002","Runtime":"103 min","Genre":"Drama","Director":"Garrett Bennett","Writer":"Garrett Bennett (screenplay), Garrett Bennett (story), Steve Edmiston (screenplay), Neil Weinberger (screenplay), Ann Wilkinson (additional writing)","Actors":"Joe Flanigan, William Hall Jr., Lysette Anthony, Joseph Franklin","Plot":"A down-and-out writer, Nick Sennet, runs into Harry, a man that, legend has it, died long ago. Together they attempt to revitalize a defunct factory as well as their lives.","Language":"English","Country":"USA","Awards":"N/A","Poster":"https://images-na.ssl-images-amazon.com/images/M/MV5BMTM4OTA3MjczOV5BMl5BanBnXkFtZTcwMDIzNDcyMQ@@._V1_SX300.jpg","Ratings":[{"Source":"Internet Movie Database","Value":"7.1/10"}],"Metascore":"N/A","imdbRating":"7.1","imdbVotes":"143","imdbID":"tt0285086","Type":"movie","DVD":"18 Jan 2005","BoxOffice":"N/A","Production":"N/A","Website":"N/A","Response":"True"}