{"Title":"My Brother Tom","Year":"2001","Rated":"N/A","Released":"16 Nov 2001","Runtime":"105 min","Genre":"Drama","Director":"Dom Rotheroe","Writer":"Alison Beeton-Hilder, Dom Rotheroe","Actors":"Jenna Harrison, Ben Whishaw, Honeysuckle Weeks, Michael Erskine","Plot":"A teenage girl, Jessica, befriends a teenage boy called Tom, who is bullied by a local gang. She is abused by Jack, who is both her neighbour and school teacher, and Tom is sexually abused ...","Language":"English","Country":"UK","Awards":"8 wins & 4 nominations.","Poster":"https://ia.media-imdb.com/images/M/MV5BNDcwNTc0NjYyNF5BMl5BanBnXkFtZTcwMjg1MDY5MQ@@._V1_SX300.jpg","Ratings":[{"Source":"Internet Movie Database","Value":"7.1/10"}],"Metascore":"N/A","imdbRating":"7.1","imdbVotes":"809","imdbID":"tt0273850","Type":"movie","DVD":"N/A","BoxOffice":"N/A","Production":"N/A","Website":"N/A","Response":"True"}