{"Title":"Evagora's Vow","Year":"2001","Rated":"N/A","Released":"18 Jan 2002","Runtime":"153 min","Genre":"Drama","Director":"Andreas Pantzis","Writer":"Aleksandr Adabashyan (script editor), Kyriakos Efthimiou (dialogue editor), Andreas Pantzis, Giannis Voglis (dialogue editor)","Actors":"Georges Corraface, Valeria Golino, Giannis Voglis, Ilias Aletras","Plot":"N/A","Language":"Greek","Country":"Cyprus, Greece, Bulgaria","Awards":"5 wins & 2 nominations.","Poster":"N/A","Ratings":[{"Source":"Internet Movie Database","Value":"7.1/10"}],"Metascore":"N/A","imdbRating":"7.1","imdbVotes":"70","imdbID":"tt0246268","Type":"movie","DVD":"N/A","BoxOffice":"N/A","Production":"N/A","Website":"N/A","Response":"True"}