{"Title":"Whispering Sands","Year":"2001","Rated":"N/A","Released":"18 May 2002","Runtime":"106 min","Genre":"Drama","Director":"Nan Triveni Achnas","Writer":"Nan Triveni Achnas, Rayya Makarim","Actors":"Christine Hakim, Dian Sastrowardoyo, Slamet Rahardjo, Didi Petet","Plot":"N/A","Language":"Indonesian","Country":"Indonesia, Japan","Awards":"8 wins & 3 nominations.","Poster":"N/A","Ratings":[{"Source":"Internet Movie Database","Value":"7.1/10"}],"Metascore":"N/A","imdbRating":"7.1","imdbVotes":"145","imdbID":"tt0292171","Type":"movie","DVD":"N/A","BoxOffice":"N/A","Production":"Christine Hakim Film","Website":"N/A","Response":"True"}