{"Title":"Green Diggity Dog","Year":"2001","Rated":"N/A","Released":"N/A","Runtime":"97 min","Genre":"Comedy, Romance, Crime","Director":"Hoot Maynard","Writer":"Hoot Maynard","Actors":"Jon Huertas, Stephen Rippey, David Bannick, Ashley Clark","Plot":"What do a mobster, a dog and peanut butter have in common? Bellman Tim Porter is about to find out. On a routine bag checkout, Tim Porter discovers there is nothing routine about this day. ...","Language":"English","Country":"USA","Awards":"1 win.","Poster":"N/A","Ratings":[{"Source":"Internet Movie Database","Value":"6.9/10"}],"Metascore":"N/A","imdbRating":"6.9","imdbVotes":"12","imdbID":"tt0247389","Type":"movie","DVD":"N/A","BoxOffice":"N/A","Production":"N/A","Website":"N/A","Response":"True"}