{"Title":"The Adopted","Year":"2001","Rated":"N/A","Released":"N/A","Runtime":"125 min","Genre":"Drama","Director":"Gul Bahar Singh","Writer":"Partha Banerjee, Subbir Mukherjee","Actors":"Rajit Kapoor, Anjan Srivastav, A.K. Hangal, Kruttika Desai","Plot":"N/A","Language":"Hindi","Country":"India","Awards":"N/A","Poster":"N/A","Ratings":[{"Source":"Internet Movie Database","Value":"7.4/10"}],"Metascore":"N/A","imdbRating":"7.4","imdbVotes":"19","imdbID":"tt0284999","Type":"movie","DVD":"20 Feb 2007","BoxOffice":"N/A","Production":"N/A","Website":"N/A","Response":"True"}