{"Title":"Heaven","Year":"2002","Rated":"R","Released":"21 Feb 2002","Runtime":"97 min","Genre":"Crime, Drama, Romance, Thriller","Director":"Tom Tykwer","Writer":"Krzysztof Kieslowski (trilogy \"Heaven,  Hell and Purgatory\"), Krzysztof Piesiewicz (trilogy \"Heaven,  Hell and Purgatory\"), Krzysztof Kieslowski (screenplay), Krzysztof Piesiewicz (screenplay)","Actors":"Cate Blanchett, Giovanni Ribisi, Remo Girone, Stefania Rocca","Plot":"A woman takes the law into her own hands after police ignore her pleas to arrest the man responsible for her husband's death, and finds herself not only under arrest for murder but falling in love with an officer.","Language":"Italian, English","Country":"UK, France, Italy, Germany, USA","Awards":"6 wins & 7 nominations.","Poster":"https://m.media-amazon.com/images/M/MV5BMjdjOTMyZGEtYjZhNi00ZTE1LWExYTUtNzI1NzZlY2ExMzVkXkEyXkFqcGdeQXVyMTAwMzUyOTc@._V1_SX300.jpg","Ratings":[{"Source":"Internet Movie Database","Value":"7.1/10"},{"Source":"Rotten Tomatoes","Value":"74%"},{"Source":"Metacritic","Value":"68/100"}],"Metascore":"68","imdbRating":"7.1","imdbVotes":"21,845","imdbID":"tt0246677","Type":"movie","DVD":"17 Jun 2003","BoxOffice":"$630,553","Production":"Miramax Films","Website":"http://www.miramax.com/heaven/index.html","Response":"True"}