{"Title":"Waking Life","Year":"2001","Rated":"R","Released":"07 Mar 2002","Runtime":"99 min","Genre":"Animation, Drama, Fantasy","Director":"Richard Linklater","Writer":"Richard Linklater","Actors":"Trevor Jack Brooks, Lorelei Linklater, Wiley Wiggins, Glover Gill","Plot":"A man shuffles through a dream meeting various people and discussing the meanings and purposes of the universe.","Language":"English","Country":"USA","Awards":"5 wins & 20 nominations.","Poster":"https://m.media-amazon.com/images/M/MV5BMWM0ZjY5ZjctODNkZi00Nzk0LWE1ODUtNGM4ZDUyMzUwMGYwXkEyXkFqcGdeQXVyMTQxNzMzNDI@._V1_SX300.jpg","Ratings":[{"Source":"Internet Movie Database","Value":"7.8/10"},{"Source":"Rotten Tomatoes","Value":"80%"},{"Source":"Metacritic","Value":"82/100"}],"Metascore":"82","imdbRating":"7.8","imdbVotes":"55,689","imdbID":"tt0243017","Type":"movie","DVD":"07 May 2002","BoxOffice":"$2,063,729","Production":"Fox Searchlight","Website":"http://www.wakinglife.com","Response":"True"}