{"Title":"The Royal Tenenbaums","Year":"2001","Rated":"R","Released":"04 Jan 2002","Runtime":"110 min","Genre":"Comedy, Drama","Director":"Wes Anderson","Writer":"Wes Anderson, Owen Wilson","Actors":"Gene Hackman, Anjelica Huston, Ben Stiller, Gwyneth Paltrow","Plot":"The eccentric members of a dysfunctional family reluctantly gather under the same roof for various reasons.","Language":"English, Italian","Country":"USA","Awards":"Nominated for 1 Oscar. Another 10 wins & 45 nominations.","Poster":"https://m.media-amazon.com/images/M/MV5BYmUzODQ5MGItZTZlNy00MDBhLWIxMmItMjg4Y2QyNDFlMWQ2XkEyXkFqcGdeQXVyMTMxODk2OTU@._V1_SX300.jpg","Ratings":[{"Source":"Internet Movie Database","Value":"7.6/10"},{"Source":"Rotten Tomatoes","Value":"80%"},{"Source":"Metacritic","Value":"76/100"}],"Metascore":"76","imdbRating":"7.6","imdbVotes":"238,587","imdbID":"tt0265666","Type":"movie","DVD":"09 Jul 2002","BoxOffice":"$52,307,676","Production":"Buena Vista Distribution Compa","Website":"http://www.royaltenenbaums.com","Response":"True"}