{"Title":"In America","Year":"2002","Rated":"PG-13","Released":"06 Feb 2004","Runtime":"105 min","Genre":"Drama","Director":"Jim Sheridan","Writer":"Jim Sheridan, Naomi Sheridan, Kirsten Sheridan","Actors":"Paddy Considine, Samantha Morton, Sarah Bolger, Emma Bolger","Plot":"A family of Irish immigrants adjust to life on the mean streets of Hell's Kitchen while also grieving the death of a child.","Language":"English, Spanish, Irish","Country":"Ireland, UK","Awards":"Nominated for 3 Oscars. Another 27 wins & 61 nominations.","Poster":"https://images-na.ssl-images-amazon.com/images/M/MV5BOGY1YmUzN2MtNDQ3NC00Nzc4LWI5M2EtYzUwMGQ4NWM4NjE1XkEyXkFqcGdeQXVyMTQxNzMzNDI@._V1_SX300.jpg","Ratings":[{"Source":"Internet Movie Database","Value":"7.8/10"},{"Source":"Rotten Tomatoes","Value":"89%"},{"Source":"Metacritic","Value":"76/100"}],"Metascore":"76","imdbRating":"7.8","imdbVotes":"38,071","imdbID":"tt0298845","Type":"movie","DVD":"11 May 2004","BoxOffice":"$15,323,959","Production":"Fox Searchlight Pictures","Website":"http://www2.foxsearchlight.com/inamerica/","Response":"True"}