{"Title":"Solino","Year":"2002","Rated":"N/A","Released":"07 Nov 2002","Runtime":"124 min","Genre":"Drama, Comedy","Director":"Fatih Akin","Writer":"Ruth Toma","Actors":"Christian Tasche, Barnaby Metschurat, Tiziana Lodato, Antonella Attili","Plot":"In the sixties Romano Amato, his wife Rosa and their two sons Giancarlo and Gigi emigrate from Solino in Italy to Duisburg in the Ruhr area and establish the first Pizza restaurant in town....","Language":"German, Italian","Country":"Germany","Awards":"3 wins & 2 nominations.","Poster":"https://images-na.ssl-images-amazon.com/images/M/MV5BMTY0NTc1OTExMF5BMl5BanBnXkFtZTcwOTUwODE1MQ@@._V1_SX300.jpg","Ratings":[{"Source":"Internet Movie Database","Value":"7.4/10"}],"Metascore":"N/A","imdbRating":"7.4","imdbVotes":"4,553","imdbID":"tt0292242","Type":"movie","DVD":"N/A","BoxOffice":"N/A","Production":"N/A","Website":"N/A","Response":"True"}