{"Title":"Brigham City","Year":"2001","Rated":"PG-13","Released":"30 Mar 2001","Runtime":"119 min","Genre":"Crime, Drama, Mystery","Director":"Richard Dutcher","Writer":"Richard Dutcher","Actors":"Richard Dutcher, Matthew A. Brown, Wilford Brimley, Carrie Morgan","Plot":"The sheriff of a small Utah community searches for a serial killer.","Language":"English","Country":"USA","Awards":"3 wins.","Poster":"https://ia.media-imdb.com/images/M/MV5BMTI0OTMzNDgyNl5BMl5BanBnXkFtZTcwMDQ0MTUyMQ@@._V1_SX300.jpg","Ratings":[{"Source":"Internet Movie Database","Value":"7.1/10"},{"Source":"Rotten Tomatoes","Value":"71%"},{"Source":"Metacritic","Value":"62/100"}],"Metascore":"62","imdbRating":"7.1","imdbVotes":"1,034","imdbID":"tt0268200","Type":"movie","DVD":"30 Apr 2002","BoxOffice":"N/A","Production":"Zion Films","Website":"N/A","Response":"True"}