{"Title":"The Hours","Year":"2002","Rated":"PG-13","Released":"14 Feb 2003","Runtime":"110 min","Genre":"Drama, Romance","Director":"Stephen Daldry","Writer":"Michael Cunningham (novel), David Hare (screenplay)","Actors":"Nicole Kidman, Julianne Moore, Meryl Streep, Stephen Dillane","Plot":"The story of how the novel \"Mrs. Dalloway\" affects three generations of women, all of whom, in one way or another, have had to deal with suicide in their lives.","Language":"English","Country":"USA, UK","Awards":"Won 1 Oscar. Another 41 wins & 125 nominations.","Poster":"https://m.media-amazon.com/images/M/MV5BMTY4MDQyNjM2OF5BMl5BanBnXkFtZTcwMjQxOTAzMw@@._V1_SX300.jpg","Ratings":[{"Source":"Internet Movie Database","Value":"7.6/10"},{"Source":"Rotten Tomatoes","Value":"80%"},{"Source":"Metacritic","Value":"80/100"}],"Metascore":"80","imdbRating":"7.6","imdbVotes":"114,098","imdbID":"tt0274558","Type":"movie","DVD":"24 Jun 2003","BoxOffice":"$41,465,765","Production":"Miramax Films","Website":"http://www.thehoursmovie.com/home.php","Response":"True"}