{"Title":"Dark Voices","Year":"2001","Rated":"N/A","Released":"N/A","Runtime":"93 min","Genre":"Thriller","Director":"Chosei Funahara","Writer":"Tom Hughes","Actors":"Kate Rene Gleason, Shannon Lenahan, Rodrigo Lopresti, David Mazzeo","Plot":"N/A","Language":"English","Country":"USA","Awards":"N/A","Poster":"N/A","Ratings":[{"Source":"Internet Movie Database","Value":"6.6/10"}],"Metascore":"N/A","imdbRating":"6.6","imdbVotes":"9","imdbID":"tt0241355","Type":"movie","DVD":"N/A","BoxOffice":"N/A","Production":"N/A","Website":"N/A","Response":"True"}