{"Title":"My Father Saved My Life","Year":"2001","Rated":"N/A","Released":"25 Apr 2001","Runtime":"115 min","Genre":"Drama","Director":"JosÃ© Giovanni","Writer":"JosÃ© Giovanni (novel), JosÃ© Giovanni (screenplay), Bertrand Tavernier","Actors":"Bruno Cremer, Vincent Lecoeur, Rufus, Michelle Goddet","Plot":"Joe, international poker player, is considered an irresponsible family-chief. His two sons drifted into gangsterism. The older dies from it. The younger, Manu, was sentenced to death. Joe takes on to a terrific battle in order to save his son. Will he succeed in it? For life has more than one trick in its well-worn sleeve.","Language":"French","Country":"France","Awards":"1 win.","Poster":"https://images-na.ssl-images-amazon.com/images/M/MV5BMTYwNTc2MTc2OF5BMl5BanBnXkFtZTcwNTQ5MDQyMQ@@._V1_SX300.jpg","Ratings":[{"Source":"Internet Movie Database","Value":"7.2/10"}],"Metascore":"N/A","imdbRating":"7.2","imdbVotes":"136","imdbID":"tt0231782","Type":"movie","DVD":"N/A","BoxOffice":"N/A","Production":"N/A","Website":"N/A","Response":"True"}