{"Title":"Heinrich der SÃ¤ger","Year":"2001","Rated":"N/A","Released":"16 Aug 2001","Runtime":"99 min","Genre":"Action, Adventure, Comedy","Director":"Klaus Gietinger","Writer":"Klaus Gietinger","Actors":"Meret Becker, Rolf Becker, Alexander Beyer, Holger Fuchs","Plot":"N/A","Language":"German","Country":"Germany","Awards":"N/A","Poster":"https://images-na.ssl-images-amazon.com/images/M/MV5BOTNhMTgwYzMtMjI4Ni00ZGU1LTkzMzEtZTFiNmNhZGM1OTQ5XkEyXkFqcGdeQXVyMjc3MTYwNQ@@._V1_SX300.jpg","Ratings":[{"Source":"Internet Movie Database","Value":"7.4/10"}],"Metascore":"N/A","imdbRating":"7.4","imdbVotes":"55","imdbID":"tt0272123","Type":"movie","DVD":"N/A","BoxOffice":"N/A","Production":"N/A","Website":"N/A","Response":"True"}