{"Title":"One Man Up","Year":"2001","Rated":"N/A","Released":"01 Sep 2001","Runtime":"100 min","Genre":"Comedy, Drama","Director":"Paolo Sorrentino","Writer":"Paolo Sorrentino","Actors":"Toni Servillo, Andrea Renzi, Antonino Bruschetta, Angela Goodwin","Plot":"The debut feature by acclaimed Italian director Paolo Sorrentino (La Grande Bellezza) is a stylish and blackly comic look at the dark side of fame. Evocatively set during the eighties, the ...","Language":"Italian","Country":"Italy","Awards":"11 wins & 13 nominations.","Poster":"https://m.media-amazon.com/images/M/MV5BYjQwMWY3MzMtNDJmMi00MTQ1LTkyZjMtMWZiMDQxMjY4NTUzXkEyXkFqcGdeQXVyNDUzOTQ5MjY@._V1_SX300.jpg","Ratings":[{"Source":"Internet Movie Database","Value":"7.3/10"}],"Metascore":"N/A","imdbRating":"7.3","imdbVotes":"2,038","imdbID":"tt0295671","Type":"movie","DVD":"N/A","BoxOffice":"N/A","Production":"Keyfilms Roma","Website":"N/A","Response":"True"}