{"Title":"Battle Royale","Year":"2000","Rated":"NOT RATED","Released":"16 Dec 2000","Runtime":"114 min","Genre":"Adventure, Drama, Sci-Fi, Thriller","Director":"Kinji Fukasaku","Writer":"Koushun Takami (novel), Kenta Fukasaku (screenplay)","Actors":"Tatsuya Fujiwara, Aki Maeda, TarÃ´ Yamamoto, Takeshi Kitano","Plot":"In the future, the Japanese government captures a class of ninth-grade students and forces them to kill each other under the revolutionary \"Battle Royale\" act.","Language":"Japanese","Country":"Japan","Awards":"7 wins & 8 nominations.","Poster":"https://m.media-amazon.com/images/M/MV5BMTgxMmJhNjItMmFlMS00MWVlLWIyMjktYjUyYTI4MzA0YzgxXkEyXkFqcGdeQXVyNjU0OTQ0OTY@._V1_SX300.jpg","Ratings":[{"Source":"Internet Movie Database","Value":"7.7/10"},{"Source":"Rotten Tomatoes","Value":"87%"},{"Source":"Metacritic","Value":"81/100"}],"Metascore":"81","imdbRating":"7.7","imdbVotes":"155,607","imdbID":"tt0266308","Type":"movie","DVD":"20 Mar 2012","BoxOffice":"N/A","Production":"Anchor Bay Entertainment","Website":"N/A","Response":"True"}