{"Title":"Manic","Year":"2001","Rated":"R","Released":"23 May 2003","Runtime":"100 min","Genre":"Drama","Director":"Jordan Melamed","Writer":"Michael Bacall, Blayne Weaver","Actors":"Joseph Gordon-Levitt, Maggie Baird, Don Cheadle, Blayne Weaver","Plot":"Lyle Jensen is subject to sudden and violent outbursts, and he is committed to the juvenile wing of the Northwood Mental Institution. Several other youths are there with a variety of ...","Language":"English","Country":"USA","Awards":"1 nomination.","Poster":"https://m.media-amazon.com/images/M/MV5BMjE2OTU4MTY5N15BMl5BanBnXkFtZTYwODA3NTQ3._V1_SX300.jpg","Ratings":[{"Source":"Internet Movie Database","Value":"7.4/10"},{"Source":"Metacritic","Value":"60/100"}],"Metascore":"60","imdbRating":"7.4","imdbVotes":"8,837","imdbID":"tt0252684","Type":"movie","DVD":"N/A","BoxOffice":"N/A","Production":"N/A","Website":"N/A","Response":"True"}