{"Title":"Labyrinth","Year":"2002","Rated":"N/A","Released":"26 Aug 2002","Runtime":"115 min","Genre":"Adventure, Mystery, Thriller","Director":"Miroslav Lekic","Writer":"Igor Bojovic, Miroslav Lekic","Actors":"Dragan Nikolic, Maja Sabljic, Branislav Lecic, Katarina Radivojevic","Plot":"An aging gambler and womanizer returns home after 20 years, haunted by the suicide of his friend.","Language":"Serbian, English","Country":"Federal Republic of Yugoslavia","Awards":"N/A","Poster":"https://images-na.ssl-images-amazon.com/images/M/MV5BMTcwNDc0NTEwN15BMl5BanBnXkFtZTYwMDI0Nzk2._V1_SX300.jpg","Ratings":[{"Source":"Internet Movie Database","Value":"7.1/10"}],"Metascore":"N/A","imdbRating":"7.1","imdbVotes":"1,522","imdbID":"tt0297247","Type":"movie","DVD":"N/A","BoxOffice":"N/A","Production":"N/A","Website":"N/A","Response":"True"}