{"Title":"Larger Than Life","Year":"2001","Rated":"N/A","Released":"21 Feb 2001","Runtime":"105 min","Genre":"Drama","Director":"Jeffrey Jeturian","Writer":"Armando Lao (story and screenplay)","Actors":"Ina Raymundo, Klaudia Koronel, Jaclyn Jose, Irma Adlawan","Plot":"A movie production company wants to make a film based on a newspaper report of a man convicted of raping his granddaughter. The producer and director interview the girl and her mother, ...","Language":"Filipino, Tagalog","Country":"Philippines","Awards":"7 wins & 8 nominations.","Poster":"https://images-na.ssl-images-amazon.com/images/M/MV5BZTBlNjUyY2EtOTQxMi00YTljLTliM2MtYzNkZDNlOGZjOWFkXkEyXkFqcGdeQXVyNTYyNzQ2MjY@._V1_SX300.jpg","Ratings":[{"Source":"Internet Movie Database","Value":"7.3/10"}],"Metascore":"N/A","imdbRating":"7.3","imdbVotes":"64","imdbID":"tt0291530","Type":"movie","DVD":"09 May 2006","BoxOffice":"N/A","Production":"Available Light Production","Website":"N/A","Response":"True"}