{"Title":"You Can Count on Me","Year":"2000","Rated":"R","Released":"22 Dec 2000","Runtime":"111 min","Genre":"Drama","Director":"Kenneth Lonergan","Writer":"Kenneth Lonergan","Actors":"Laura Linney, Mark Ruffalo, Matthew Broderick, Rory Culkin","Plot":"A single mother's life is thrown into turmoil after her struggling, rarely seen younger brother returns to town.","Language":"English","Country":"USA","Awards":"Nominated for 2 Oscars. Another 30 wins & 41 nominations.","Poster":"https://images-na.ssl-images-amazon.com/images/M/MV5BZTNmZGNkODUtZWZhMi00NGMwLWEzZWMtNTEzNzU3ZmUxNWZmXkEyXkFqcGdeQXVyMTAwMzUyOTc@._V1_SX300.jpg","Ratings":[{"Source":"Internet Movie Database","Value":"7.7/10"},{"Source":"Rotten Tomatoes","Value":"95%"},{"Source":"Metacritic","Value":"85/100"}],"Metascore":"85","imdbRating":"7.7","imdbVotes":"24,635","imdbID":"tt0203230","Type":"movie","DVD":"26 Jun 2001","BoxOffice":"$8,409,329","Production":"TSG Pictures","Website":"http://www.youcancountonmemovie.com","Response":"True"}