{"Title":"Chico","Year":"2001","Rated":"N/A","Released":"17 Jan 2002","Runtime":"112 min","Genre":"War, Drama","Director":"Ibolya Fekete","Writer":"Ibolya Fekete","Actors":"Sasa Anocic, Gyula Bodrogi, AndrÃ¡s FÃ©sÃ¶s, Sergio HernÃ¡ndez","Plot":"The adventures of a young man as he moves from the Latin-American revolutions in the sixties and seventies, through Hungary in the eighties, to the Croatian war in 1991.","Language":"Spanish, Hungarian, Serbian, English","Country":"Germany, Croatia, Hungary, Chile","Awards":"5 wins & 3 nominations.","Poster":"https://images-na.ssl-images-amazon.com/images/M/MV5BMTQ4OTc1MDg5OV5BMl5BanBnXkFtZTcwMDU0OTkyMQ@@._V1_SX300.jpg","Ratings":[{"Source":"Internet Movie Database","Value":"7.1/10"}],"Metascore":"N/A","imdbRating":"7.1","imdbVotes":"328","imdbID":"tt0251636","Type":"movie","DVD":"26 Jul 2005","BoxOffice":"N/A","Production":"N/A","Website":"N/A","Response":"True"}