{"Title":"Anita, the Insect Hunter","Year":"2001","Rated":"N/A","Released":"15 Sep 2001","Runtime":"93 min","Genre":"Drama","Director":"Hispano Duron","Writer":"Hispano Duron, Roberto Castillo (book)","Actors":"Marcela Flores, Jessy Casco, Anibal Barletta, Tania Hernandez","Plot":"Sometimes it's tough being too smart and attractive. As her younger brother reminisces in voice over, Marcela Flores's Anita does well in school, but then she spots her already short-fused ...","Language":"Spanish","Country":"Honduras","Awards":"N/A","Poster":"N/A","Ratings":[{"Source":"Internet Movie Database","Value":"7.8/10"}],"Metascore":"N/A","imdbRating":"7.8","imdbVotes":"21","imdbID":"tt0295171","Type":"movie","DVD":"N/A","BoxOffice":"N/A","Production":"N/A","Website":"N/A","Response":"True"}