{"Title":"Sons and Daughters","Year":"2001","Rated":"N/A","Released":"01 Feb 2002","Runtime":"92 min","Genre":"Drama","Director":"Marco Bechis","Writer":"Marco Bechis, Lara Fremder, Caterina Giargia (collaborating writer)","Actors":"Carlos EcheverrÃ­a, Julia Sarano, Stefania Sandrelli, Enrique PiÃ±eyro","Plot":"N/A","Language":"Italian, Spanish","Country":"Italy, Argentina","Awards":"5 wins & 3 nominations.","Poster":"https://images-na.ssl-images-amazon.com/images/M/MV5BNzZlNDRlZGYtZDNlMS00MTNkLTkwNmYtMjk2NDU1ZjU3MzRjXkEyXkFqcGdeQXVyMTM3NDI2Mw@@._V1_SX300.jpg","Ratings":[{"Source":"Internet Movie Database","Value":"7.1/10"}],"Metascore":"N/A","imdbRating":"7.1","imdbVotes":"228","imdbID":"tt0295959","Type":"movie","DVD":"N/A","BoxOffice":"N/A","Production":"N/A","Website":"N/A","Response":"True"}