{"Title":"Cahoots","Year":"2001","Rated":"N/A","Released":"11 Oct 2001","Runtime":"108 min","Genre":"Drama","Director":"Dirk Benedict","Writer":"Dirk Benedict","Actors":"Keith Carradine, David Keith, Wendie Malick, Janet Gunn","Plot":"Two men who were \"best friends\" while growing up together and into their 20's, reconnect after years apart. On the surface, their lives have gone in opposite directions, one married, ...","Language":"English","Country":"USA","Awards":"N/A","Poster":"https://images-na.ssl-images-amazon.com/images/M/MV5BOTcyZWIyYWYtZmZkNy00YWYyLTkyYTgtNTA2YWYxY2YwY2E5L2ltYWdlL2ltYWdlXkEyXkFqcGdeQXVyMzM4MjM0Nzg@._V1_SX300.jpg","Ratings":[{"Source":"Internet Movie Database","Value":"7.2/10"}],"Metascore":"N/A","imdbRating":"7.2","imdbVotes":"77","imdbID":"tt0243059","Type":"movie","DVD":"N/A","BoxOffice":"N/A","Production":"N/A","Website":"N/A","Response":"True"}