{"Title":"To the Left of the Father","Year":"2001","Rated":"N/A","Released":"29 Oct 2001","Runtime":"163 min","Genre":"Drama","Director":"Luiz Fernando Carvalho","Writer":"Luiz Fernando Carvalho, Raduan Nassar (novel)","Actors":"Selton Mello, Raul Cortez, Juliana Carneiro da Cunha, Simone Spoladore","Plot":"Brazilian baroque. The young son that ran from his dominant family, descends into decadence and then returns to the nest. With melodramatic themes of tyrannical fathers, incest, fierce ...","Language":"Portuguese","Country":"Brazil","Awards":"50 wins & 16 nominations.","Poster":"https://images-na.ssl-images-amazon.com/images/M/MV5BMTg2NzM4OTYxNF5BMl5BanBnXkFtZTcwNTExMjA0MQ@@._V1_SX300.jpg","Ratings":[{"Source":"Internet Movie Database","Value":"7.7/10"}],"Metascore":"N/A","imdbRating":"7.7","imdbVotes":"1,297","imdbID":"tt0241663","Type":"movie","DVD":"05 Dec 2006","BoxOffice":"N/A","Production":"ID Distribution","Website":"N/A","Response":"True"}