{"Title":"Lammbock","Year":"2001","Rated":"NOT RATED","Released":"23 Aug 2001","Runtime":"93 min","Genre":"Comedy","Director":"Christian ZÃ¼bert","Writer":"Christian ZÃ¼bert","Actors":"Lucas Gregorowicz, Moritz Bleibtreu, Marie Zielcke, Julian Weigend","Plot":"Stefan and Kai have good going business, self-grown cannabis screened as pizza delivering service. For now they only have to deal with aphids.","Language":"German","Country":"Germany","Awards":"1 win & 1 nomination.","Poster":"https://m.media-amazon.com/images/M/MV5BM2VhZjMwNDMtZmQ5Zi00YWVjLWJhZGItYzUwYThjYzk3OTM2L2ltYWdlXkEyXkFqcGdeQXVyMzA3Njg4MzY@._V1_SX300.jpg","Ratings":[{"Source":"Internet Movie Database","Value":"7.4/10"}],"Metascore":"N/A","imdbRating":"7.4","imdbVotes":"9,857","imdbID":"tt0258760","Type":"movie","DVD":"N/A","BoxOffice":"N/A","Production":"Little Shark Entertainment","Website":"N/A","Response":"True"}