{"Title":"Dil Chahta Hai","Year":"2001","Rated":"NOT RATED","Released":"10 Aug 2001","Runtime":"183 min","Genre":"Comedy, Drama, Romance","Director":"Farhan Akhtar","Writer":"Kassim Jagmagia (story co-developed by), Farhan Akhtar (story), Farhan Akhtar (screenplay), Farhan Akhtar (dialogue), Karan Kashyap (dialogue supervisor)","Actors":"Aamir Khan, Saif Ali Khan, Akshaye Khanna, Preity Zinta","Plot":"Three inseparable childhood friends are just out of college. Nothing comes between them - until they each fall in love, and their wildly different approaches to relationships creates tension.","Language":"Hindi, English, Urdu","Country":"India","Awards":"21 wins & 38 nominations.","Poster":"https://m.media-amazon.com/images/M/MV5BYTA2NjNkYjUtMWFiYy00MjA4LTk3YTUtYjQwNTVjNjZkZDUxXkEyXkFqcGdeQXVyNTE4Mzg4MTE@._V1_SX300.jpg","Ratings":[{"Source":"Internet Movie Database","Value":"8.2/10"}],"Metascore":"N/A","imdbRating":"8.2","imdbVotes":"59,157","imdbID":"tt0292490","Type":"movie","DVD":"25 Sep 2001","BoxOffice":"N/A","Production":"Excel Entertainment","Website":"N/A","Response":"True"}