{"Title":"Jet Boy","Year":"2001","Rated":"TV-PG","Released":"30 Sep 2001","Runtime":"99 min","Genre":"Drama","Director":"Dave Schultz","Writer":"Dave Schultz","Actors":"Branden Nadon, Joe Norman Shaw, Dylan Walsh, Matthew Currie Holmes","Plot":"A drug dealer finds an unlikely traveling companion in a runaway kid trying to dodge social services.","Language":"English","Country":"Canada, USA","Awards":"N/A","Poster":"https://m.media-amazon.com/images/M/MV5BNjJjNjBhMGEtOWM4My00OTFiLWEyZWQtYmVlYjJkM2YzYjRhXkEyXkFqcGdeQXVyNDY3NTk2ODU@._V1_SX300.jpg","Ratings":[{"Source":"Internet Movie Database","Value":"7.2/10"}],"Metascore":"N/A","imdbRating":"7.2","imdbVotes":"1,099","imdbID":"tt0271580","Type":"movie","DVD":"N/A","BoxOffice":"N/A","Production":"Smash It Up Productions","Website":"N/A","Response":"True"}