{"Title":"Faat KinÃ©","Year":"2001","Rated":"N/A","Released":"15 Jan 2004","Runtime":"120 min","Genre":"Comedy, Drama","Director":"Ousmane Sembene","Writer":"Ousmane Sembene","Actors":"Venus Seye, Mame NdoumbÃ©, Ndiagne Dia, Mariama Balde","Plot":"A forty-year-old woman refuses to give into the stigma of unwed motherhood and climbs the ladder of success in a male dominated field.","Language":"French, Wolof","Country":"Senegal","Awards":"1 nomination.","Poster":"https://images-na.ssl-images-amazon.com/images/M/MV5BMTk5MzA3Njk3OF5BMl5BanBnXkFtZTgwNTQ1OTk1MDE@._V1_SX300.jpg","Ratings":[{"Source":"Internet Movie Database","Value":"7.2/10"},{"Source":"Rotten Tomatoes","Value":"78%"},{"Source":"Metacritic","Value":"81/100"}],"Metascore":"81","imdbRating":"7.2","imdbVotes":"203","imdbID":"tt0276951","Type":"movie","DVD":"N/A","BoxOffice":"N/A","Production":"New Yorker Films","Website":"N/A","Response":"True"}