{"Title":"Vampire Hunter D: Bloodlust","Year":"2000","Rated":"R","Released":"28 Sep 2001","Runtime":"103 min","Genre":"Animation, Action, Adventure, Drama, Fantasy, Horror, Mystery, Romance, Sci-Fi, Thriller, Western","Director":"Yoshiaki Kawajiri","Writer":"Hideyuki Kikuchi (novel), Yoshiaki Kawajiri (screenplay), Ellen Moore (adaptation), Jack Fletcher (adaptation)","Actors":"Andrew Philpot, John Rafter Lee, Pamela Adlon, Wendee Lee","Plot":"When a girl is abducted by a vampire, a legendary bounty hunter is hired to bring her back.","Language":"Japanese, English","Country":"Japan, USA","Awards":"N/A","Poster":"https://m.media-amazon.com/images/M/MV5BMTg0NjkzMTM1NF5BMl5BanBnXkFtZTgwMDg1OTA3MjE@._V1_SX300.jpg","Ratings":[{"Source":"Internet Movie Database","Value":"7.7/10"},{"Source":"Rotten Tomatoes","Value":"72%"},{"Source":"Metacritic","Value":"62/100"}],"Metascore":"62","imdbRating":"7.7","imdbVotes":"25,980","imdbID":"tt0216651","Type":"movie","DVD":"12 Feb 2002","BoxOffice":"N/A","Production":"Urban Vision Entertainment","Website":"http://www.vampirehunterdbloodlust.com","Response":"True"}