{"Title":"Nightshift","Year":"2001","Rated":"N/A","Released":"14 Mar 2001","Runtime":"95 min","Genre":"Drama","Director":"Philippe Le Guay","Writer":"Olivier Dazat, RÃ©gis Franc, Philippe Le Guay","Actors":"GÃ©rald Laroche, Marc BarbÃ©, Luce Mouchel, Bastien Le Roy","Plot":"When a working-class man opts to work night shift in his glass manufacturing factory, he is set upon by a bully who will make his life a misery. Disturbing and harrowingly realistic.","Language":"French","Country":"France","Awards":"N/A","Poster":"https://images-na.ssl-images-amazon.com/images/M/MV5BMjA1MzY2MjUyMV5BMl5BanBnXkFtZTcwMzA2MDY5MQ@@._V1_SX300.jpg","Ratings":[{"Source":"Internet Movie Database","Value":"7.1/10"}],"Metascore":"N/A","imdbRating":"7.1","imdbVotes":"264","imdbID":"tt0274993","Type":"movie","DVD":"N/A","BoxOffice":"N/A","Production":"N/A","Website":"N/A","Response":"True"}