{"Title":"A.I. Artificial Intelligence","Year":"2001","Rated":"PG-13","Released":"29 Jun 2001","Runtime":"146 min","Genre":"Adventure, Drama, Sci-Fi","Director":"Steven Spielberg","Writer":"Brian Aldiss (short story \"Supertoys Last All Summer Long\"), Ian Watson (screen story), Steven Spielberg (screenplay)","Actors":"Haley Joel Osment, Frances O'Connor, Sam Robards, Jake Thomas","Plot":"A highly advanced robotic boy longs to become \"real\" so that he can regain the love of his human mother.","Language":"English","Country":"USA","Awards":"Nominated for 2 Oscars. Another 16 wins & 67 nominations.","Poster":"https://m.media-amazon.com/images/M/MV5BNWU2NzEyMDYtM2MyOS00OGM3LWFkNzAtMzRiNzE2ZjU5ZTljXkEyXkFqcGdeQXVyNjU0OTQ0OTY@._V1_SX300.jpg","Ratings":[{"Source":"Internet Movie Database","Value":"7.1/10"},{"Source":"Rotten Tomatoes","Value":"73%"},{"Source":"Metacritic","Value":"65/100"}],"Metascore":"65","imdbRating":"7.1","imdbVotes":"268,831","imdbID":"tt0212720","Type":"movie","DVD":"05 Mar 2002","BoxOffice":"N/A","Production":"Dreamworks","Website":"http://www.aimovie.com","Response":"True"}