{"Title":"Khushi","Year":"2001","Rated":"N/A","Released":"04 May 2001","Runtime":"169 min","Genre":"Drama, Romance","Director":"S.J. Surya","Writer":"Rajendra Kumar (dialogue), S.J. Surya (screenplay), S.J. Surya (story)","Actors":"Bhoomika Chawla, Sudhakar, Vijayakumar, Nassar","Plot":"Madhu and Siddhu are two people whose paths keep intersecting through out their lives.","Language":"Telugu","Country":"India","Awards":"N/A","Poster":"https://m.media-amazon.com/images/M/MV5BMjcyNjY1MzktZjJiNS00ZGE0LTgzOGYtMjcxMDQ4YTFiMDZiXkEyXkFqcGdeQXVyNjY1NTEzNjE@._V1_SX300.jpg","Ratings":[{"Source":"Internet Movie Database","Value":"8.0/10"}],"Metascore":"N/A","imdbRating":"8.0","imdbVotes":"3,060","imdbID":"tt0258490","Type":"movie","DVD":"04 Dec 2007","BoxOffice":"N/A","Production":"N/A","Website":"N/A","Response":"True"}