{"Title":"Talk to Her","Year":"2002","Rated":"R","Released":"14 Feb 2003","Runtime":"112 min","Genre":"Drama, Mystery, Romance","Director":"Pedro AlmodÃ³var","Writer":"Pedro AlmodÃ³var","Actors":"Javier CÃ¡mara, DarÃ­o Grandinetti, Leonor Watling, Rosario Flores","Plot":"Two men share an odd friendship while they care for two women who are both in deep comas.","Language":"Spanish","Country":"Spain","Awards":"Won 1 Oscar. Another 42 wins & 45 nominations.","Poster":"https://m.media-amazon.com/images/M/MV5BMzBlNDhiMmMtNDVlNy00NjQ5LWJlYjEtYjc4ZTVjZjM4ZWIxXkEyXkFqcGdeQXVyMTMxODk2OTU@._V1_SX300.jpg","Ratings":[{"Source":"Internet Movie Database","Value":"8.0/10"},{"Source":"Rotten Tomatoes","Value":"92%"},{"Source":"Metacritic","Value":"86/100"}],"Metascore":"86","imdbRating":"8.0","imdbVotes":"94,654","imdbID":"tt0287467","Type":"movie","DVD":"27 May 2003","BoxOffice":"$9,031,416","Production":"Sony Pictures Classics","Website":"http://www.sonyclassics.com/talktoher/","Response":"True"}