{"Title":"Cowboy Bebop: The Movie","Year":"2001","Rated":"R","Released":"16 May 2003","Runtime":"115 min","Genre":"Animation, Action, Crime, Drama, Sci-Fi, Thriller","Director":"Shin'ichirÃ´ Watanabe, Tensai Okamura, Hiroyuki Okiura, Yoshiyuki Takei(co-director)","Writer":"Keiko Nobumoto (screenplay), Hajime Yatate (based on the story by)","Actors":"KÃ´ichi Yamadera, UnshÃ´ Ishizuka, Megumi Hayashibara, Aoi Tada","Plot":"A terrorist explosion releases a deadly virus on the masses, and it's up the bounty-hunting Bebop crew to catch the cold-blooded culprit.","Language":"Japanese, English","Country":"Japan, USA","Awards":"2 nominations.","Poster":"https://m.media-amazon.com/images/M/MV5BNTE5YTAyZDctNjFhYi00YmJhLTg4ZGUtNDk1OTE0ZTY4NTYwL2ltYWdlXkEyXkFqcGdeQXVyNTAyODkwOQ@@._V1_SX300.jpg","Ratings":[{"Source":"Internet Movie Database","Value":"7.9/10"},{"Source":"Rotten Tomatoes","Value":"65%"},{"Source":"Metacritic","Value":"61/100"}],"Metascore":"61","imdbRating":"7.9","imdbVotes":"37,509","imdbID":"tt0275277","Type":"movie","DVD":"24 Jun 2003","BoxOffice":"N/A","Production":"Destination Films","Website":"http://www.cowboybebopthemovie.com","Response":"True"}