{"Title":"Autumn Spring","Year":"2001","Rated":"PG-13","Released":"27 Sep 2001","Runtime":"100 min","Genre":"Comedy, Drama, Family","Director":"VladimÃ­r MichÃ¡lek","Writer":"JirÃ­ Hubac (story), JirÃ­ Hubac (screenplay)","Actors":"Vlastimil BrodskÃ½, Stella ZÃ¡zvorkovÃ¡, Stanislav Zindulka, Ondrej VetchÃ½","Plot":"Terminal prankster Frantisek HÃ¡na refuses to grow up and take certain responsibilities, despite his wife Emilie's constant badgering to do so. Even faced with his own looming death and an ...","Language":"Czech, Slovak","Country":"Czech Republic","Awards":"9 wins & 6 nominations.","Poster":"https://images-na.ssl-images-amazon.com/images/M/MV5BNTAwMzMzNzU5Nl5BMl5BanBnXkFtZTcwODgwNDAwMQ@@._V1_SX300.jpg","Ratings":[{"Source":"Internet Movie Database","Value":"7.6/10"},{"Source":"Rotten Tomatoes","Value":"97%"},{"Source":"Metacritic","Value":"68/100"}],"Metascore":"68","imdbRating":"7.6","imdbVotes":"1,594","imdbID":"tt0286476","Type":"movie","DVD":"02 Dec 2003","BoxOffice":"N/A","Production":"First Look Pictures","Website":"N/A","Response":"True"}