{"Title":"Intimate Stories","Year":"2002","Rated":"UNRATED","Released":"24 Oct 2002","Runtime":"92 min","Genre":"Comedy, Drama","Director":"Carlos Sorin","Writer":"Pablo Solarz","Actors":"Javier Lombardo, Antonio Benedicti, Javiera Bravo, Julia Solomonoff","Plot":"Three people and a baby set off on separate journeys, along the same road; their disparate dreams and stories intertwine amidst the breathtaking deserted Patagonic route.","Language":"Spanish","Country":"Argentina, Spain","Awards":"25 wins & 8 nominations.","Poster":"https://images-na.ssl-images-amazon.com/images/M/MV5BMTMyNTI1NzA0Nl5BMl5BanBnXkFtZTcwMzg1NDMzMQ@@._V1_SX300.jpg","Ratings":[{"Source":"Internet Movie Database","Value":"7.5/10"},{"Source":"Rotten Tomatoes","Value":"89%"},{"Source":"Metacritic","Value":"76/100"}],"Metascore":"76","imdbRating":"7.5","imdbVotes":"4,274","imdbID":"tt0291988","Type":"movie","DVD":"18 Jul 2006","BoxOffice":"N/A","Production":"New Yorker","Website":"http://www.ocean-films.com/historiasminimas/","Response":"True"}