{"Title":"Devils on the Doorstep","Year":"2000","Rated":"N/A","Released":"14 Mar 2001","Runtime":"139 min","Genre":"Comedy, Drama, War","Director":"Wen Jiang","Writer":"Wen Jiang (screenplay), Wen Jiang (story), Haiying Li, Xing Liu, Jianquan Shi, Ping Shu (screenplay), Ping Shu (story), Fengwei You (novel), Fengwei You (screenplay)","Actors":"Wen Jiang, Hongbo Jiang, Teruyuki Kagawa, Ding Yuan","Plot":"During the Japanese occupation of China, two prisoners are dumped in a peasant's home in a small town. The owner is bullied into keeping the prisoners until the next New Year, at which time...","Language":"Mandarin, Japanese, English, French","Country":"China","Awards":"6 wins & 1 nomination.","Poster":"https://m.media-amazon.com/images/M/MV5BMTMzMTUwNjQwNl5BMl5BanBnXkFtZTcwMjk2NTgyMQ@@._V1_SX300.jpg","Ratings":[{"Source":"Internet Movie Database","Value":"8.3/10"},{"Source":"Rotten Tomatoes","Value":"90%"},{"Source":"Metacritic","Value":"70/100"}],"Metascore":"70","imdbRating":"8.3","imdbVotes":"5,860","imdbID":"tt0245929","Type":"movie","DVD":"19 Apr 2005","BoxOffice":"N/A","Production":"Cowboy Pictures","Website":"N/A","Response":"True"}