{"Title":"What Are You Looking For","Year":"2002","Rated":"N/A","Released":"07 Jun 2002","Runtime":"99 min","Genre":"Drama, Romance","Director":"Marco S. Puccioni","Writer":"Massimo Bavastro, Marco S. Puccioni","Actors":"Marcello Mazzarella, Stefania Orsola Garello, Antal Nagy, Antonella Attili","Plot":"The moving relationship of a man in crisis who would like to be a father, and a fatherless, mentally orphaned young rebel.","Language":"Italian","Country":"Italy","Awards":"2 wins & 1 nomination.","Poster":"http://ia.media-imdb.com/images/M/MV5BMTM2MjIyNjI5OV5BMl5BanBnXkFtZTcwNjc5MjYwOQ@@._V1_SX300.jpg","Ratings":[{"Source":"Internet Movie Database","Value":"7.3/10"}],"Metascore":"N/A","imdbRating":"7.3","imdbVotes":"52","imdbID":"tt0267572","Type":"movie","DVD":"N/A","BoxOffice":"N/A","Production":"N/A","Website":"N/A","Response":"True"}