{"Title":"Killing Mad Dogs","Year":"2001","Rated":"N/A","Released":"07 Feb 2001","Runtime":"135 min","Genre":"Thriller","Director":"Bahram Beizai","Writer":"Bahram Beizai","Actors":"Mozhdeh Shamsai, Majid Mozaffari, Reza Kianian, Mitra Hajjar","Plot":"Golrokh an Iranian lady who is a talented author struggles to settle her presumably disloyal but amorous husband's debts that his business partner has caused and left him to bear the ...","Language":"Persian","Country":"Iran, France","Awards":"4 wins & 1 nomination.","Poster":"https://images-na.ssl-images-amazon.com/images/M/MV5BNDliNTI2OTAtMjg1Mi00MGEwLTgxZDAtNmIzNjEyMjA0ZTIzXkEyXkFqcGdeQXVyMzU1OTM4NDU@._V1_SX300.jpg","Ratings":[{"Source":"Internet Movie Database","Value":"7.9/10"}],"Metascore":"N/A","imdbRating":"7.9","imdbVotes":"1,511","imdbID":"tt0278006","Type":"movie","DVD":"N/A","BoxOffice":"N/A","Production":"N/A","Website":"N/A","Response":"True"}