{"Title":"Greasewood Flat","Year":"2003","Rated":"NOT RATED","Released":"29 Jan 2015","Runtime":"121 min","Genre":"Comedy, Drama","Director":"Susan K. Brigham","Writer":"Susan K. Brigham","Actors":"Irene Bedard, Mark Boone Junior, Kieran Mulroney, Chip Adams","Plot":"This is the story of \"Johnny\", a struggling blues musician estranged from both his family and the country roots he left behind. Faced with endless dead-end gigs and his own loss of passion ...","Language":"English","Country":"USA","Awards":"3 wins.","Poster":"https://m.media-amazon.com/images/M/MV5BMTQyOTYyODE2N15BMl5BanBnXkFtZTcwNzMyNjAwMQ@@._V1_SX300.jpg","Ratings":[{"Source":"Internet Movie Database","Value":"7.3/10"}],"Metascore":"N/A","imdbRating":"7.3","imdbVotes":"56","imdbID":"tt0204352","Type":"movie","DVD":"08 Oct 2013","BoxOffice":"N/A","Production":"Indican Pictures","Website":"http://www.indicanpictures.com/indicanpictures/arizona-flats/","Response":"True"}