{"Title":"Millennium Mambo","Year":"2001","Rated":"R","Released":"31 Oct 2001","Runtime":"119 min","Genre":"Drama, Romance","Director":"Hsiao-Hsien Hou","Writer":"T'ien-wen Chu","Actors":"Qi Shu, Jack Kao, Chun-hao Tuan, Jun Takeuchi","Plot":"The ethereally beautiful Vicky recalls her romances with Hao Hao and Jack in the neon-lit clubs of Taipei.","Language":"Mandarin","Country":"Taiwan, France","Awards":"6 wins & 8 nominations.","Poster":"https://m.media-amazon.com/images/M/MV5BMTQ4ODAwMzMwNV5BMl5BanBnXkFtZTcwOTQxMDgyMQ@@._V1_SX300.jpg","Ratings":[{"Source":"Internet Movie Database","Value":"7.1/10"},{"Source":"Rotten Tomatoes","Value":"81%"},{"Source":"Metacritic","Value":"73/100"}],"Metascore":"73","imdbRating":"7.1","imdbVotes":"3,838","imdbID":"tt0283283","Type":"movie","DVD":"17 Aug 2004","BoxOffice":"N/A","Production":"Palm Pictures","Website":"http://www.ocean-films.com/millenniummambo","Response":"True"}