{"Title":"Punch-Drunk Love","Year":"2002","Rated":"R","Released":"01 Nov 2002","Runtime":"95 min","Genre":"Comedy, Drama, Romance, Thriller","Director":"Paul Thomas Anderson","Writer":"Paul Thomas Anderson","Actors":"Adam Sandler, Jason Andrews, Don McManus, Emily Watson","Plot":"A psychologically troubled novelty supplier is nudged towards a romance with an English woman, all the while being extorted by a phone-sex line run by a crooked mattress salesman, and purchasing stunning amounts of pudding.","Language":"English","Country":"USA","Awards":"Nominated for 1 Golden Globe. Another 14 wins & 35 nominations.","Poster":"https://m.media-amazon.com/images/M/MV5BYmE1OTY4NjgtYjcwNC00NWE4LWJiNGMtZmVhYTdlMWE1YzIxXkEyXkFqcGdeQXVyMTMxODk2OTU@._V1_SX300.jpg","Ratings":[{"Source":"Internet Movie Database","Value":"7.3/10"},{"Source":"Rotten Tomatoes","Value":"80%"},{"Source":"Metacritic","Value":"78/100"}],"Metascore":"78","imdbRating":"7.3","imdbVotes":"128,150","imdbID":"tt0272338","Type":"movie","DVD":"24 Jun 2003","BoxOffice":"$17,800,000","Production":"Columbia Pictures","Website":"http://www.punchdrunklove.com/","Response":"True"}