{"Title":"Thirteen Conversations About One Thing","Year":"2001","Rated":"R","Released":"05 Jul 2002","Runtime":"104 min","Genre":"Drama","Director":"Jill Sprecher","Writer":"Karen Sprecher, Jill Sprecher","Actors":"Matthew McConaughey, David Connolly, Joseph Siravo, A.D. Miles","Plot":"In New York City, the lives of a lawyer, an actuary, a house-cleaner, a professor and the people around them intersect as they ponder order and happiness in the face of life's cold unpredictability.","Language":"English, German, Italian","Country":"USA","Awards":"8 wins & 7 nominations.","Poster":"https://images-na.ssl-images-amazon.com/images/M/MV5BYThiMzQyYzUtNTQ4YS00ODNhLTk1N2EtOWFhZGM0NDFmMDE4XkEyXkFqcGdeQXVyMTAwMzUyOTc@._V1_SX300.jpg","Ratings":[{"Source":"Internet Movie Database","Value":"7.1/10"},{"Source":"Rotten Tomatoes","Value":"83%"},{"Source":"Metacritic","Value":"74/100"}],"Metascore":"74","imdbRating":"7.1","imdbVotes":"9,004","imdbID":"tt0268690","Type":"movie","DVD":"19 Nov 2002","BoxOffice":"$3,004,491","Production":"Sony Pictures Classics","Website":"http://www.sonyclassics.com/13conversations","Response":"True"}