{"Title":"Macbeth: The Comedy","Year":"2001","Rated":"N/A","Released":"01 Sep 2001","Runtime":"91 min","Genre":"Comedy","Director":"Allison L. LiCalsi","Writer":"Allison L. LiCalsi (screenplay), William Shakespeare (additional dialogue), William Shakespeare (story)","Actors":"Erika Burke Rossa, Juliet Furness, Dudley Findlay Jr., Ted deChatelet","Plot":"Take one power hungry lesbian couple. Throw in a slow-witted king, a Caribbean sidekick, a trio of flamboyantly gay weird sisters, and a host of other misfits. And what do you have? Macbeth...","Language":"English","Country":"USA","Awards":"N/A","Poster":"N/A","Ratings":[{"Source":"Internet Movie Database","Value":"7.7/10"}],"Metascore":"N/A","imdbRating":"7.7","imdbVotes":"38","imdbID":"tt0293859","Type":"movie","DVD":"N/A","BoxOffice":"N/A","Production":"N/A","Website":"N/A","Response":"True"}