{"Title":"John Q","Year":"2002","Rated":"PG-13","Released":"15 Feb 2002","Runtime":"116 min","Genre":"Crime, Drama, Thriller","Director":"Nick Cassavetes","Writer":"James Kearns","Actors":"Gabriela Oltean, Denzel Washington, Kimberly Elise, Ron Annabelle","Plot":"John Quincy Archibald takes a hospital emergency room hostage when his insurance won't cover his son's heart transplant.","Language":"English, Spanish","Country":"USA","Awards":"2 wins & 8 nominations.","Poster":"https://m.media-amazon.com/images/M/MV5BMTcxNTQ1MzAyOF5BMl5BanBnXkFtZTYwNDg0ODk4._V1_SX300.jpg","Ratings":[{"Source":"Internet Movie Database","Value":"7.1/10"},{"Source":"Rotten Tomatoes","Value":"23%"},{"Source":"Metacritic","Value":"30/100"}],"Metascore":"30","imdbRating":"7.1","imdbVotes":"112,487","imdbID":"tt0251160","Type":"movie","DVD":"16 Jul 2002","BoxOffice":"$71,026,631","Production":"New Line Cinema","Website":"http://www.iamjohnq.com","Response":"True"}