{"Title":"Loners","Year":"2000","Rated":"N/A","Released":"13 Apr 2000","Runtime":"103 min","Genre":"Comedy","Director":"David OndrÃ­cek","Writer":"Olga DabrowskÃ¡ (story), Petr Zelenka (screenplay), Petr Zelenka (story)","Actors":"Labina Mitevska, Jitka SchneiderovÃ¡, Sasa Rasilov, JirÃ­ MachÃ¡cek","Plot":"Robert works for a travel agency and helps to arrange scenes from the everyday lives of \"ordinary\" Czech families as an attraction for Japanese tourists. He also works as a kind of ...","Language":"Czech","Country":"Czech Republic, Slovakia","Awards":"10 wins & 12 nominations.","Poster":"https://images-na.ssl-images-amazon.com/images/M/MV5BMDRhY2YxODAtNzFmNi00NGUxLWIzZWMtN2FmNzgyYWI4NTU2XkEyXkFqcGdeQXVyMjIxMzMyMQ@@._V1_SX300.jpg","Ratings":[{"Source":"Internet Movie Database","Value":"7.7/10"},{"Source":"Metacritic","Value":"33/100"}],"Metascore":"33","imdbRating":"7.7","imdbVotes":"2,411","imdbID":"tt0219288","Type":"movie","DVD":"N/A","BoxOffice":"N/A","Production":"Ceska Televize","Website":"N/A","Response":"True"}