{"Title":"The Days Between","Year":"2001","Rated":"N/A","Released":"15 Nov 2001","Runtime":"118 min","Genre":"Drama","Director":"Maria Speth","Writer":"Maria Speth","Actors":"Sabine Timoteo, Hiroki Mano, Florian MÃ¼ller-Mohrungen, Sabina Riedel","Plot":"Lynn (22) lives with her brother in Berlin. There she enjoys the advantages of family life, without really feeling involved in it. She does not have any precise aim in life, but manages to ...","Language":"German, English, Japanese","Country":"Germany","Awards":"3 wins & 2 nominations.","Poster":"https://images-na.ssl-images-amazon.com/images/M/MV5BZmY3MWI4MGYtMTUwOC00NWViLWJiOGMtZmUzZWZiNDgxNGI1XkEyXkFqcGdeQXVyMzM4MjM0Nzg@._V1_SX300.jpg","Ratings":[{"Source":"Internet Movie Database","Value":"7.2/10"}],"Metascore":"N/A","imdbRating":"7.2","imdbVotes":"440","imdbID":"tt0276216","Type":"movie","DVD":"N/A","BoxOffice":"N/A","Production":"N/A","Website":"N/A","Response":"True"}