{"Title":"Go","Year":"2001","Rated":"N/A","Released":"20 Oct 2001","Runtime":"122 min","Genre":"Drama","Director":"Isao Yukisada","Writer":"Kazuki Kaneshiro (novel), KankurÃ´ KudÃ´ (screenplay)","Actors":"YÃ´suke Kubozuka, Ko Shibasaki, Shinobu Ã”take, Tsutomu Yamazaki","Plot":"Sugihara, born in Japan but with North Korean parents, falls in love with a Japanese girl after changing from a North Korean school to a Japanese school. His boxer dad teaches him boxing - skills used a lot.","Language":"Japanese, Korean","Country":"Japan","Awards":"41 wins & 5 nominations.","Poster":"https://images-na.ssl-images-amazon.com/images/M/MV5BMTIyODMyMWYtN2Q5MC00NzAxLWJhM2ItMTg1NzU2N2M3MTI0XkEyXkFqcGdeQXVyNjQ5NDI5MTY@._V1_SX300.jpg","Ratings":[{"Source":"Internet Movie Database","Value":"7.6/10"}],"Metascore":"N/A","imdbRating":"7.6","imdbVotes":"2,327","imdbID":"tt0299937","Type":"movie","DVD":"N/A","BoxOffice":"N/A","Production":"N/A","Website":"N/A","Response":"True"}