{"Title":"Stones","Year":"2002","Rated":"N/A","Released":"08 Feb 2002","Runtime":"135 min","Genre":"Drama","Director":"RamÃ³n Salazar","Writer":"RamÃ³n Salazar (screenplay)","Actors":"Antonia San Juan, Najwa Nimri, Vicky PeÃ±a, Ãngela Molina","Plot":"\"In life, we first organize large stones (Piedras) such as love, friendship, family, and a career.\" In this way, we will find space between these to fit smaller stones, our small ...","Language":"Spanish","Country":"Spain","Awards":"7 wins & 5 nominations.","Poster":"https://images-na.ssl-images-amazon.com/images/M/MV5BODEzNjM1MjAtZjI4NC00ZjY4LWEzZGQtNDZkZDU1ZjA1ZjQ1XkEyXkFqcGdeQXVyMTA0MjU0Ng@@._V1_SX300.jpg","Ratings":[{"Source":"Internet Movie Database","Value":"7.1/10"}],"Metascore":"N/A","imdbRating":"7.1","imdbVotes":"1,389","imdbID":"tt0310001","Type":"movie","DVD":"26 Apr 2005","BoxOffice":"N/A","Production":"Alquimia Cinema","Website":"N/A","Response":"True"}