{"Title":"Kitchen Stories","Year":"2003","Rated":"PG","Released":"17 Jan 2003","Runtime":"95 min","Genre":"Comedy, Drama","Director":"Bent Hamer","Writer":"JÃ¶rgen Bergmark, Bent Hamer","Actors":"Joachim Calmeyer, Tomas NorstrÃ¶m, BjÃ¸rn Floberg, Reine Brynolfsson","Plot":"A scientific observer's job of observing an old cantankerous single man's kitchen habits is complicated by his growing friendship with him.","Language":"Norwegian, Swedish","Country":"Norway, Sweden","Awards":"8 wins & 6 nominations.","Poster":"https://images-na.ssl-images-amazon.com/images/M/MV5BMTIzNjEwNTc5MV5BMl5BanBnXkFtZTcwNzE3MjcyMQ@@._V1_SX300.jpg","Ratings":[{"Source":"Internet Movie Database","Value":"7.3/10"},{"Source":"Rotten Tomatoes","Value":"89%"},{"Source":"Metacritic","Value":"75/100"}],"Metascore":"75","imdbRating":"7.3","imdbVotes":"7,349","imdbID":"tt0323872","Type":"movie","DVD":"14 Dec 2004","BoxOffice":"N/A","Production":"IFC Films","Website":"http://www.filmsdulosange.fr/kitchen-stories/","Response":"True"}