{"Title":"Itlog","Year":"2002","Rated":"N/A","Released":"03 Apr 2002","Runtime":"105 min","Genre":"Drama, Romance","Director":"Francis Posadas","Writer":"Jerry Gracio (story and screenplay)","Actors":"Diana Zubiri, Celso Ad. Castillo, Rodel Velayo, Allona Amor","Plot":"N/A","Language":"Filipino, Tagalog","Country":"Philippines","Awards":"4 nominations.","Poster":"N/A","Ratings":[{"Source":"Internet Movie Database","Value":"7.7/10"}],"Metascore":"N/A","imdbRating":"7.7","imdbVotes":"14","imdbID":"tt0327971","Type":"movie","DVD":"N/A","BoxOffice":"N/A","Production":"N/A","Website":"N/A","Response":"True"}