{"Title":"Bad Santa","Year":"2003","Rated":"R","Released":"26 Nov 2003","Runtime":"91 min","Genre":"Comedy, Crime, Drama","Director":"Terry Zwigoff","Writer":"Glenn Ficarra, John Requa","Actors":"Billy Bob Thornton, Tony Cox, Brett Kelly, Lauren Graham","Plot":"A miserable conman and his partner pose as Santa and his Little Helper to rob department stores on Christmas Eve. But they run into problems when the conman befriends a troubled kid.","Language":"English","Country":"USA, Germany","Awards":"Nominated for 1 Golden Globe. Another 1 win & 11 nominations.","Poster":"https://m.media-amazon.com/images/M/MV5BMjA4Njg1MDcwN15BMl5BanBnXkFtZTYwMzAxNjM3._V1_SX300.jpg","Ratings":[{"Source":"Internet Movie Database","Value":"7.1/10"},{"Source":"Rotten Tomatoes","Value":"78%"},{"Source":"Metacritic","Value":"70/100"}],"Metascore":"70","imdbRating":"7.1","imdbVotes":"123,857","imdbID":"tt0307987","Type":"movie","DVD":"22 Jun 2004","BoxOffice":"N/A","Production":"Miramax Films","Website":"http://www.miramax.com/movie/bad-santa","Response":"True"}