{"Title":"Ten Minutes Older: The Trumpet","Year":"2002","Rated":"N/A","Released":"19 Dec 2002","Runtime":"92 min","Genre":"Drama","Director":"Kaige Chen, VÃ­ctor Erice, Werner Herzog, Jim Jarmusch, Aki KaurismÃ¤ki, Spike Lee, Wim Wenders","Writer":"VÃ­ctor Erice (segment), Werner Herzog (segment), Jim Jarmusch (segment), Aki KaurismÃ¤ki (segment), Wim Wenders (segment), Tan Zhang (segment)","Actors":"Markku Peltola, Kati Outinen, Marko Haavisto, Ana Sofia LiaÃ±o","Plot":"This series of vignettes offers ruminations on time, fate and other human mysteries, Each of the film's seven directors conjures a scenario that speaks to some facet of universal experience.","Language":"English, German, Mandarin, Spanish, Finnish","Country":"Spain, UK, Germany, Finland, China, USA","Awards":"1 nomination.","Poster":"https://images-na.ssl-images-amazon.com/images/M/MV5BMTIwMjAxMzU2NV5BMl5BanBnXkFtZTcwODE0NTEzMQ@@._V1_SX300.jpg","Ratings":[{"Source":"Internet Movie Database","Value":"7.3/10"},{"Source":"Rotten Tomatoes","Value":"86%"}],"Metascore":"N/A","imdbRating":"7.3","imdbVotes":"2,890","imdbID":"tt0304808","Type":"movie","DVD":"N/A","BoxOffice":"N/A","Production":"N/A","Website":"N/A","Response":"True"}