{"Title":"Big Fish","Year":"2003","Rated":"PG-13","Released":"09 Jan 2004","Runtime":"125 min","Genre":"Adventure, Drama, Fantasy, Romance","Director":"Tim Burton","Writer":"Daniel Wallace (novel), John August (screenplay)","Actors":"Ewan McGregor, Albert Finney, Billy Crudup, Jessica Lange","Plot":"A frustrated son tries to determine the fact from fiction in his dying father's life.","Language":"English, Cantonese","Country":"USA","Awards":"Nominated for 1 Oscar. Another 68 nominations.","Poster":"https://m.media-amazon.com/images/M/MV5BMTYyMzM3MzgyNV5BMl5BanBnXkFtZTcwMTI4MzUyMQ@@._V1_SX300.jpg","Ratings":[{"Source":"Internet Movie Database","Value":"8.0/10"},{"Source":"Rotten Tomatoes","Value":"75%"},{"Source":"Metacritic","Value":"58/100"}],"Metascore":"58","imdbRating":"8.0","imdbVotes":"382,439","imdbID":"tt0319061","Type":"movie","DVD":"27 Apr 2004","BoxOffice":"$66,257,002","Production":"Sony Pictures","Website":"http://www.sonypictures.com/movies/bigfish/index.html","Response":"True"}