{"Title":"Dalkeith","Year":"2002","Rated":"N/A","Released":"07 Jul 2002","Runtime":"93 min","Genre":"Comedy, Drama","Director":"Leigh Sheehan","Writer":"Victor Kazan (screenplay), Leigh Sheehan (original story)","Actors":"Ray Barrett, Gus Mercurio, Judy Banks, Esme Melville","Plot":"The story of the residents in the Dalkeith Retirement Home who obtain a greyhound. They name the dog Dalkeith after the home but due to the intervention of one of the residents relatives problems arise.","Language":"English","Country":"Australia","Awards":"N/A","Poster":"https://images-na.ssl-images-amazon.com/images/M/MV5BMTQxMjk1OTMxM15BMl5BanBnXkFtZTcwNTExNzY5MQ@@._V1_SX300.jpg","Ratings":[{"Source":"Internet Movie Database","Value":"7.2/10"}],"Metascore":"N/A","imdbRating":"7.2","imdbVotes":"49","imdbID":"tt0302453","Type":"movie","DVD":"N/A","BoxOffice":"N/A","Production":"N/A","Website":"N/A","Response":"True"}