{"Title":"Bedtime Fairy Tales for Crocodiles","Year":"2002","Rated":"N/A","Released":"21 Mar 2003","Runtime":"108 min","Genre":"Drama","Director":"Ignacio Ortiz","Writer":"Ignacio Ortiz","Actors":"Arturo RÃ­os, Luisa Huertas, Miguel Santana, Ana Graham","Plot":"A man who travels back to the house of his father, grandfather and backwards.","Language":"Spanish","Country":"Mexico","Awards":"8 wins & 9 nominations.","Poster":"https://images-na.ssl-images-amazon.com/images/M/MV5BMjE0MjIxMDU1MV5BMl5BanBnXkFtZTcwMjQ1MjIzMQ@@._V1_SX300.jpg","Ratings":[{"Source":"Internet Movie Database","Value":"7.2/10"}],"Metascore":"N/A","imdbRating":"7.2","imdbVotes":"180","imdbID":"tt0318380","Type":"movie","DVD":"26 Apr 2005","BoxOffice":"N/A","Production":"N/A","Website":"N/A","Response":"True"}