{"Title":"QuÃ©bec-MontrÃ©al","Year":"2002","Rated":"N/A","Released":"01 Oct 2002","Runtime":"104 min","Genre":"Comedy, Romance","Director":"Ricardo Trogi","Writer":"Jean-Phillipe Pearson, Patrice Robitaille, Ricardo Trogi","Actors":"Patrice Robitaille, Jean-Phillipe Pearson, StÃ©phane Breton, FranÃ§ois LÃ©tourneau","Plot":"QuÃ©bec-MontrÃ©al: 250 km of asphalt, nine thirty-something travelers, four cars, one destination. The journey becomes an opportunity to share points of view about life and discuss troubling ...","Language":"French","Country":"Canada","Awards":"6 wins & 8 nominations.","Poster":"https://m.media-amazon.com/images/M/MV5BMTk5NTM5NTAyOV5BMl5BanBnXkFtZTcwMzk3Mjc0NQ@@._V1_SX300.jpg","Ratings":[{"Source":"Internet Movie Database","Value":"7.3/10"}],"Metascore":"N/A","imdbRating":"7.3","imdbVotes":"1,610","imdbID":"tt0316463","Type":"movie","DVD":"09 Aug 2005","BoxOffice":"N/A","Production":"GO Films","Website":"N/A","Response":"True"}