{"Title":"Matchstick Men","Year":"2003","Rated":"PG-13","Released":"12 Sep 2003","Runtime":"116 min","Genre":"Comedy, Crime, Drama, Thriller","Director":"Ridley Scott","Writer":"Eric Garcia (book), Nicholas Griffin (screenplay), Ted Griffin (screenplay)","Actors":"Nicolas Cage, Sam Rockwell, Alison Lohman, Bruce Altman","Plot":"A phobic con artist and his protÃ©gÃ© are on the verge of pulling off a lucrative swindle when the former's teenage daughter arrives unexpectedly.","Language":"English","Country":"USA, UK","Awards":"5 nominations.","Poster":"https://m.media-amazon.com/images/M/MV5BMjA3NjMyNjIyMF5BMl5BanBnXkFtZTYwOTgzMDI3._V1_SX300.jpg","Ratings":[{"Source":"Internet Movie Database","Value":"7.3/10"},{"Source":"Rotten Tomatoes","Value":"82%"},{"Source":"Metacritic","Value":"61/100"}],"Metascore":"61","imdbRating":"7.3","imdbVotes":"115,971","imdbID":"tt0325805","Type":"movie","DVD":"01 Jun 2004","BoxOffice":"$36,873,198","Production":"Warner Bros. Pictures","Website":"http://matchstickmenmovie.warnerbros.com/","Response":"True"}