{"Title":"Pagdating ng panahon","Year":"2001","Rated":"N/A","Released":"28 Nov 2001","Runtime":"115 min","Genre":"Comedy, Drama, Romance","Director":"Joyce Bernal","Writer":"Mel Mendoza-Del Rosario (story and screenplay)","Actors":"Sharon Cuneta, Robin Padilla, Rufa Mae Quinto, Amy Austria","Plot":"Lynette (Sharon Cuneta) is a conservative and religious lady who leads a boring life. So when she gets a marriage proposal from Manuel (Robin Padilla), whose family is known to be a brood of chauvinists, she was ecstatic.","Language":"Filipino, Tagalog","Country":"Philippines","Awards":"1 win.","Poster":"https://images-na.ssl-images-amazon.com/images/M/MV5BZDU1ZDdjMGEtZDRhYy00MWUyLTg1NjUtZWRmY2Q4NGJhZjAwXkEyXkFqcGdeQXVyMzU0NzkwMDg@._V1_SX300.jpg","Ratings":[{"Source":"Internet Movie Database","Value":"7.5/10"}],"Metascore":"N/A","imdbRating":"7.5","imdbVotes":"45","imdbID":"tt0309972","Type":"movie","DVD":"N/A","BoxOffice":"N/A","Production":"N/A","Website":"N/A","Response":"True"}