{"Title":"Muna Madan","Year":"2003","Rated":"N/A","Released":"27 Jun 2003","Runtime":"133 min","Genre":"Drama","Director":"Gyanendra Bahadur Deuja","Writer":"Laxmi Prasad Devkota","Actors":"Ramchandra Adhikari, Subhadra Adhikari, Dinesh D.C., Bijaya Lama","Plot":"An epic tragedy, based on Nepal's most famous epic poem. Madan, a lower-class worker, is forced by poverty and mounting debts to go to Lhasa, Tibet, leaving behind his lonely mother and ...","Language":"Nepali","Country":"Nepal","Awards":"N/A","Poster":"N/A","Ratings":[{"Source":"Internet Movie Database","Value":"8.5/10"}],"Metascore":"N/A","imdbRating":"8.5","imdbVotes":"56","imdbID":"tt0304435","Type":"movie","DVD":"N/A","BoxOffice":"N/A","Production":"N/A","Website":"N/A","Response":"True"}