{"Title":"The Year of the First Kiss","Year":"2002","Rated":"N/A","Released":"03 Oct 2002","Runtime":"94 min","Genre":"Comedy, Drama","Director":"Kai Wessel","Writer":"Sathyan Ramesh","Actors":"Oliver Korittke, Max Mauff, Diane Willems, Thomas Drechsel","Plot":"31 year-old Tristan remembers the time when he was 15 and had just hit puberty. But he is not alone in this, he is with a large group of friends: Specki, a fat kid who is always stuffing ...","Language":"German","Country":"Germany","Awards":"N/A","Poster":"https://m.media-amazon.com/images/M/MV5BMjk0ODEzMDQwMF5BMl5BanBnXkFtZTgwMzg1NTAwNTE@._V1_SX300.jpg","Ratings":[{"Source":"Internet Movie Database","Value":"7.2/10"}],"Metascore":"N/A","imdbRating":"7.2","imdbVotes":"294","imdbID":"tt0302671","Type":"movie","DVD":"N/A","BoxOffice":"N/A","Production":"N/A","Website":"N/A","Response":"True"}