{"Title":"Public Enemy","Year":"2002","Rated":"N/A","Released":"25 Jan 2002","Runtime":"138 min","Genre":"Action, Drama","Director":"Woo-Suk Kang","Writer":"Hyeon-jeong Kim (screenplay)","Actors":"Kyoung-gu Sul, Sung-jae Lee, Shin-il Kang, Jeong-hak Kim","Plot":"Ruthless cop Chul-joong and a merciless killer in raincoat run into each other in a small alleyway and form a fatal bond. A free-for-all fight occurs by coincidence on a rainy street. A ...","Language":"Korean","Country":"South Korea","Awards":"2 wins.","Poster":"https://images-na.ssl-images-amazon.com/images/M/MV5BMTIxMDQwMzk4MV5BMl5BanBnXkFtZTcwNjI2MTYyMQ@@._V1_SX300.jpg","Ratings":[{"Source":"Internet Movie Database","Value":"7.2/10"}],"Metascore":"N/A","imdbRating":"7.2","imdbVotes":"1,862","imdbID":"tt0306909","Type":"movie","DVD":"06 Sep 2005","BoxOffice":"N/A","Production":"Anime Network","Website":"N/A","Response":"True"}