{"Title":"July Rhapsody","Year":"2002","Rated":"N/A","Released":"14 Mar 2002","Runtime":"103 min","Genre":"Drama","Director":"Ann Hui","Writer":"Ivy Ho","Actors":"Jacky Cheung, Anita Mui, Kar Yan Lam, Eric Kot","Plot":"Yiu-Kwok is a high school teacher, having a perfect family. Good times don't last long, when a student, Choy-Nam, falls in love with him. For dealing with a relationship with Mr. Seng, a ...","Language":"Cantonese","Country":"Hong Kong","Awards":"10 wins & 17 nominations.","Poster":"https://m.media-amazon.com/images/M/MV5BMTg0Mjk2Mzc1NV5BMl5BanBnXkFtZTcwNzUwNTcxMQ@@._V1_SX300.jpg","Ratings":[{"Source":"Internet Movie Database","Value":"7.2/10"}],"Metascore":"N/A","imdbRating":"7.2","imdbVotes":"735","imdbID":"tt0312886","Type":"movie","DVD":"27 Aug 2002","BoxOffice":"N/A","Production":"N/A","Website":"N/A","Response":"True"}