{"Title":"Ribelli per caso","Year":"2003","Rated":"N/A","Released":"31 Jul 2003","Runtime":"100 min","Genre":"Drama","Director":"Vincenzo Terracciano","Writer":"Laura Sabatino, Vincenzo Terracciano","Actors":"Antonio Catania, Giovanni Esposito, Renato Scarpa, Franco Javarone","Plot":"N/A","Language":"Italian","Country":"Italy","Awards":"4 nominations.","Poster":"https://images-na.ssl-images-amazon.com/images/M/MV5BYzA2NjJjMjYtODAzZS00OWU2LTgxNzQtMzY3YmRjZDAwZTVlL2ltYWdlL2ltYWdlXkEyXkFqcGdeQXVyMTQ3Njg3MQ@@._V1_SX300.jpg","Ratings":[{"Source":"Internet Movie Database","Value":"7.1/10"}],"Metascore":"N/A","imdbRating":"7.1","imdbVotes":"87","imdbID":"tt0303389","Type":"movie","DVD":"N/A","BoxOffice":"N/A","Production":"N/A","Website":"N/A","Response":"True"}