{"Title":"Maria","Year":"2003","Rated":"N/A","Released":"30 Mar 2005","Runtime":"97 min","Genre":"Comedy, Drama","Director":"CÃ£lin Peter Netzer","Writer":"Gordan Mihic, CÃ£lin Peter Netzer","Actors":"Diana Dumbrava, Horatiu Malaele, Serban Ionescu, Luminita Gheorghiu","Plot":"Based on the true story of an impoverished, unemployed mother of seven living under subhuman conditions in a cave-like basement of a block of flats in newly post-communist Romania. When her...","Language":"Romanian, English, French, Russian","Country":"Romania, France, Germany","Awards":"10 wins & 5 nominations.","Poster":"https://m.media-amazon.com/images/M/MV5BODE5ZWJiNDAtNDcxZi00MjI5LTlhZjctNmY0ZjYxZDJkNjZlXkEyXkFqcGdeQXVyNDkzNTM2ODg@._V1_SX300.jpg","Ratings":[{"Source":"Internet Movie Database","Value":"7.1/10"}],"Metascore":"N/A","imdbRating":"7.1","imdbVotes":"259","imdbID":"tt0319821","Type":"movie","DVD":"N/A","BoxOffice":"N/A","Production":"N/A","Website":"N/A","Response":"True"}