{"Title":"A Laughing Frog","Year":"2002","Rated":"N/A","Released":"06 Jul 2002","Runtime":"96 min","Genre":"N/A","Director":"Hideyuki Hirayama","Writer":"Izuru Narushima","Actors":"KyÃ´zÃ´ Nagatsuka, Nene Ohtsuka, Mickey Curtis, Jun Kunimura","Plot":"N/A","Language":"Japanese","Country":"Japan","Awards":"6 wins.","Poster":"N/A","Ratings":[{"Source":"Internet Movie Database","Value":"7.1/10"}],"Metascore":"N/A","imdbRating":"7.1","imdbVotes":"38","imdbID":"tt0328622","Type":"movie","DVD":"N/A","BoxOffice":"N/A","Production":"Media Box Corporation","Website":"N/A","Response":"True"}