{"Title":"Videoke King","Year":"2002","Rated":"N/A","Released":"01 May 2002","Runtime":"106 min","Genre":"Action, Comedy, Drama","Director":"Jerry Lopez Sineneng","Writer":"Ramon Sarmiento (story), Marietta M. Lamasan (screenplay), Ramon Sarmiento (screenplay)","Actors":"Robin Padilla, Pops Fernandez, Gabe Mercado, Victor Neri","Plot":"Overseas worker Ning Ning makes two separate favors to her fiancÃ© King and her cousin Lally. Despite their low tolerance for each others' idiosyncrasies, they grudgingly carry out Ning ...","Language":"Filipino, Tagalog","Country":"Philippines","Awards":"N/A","Poster":"https://images-na.ssl-images-amazon.com/images/M/MV5BZmRjMGQyM2EtNDg2My00NzY3LWEzNWItZGU4YTA2OTgyYzI3XkEyXkFqcGdeQXVyNTYyNzQ2MjY@._V1_SX300.jpg","Ratings":[{"Source":"Internet Movie Database","Value":"7.5/10"}],"Metascore":"N/A","imdbRating":"7.5","imdbVotes":"11","imdbID":"tt0326359","Type":"movie","DVD":"N/A","BoxOffice":"N/A","Production":"N/A","Website":"N/A","Response":"True"}