{"Title":"Workers, Peasants","Year":"2001","Rated":"N/A","Released":"01 Sep 2001","Runtime":"123 min","Genre":"Drama","Director":"DaniÃ¨le Huillet, Jean-Marie Straub","Writer":"Elio Vittorini (novel)","Actors":"Angela Nugara, Giacinto Di Pascoli, Gianpaolo Cassarino, Enrico Achilli","Plot":"A group of men and women of all generations have been brought together in the course of their travels after World War II, when Italy regained its national unity. Amid the ruins of this ...","Language":"Italian","Country":"France, Germany, Italy","Awards":"N/A","Poster":"https://images-na.ssl-images-amazon.com/images/M/MV5BZDQxMzRmMGItNWE1MC00ZDc5LTkwNzctM2M4NmE1MWU5ZGQyL2ltYWdlL2ltYWdlXkEyXkFqcGdeQXVyMTQ3Njg3MQ@@._V1_SX300.jpg","Ratings":[{"Source":"Internet Movie Database","Value":"7.2/10"}],"Metascore":"N/A","imdbRating":"7.2","imdbVotes":"66","imdbID":"tt0305923","Type":"movie","DVD":"N/A","BoxOffice":"N/A","Production":"N/A","Website":"N/A","Response":"True"}