{"Title":"In the 9th Month","Year":"2002","Rated":"N/A","Released":"N/A","Runtime":"108 min","Genre":"Romance","Director":"Ali Nasser","Writer":"Ali Nasser","Actors":"Ashraf Barhom, Raida Adon, Nisreen Faour, Wisam Nassar","Plot":"N/A","Language":"Arabic","Country":"Israel","Awards":"7 nominations.","Poster":"N/A","Ratings":[{"Source":"Internet Movie Database","Value":"8.1/10"}],"Metascore":"N/A","imdbRating":"8.1","imdbVotes":"12","imdbID":"tt0311328","Type":"movie","DVD":"N/A","BoxOffice":"N/A","Production":"N/A","Website":"N/A","Response":"True"}