{"Title":"A Beautiful Secret","Year":"2002","Rated":"NR","Released":"18 Mar 2005","Runtime":"130 min","Genre":"Drama","Director":"Leopoldo Laborde","Writer":"Leopoldo Laborde","Actors":"Katy Jurado, Imanol, Ana de la Reguera, Jaime Aymerich","Plot":"La amada leyenda de la pantalla, Katy Jurado, la ilumina una Ãºltima vez en la historia de una amistad especial que se desarrolla entre una mujer solitaria de edad y Jorge, un adolescente ...","Language":"Spanish","Country":"Mexico","Awards":"4 wins.","Poster":"https://images-na.ssl-images-amazon.com/images/M/MV5BMTQ1MTEwMDYxNl5BMl5BanBnXkFtZTgwOTA3OTk1MDE@._V1_SX300.jpg","Ratings":[{"Source":"Internet Movie Database","Value":"7.1/10"}],"Metascore":"N/A","imdbRating":"7.1","imdbVotes":"142","imdbID":"tt0316562","Type":"movie","DVD":"07 Sep 2010","BoxOffice":"N/A","Production":"Butaca","Website":"N/A","Response":"True"}