{"Title":"Ogledaloto na dyavola","Year":"2001","Rated":"N/A","Released":"26 Nov 2001","Runtime":"134 min","Genre":"N/A","Director":"Nikolai Volev","Writer":"Marin Damyanov, Nikolai Volev","Actors":"Hristo Mutafchiev, Kalina Donkova, Deyan Donkov, Vassil Mihajlov","Plot":"Total corruption and sky-high crime are among the most obvious signs of post-totalitarian reality in Bulgaria. Gangsters and politicians are hastily making vast fortunes in a market economy...","Language":"Bulgarian","Country":"Bulgaria","Awards":"N/A","Poster":"N/A","Ratings":[{"Source":"Internet Movie Database","Value":"7.1/10"}],"Metascore":"N/A","imdbRating":"7.1","imdbVotes":"46","imdbID":"tt0302885","Type":"movie","DVD":"N/A","BoxOffice":"N/A","Production":"N/A","Website":"N/A","Response":"True"}