{"Title":"Master and Commander: The Far Side of the World","Year":"2003","Rated":"PG-13","Released":"14 Nov 2003","Runtime":"138 min","Genre":"Action, Adventure, Drama, History, War","Director":"Peter Weir","Writer":"Patrick O'Brian (novels), Peter Weir (screenplay), John Collee (screenplay)","Actors":"Russell Crowe, Paul Bettany, James D'Arcy, Edward Woodall","Plot":"During the Napoleonic Wars, a brash British captain pushes his ship and crew to their limits in pursuit of a formidable French war vessel around South America.","Language":"English, French, Portuguese","Country":"USA","Awards":"Won 2 Oscars. Another 21 wins & 90 nominations.","Poster":"https://m.media-amazon.com/images/M/MV5BMjA5NjYyMDM5NV5BMl5BanBnXkFtZTYwOTU5MDY2._V1_SX300.jpg","Ratings":[{"Source":"Internet Movie Database","Value":"7.4/10"},{"Source":"Rotten Tomatoes","Value":"85%"},{"Source":"Metacritic","Value":"81/100"}],"Metascore":"81","imdbRating":"7.4","imdbVotes":"185,721","imdbID":"tt0311113","Type":"movie","DVD":"20 Apr 2004","BoxOffice":"$92,100,000","Production":"20th Century Fox","Website":"http://www.masterandcommanderthefarsideoftheworld.com/","Response":"True"}