{"Title":"100 Days","Year":"2001","Rated":"N/A","Released":"01 Feb 2001","Runtime":"100 min","Genre":"Drama","Director":"Nick Hughes","Writer":"Nick Hughes","Actors":"Eric Bridges Twahirwa, Cleophas Kabasita, Davis Kagenza, Mazimpaka Kennedy","Plot":"A local Hutu official is persuaded to implement the government's policy against the Tutsi: To completely wipe them out. Josette, a beautiful young Tutsi girl struggles to survive the ...","Language":"English","Country":"UK, Rwanda","Awards":"1 win & 1 nomination.","Poster":"N/A","Ratings":[{"Source":"Internet Movie Database","Value":"7.5/10"}],"Metascore":"N/A","imdbRating":"7.5","imdbVotes":"56","imdbID":"tt0315100","Type":"movie","DVD":"N/A","BoxOffice":"N/A","Production":"N/A","Website":"N/A","Response":"True"}