{"Title":"Sexgunsmoney@20","Year":"2002","Rated":"N/A","Released":"N/A","Runtime":"115 min","Genre":"Drama, Comedy","Director":"Orestes Matacena","Writer":"Orestes Matacena","Actors":"Jeff DeJohn, Candice Hussain, Tordy Clark, KrisztiÃ¡n KovÃ¡cs","Plot":"Sexgunsmoney@20 is an intense, funny and visceral story about excesses, instant gratification, greed and power, filled with intrigue and Machiavellian plotting. The five main characters are...","Language":"English","Country":"USA","Awards":"N/A","Poster":"N/A","Ratings":[{"Source":"Internet Movie Database","Value":"6.8/10"}],"Metascore":"N/A","imdbRating":"6.8","imdbVotes":"9","imdbID":"tt0307451","Type":"movie","DVD":"N/A","BoxOffice":"N/A","Production":"N/A","Website":"N/A","Response":"True"}