{"Title":"Aankhen","Year":"2002","Rated":"N/A","Released":"05 Apr 2002","Runtime":"165 min","Genre":"Comedy, Thriller, Crime","Director":"Vipul Amrutlal Shah","Writer":"Shobhana Desai (play), Aatish Kapadia (screenplay), Aatish Kapadia (story), Aatish Kapadia, Vipul Amrutlal Shah (screenplay), Vipul Amrutlal Shah (story)","Actors":"Amitabh Bachchan, Akshay Kumar, Sushmita Sen, Arjun Rampal","Plot":"After a temperamental man is unceremoniously stripped of his duties as a bank manager, he decides to seek revenge by robbing the bank. He trains three blind men to do this risky task for him.","Language":"Hindi","Country":"India","Awards":"5 nominations.","Poster":"https://images-na.ssl-images-amazon.com/images/M/MV5BYmE2MTNkYTctN2FjYS00Zjc2LWFiOGQtNzFmZmE4YzM2NmM4XkEyXkFqcGdeQXVyNDUzOTQ5MjY@._V1_SX300.jpg","Ratings":[{"Source":"Internet Movie Database","Value":"7.6/10"}],"Metascore":"N/A","imdbRating":"7.6","imdbVotes":"9,882","imdbID":"tt0306434","Type":"movie","DVD":"07 Aug 2007","BoxOffice":"N/A","Production":"N/A","Website":"N/A","Response":"True"}