{"Title":"Kamchatka","Year":"2002","Rated":"N/A","Released":"17 Oct 2002","Runtime":"106 min","Genre":"Drama","Director":"Marcelo PiÃ±eyro","Writer":"Marcelo Figueras, Marcelo PiÃ±eyro","Actors":"Ricardo DarÃ­n, Cecilia Roth, HÃ©ctor Alterio, Fernanda Mistral","Plot":"The film is seen through the eyes of a ten-year-old boy, Harry (MatÃ­as del Pozo), who does not know that Argentina's 1976 coup d'Ã©tat is impacting his life. After witnessing the \"...","Language":"Spanish, Swahili","Country":"Argentina, Spain, Italy","Awards":"6 wins & 6 nominations.","Poster":"https://m.media-amazon.com/images/M/MV5BNDg5ODA0OTItNDllZS00NWEzLWIwZmUtNjUwZDQyMzM3M2MzXkEyXkFqcGdeQXVyMzU1ODUxOTk@._V1_SX300.jpg","Ratings":[{"Source":"Internet Movie Database","Value":"7.2/10"}],"Metascore":"N/A","imdbRating":"7.2","imdbVotes":"3,012","imdbID":"tt0320042","Type":"movie","DVD":"N/A","BoxOffice":"N/A","Production":"Buena Vista International","Website":"N/A","Response":"True"}