{"Title":"The Trespasser","Year":"2001","Rated":"N/A","Released":"05 Apr 2002","Runtime":"97 min","Genre":"Drama, Thriller","Director":"Beto Brant","Writer":"MarÃ§al Aquino (novel), MarÃ§al Aquino (screenplay), Beto Brant (screenplay), Renato Ciasca (screenplay)","Actors":"Marco Ricca, Alexandre Borges, Paulo Miklos, Mariana Ximenes","Plot":"Two businessmen hire a hitman to kill their third partner and are then blackmailed by the hitman as he takes over their company.","Language":"Portuguese","Country":"Brazil","Awards":"27 wins & 13 nominations.","Poster":"https://images-na.ssl-images-amazon.com/images/M/MV5BZGJjODkwYjYtOTE4Yi00YmRkLWI4ZTktZTU0ZGRiYjM4NmRmXkEyXkFqcGdeQXVyMjY2NDA2MzM@._V1_SX300.jpg","Ratings":[{"Source":"Internet Movie Database","Value":"7.2/10"}],"Metascore":"N/A","imdbRating":"7.2","imdbVotes":"1,411","imdbID":"tt0303408","Type":"movie","DVD":"N/A","BoxOffice":"N/A","Production":"N/A","Website":"N/A","Response":"True"}