{"Title":"House of Sand and Fog","Year":"2003","Rated":"R","Released":"09 Jan 2004","Runtime":"126 min","Genre":"Crime, Drama","Director":"Vadim Perelman","Writer":"Andre Dubus III (novel), Vadim Perelman (screenplay), Shawn Lawrence Otto (screenplay)","Actors":"Jennifer Connelly, Ben Kingsley, Ron Eldard, Frances Fisher","Plot":"An abandoned wife is evicted from her house and starts a tragic conflict with her house's new owners.","Language":"English, Persian","Country":"USA","Awards":"Nominated for 3 Oscars. Another 13 wins & 39 nominations.","Poster":"https://m.media-amazon.com/images/M/MV5BMTIzMjQ5NzM2M15BMl5BanBnXkFtZTYwMzU2NDY3._V1_SX300.jpg","Ratings":[{"Source":"Internet Movie Database","Value":"7.6/10"},{"Source":"Rotten Tomatoes","Value":"74%"},{"Source":"Metacritic","Value":"71/100"}],"Metascore":"71","imdbRating":"7.6","imdbVotes":"60,842","imdbID":"tt0315983","Type":"movie","DVD":"30 Mar 2004","BoxOffice":"$12,924,917","Production":"DreamWorks SKG","Website":"http://www.dreamworks.com/houseofsandandfog/","Response":"True"}