{"Title":"Cremaster 3","Year":"2002","Rated":"UNRATED","Released":"25 May 2003","Runtime":"182 min","Genre":"Drama, Fantasy","Director":"Matthew Barney","Writer":"Matthew Barney","Actors":"Richard Serra, Matthew Barney, Aimee Mullins, Paul Brady","Plot":"The third film of a five-part art-installation epic -- it's part-zombie movie, part-gangster film.","Language":"English, Irish, Hebrew","Country":"USA","Awards":"N/A","Poster":"https://images-na.ssl-images-amazon.com/images/M/MV5BMTI0MDIxMzM1OF5BMl5BanBnXkFtZTcwODcxMDgyMQ@@._V1_SX300.jpg","Ratings":[{"Source":"Internet Movie Database","Value":"7.2/10"},{"Source":"Rotten Tomatoes","Value":"63%"},{"Source":"Metacritic","Value":"67/100"}],"Metascore":"67","imdbRating":"7.2","imdbVotes":"1,235","imdbID":"tt0321781","Type":"movie","DVD":"N/A","BoxOffice":"$201,251","Production":"Palm Pictures","Website":"http://www.cremaster.net/crem3.htm","Response":"True"}