{"Title":"A Peck on the Cheek","Year":"2002","Rated":"NOT RATED","Released":"14 Feb 2002","Runtime":"123 min","Genre":"Drama, War","Director":"Mani Ratnam","Writer":"Mani Ratnam (screenplay), Mani Ratnam (story), Sujatha (dialogue)","Actors":"Madhavan, Simran, Keerthana Parthiepan, Nandita Das","Plot":"A little girl is told by her parents that she is adopted. Determined to find her birth mother, she begs to be taken to Sri Lanka, where her mother works with a militant group of activists.","Language":"Tamil, Sinhalese, English","Country":"India","Awards":"19 wins & 2 nominations.","Poster":"https://images-na.ssl-images-amazon.com/images/M/MV5BMzZmZTUzMDgtOWZlYS00YWRhLWEzN2ItMmU0N2EwZjhkMmVkXkEyXkFqcGdeQXVyODE0NjUxNzY@._V1_SX300.jpg","Ratings":[{"Source":"Internet Movie Database","Value":"8.5/10"},{"Source":"Rotten Tomatoes","Value":"83%"}],"Metascore":"N/A","imdbRating":"8.5","imdbVotes":"5,370","imdbID":"tt0312859","Type":"movie","DVD":"08 Aug 2006","BoxOffice":"N/A","Production":"N/A","Website":"N/A","Response":"True"}