{"Title":"Open Hearts","Year":"2002","Rated":"R","Released":"06 Sep 2002","Runtime":"113 min","Genre":"Drama, Romance","Director":"Susanne Bier","Writer":"Anders Thomas Jensen","Actors":"Mads Mikkelsen, Sonja Richter, Nikolaj Lie Kaas, Paprika Steen","Plot":"A Dogme film about an engaged couple that is torn apart after the man is paralyzed in an accident, and the woman falls in love with the husband of the woman who caused the accident.","Language":"Danish","Country":"Denmark","Awards":"12 wins & 12 nominations.","Poster":"https://images-na.ssl-images-amazon.com/images/M/MV5BMTY3NzYzMTQ5Ml5BMl5BanBnXkFtZTcwMzk1NDMzMQ@@._V1_SX300.jpg","Ratings":[{"Source":"Internet Movie Database","Value":"7.6/10"},{"Source":"Rotten Tomatoes","Value":"95%"},{"Source":"Metacritic","Value":"77/100"}],"Metascore":"77","imdbRating":"7.6","imdbVotes":"8,482","imdbID":"tt0315543","Type":"movie","DVD":"17 May 2005","BoxOffice":"N/A","Production":"Newmarket Films","Website":"N/A","Response":"True"}