{"Title":"Lover's Concerto","Year":"2002","Rated":"NOT RATED","Released":"15 Aug 2002","Runtime":"106 min","Genre":"Drama, Romance","Director":"Han Lee","Writer":"Han Lee","Actors":"Tae-Hyun Cha, Ye-jin Son, Eun-ju Lee, Yong-woo Park","Plot":"Two girls confused between love and friendship leave their mutal friend Ji-Hwan unexpectedly. Years later, Ji-Hwan departs on a long journey to find his old friends as he confronts a ...","Language":"Korean","Country":"South Korea","Awards":"1 win.","Poster":"https://m.media-amazon.com/images/M/MV5BMTQ2MDgzMDAyNF5BMl5BanBnXkFtZTgwMDAxNTU5MjE@._V1_SX300.jpg","Ratings":[{"Source":"Internet Movie Database","Value":"7.3/10"}],"Metascore":"N/A","imdbRating":"7.3","imdbVotes":"1,609","imdbID":"tt0328675","Type":"movie","DVD":"05 May 2009","BoxOffice":"N/A","Production":"Asian Crush","Website":"N/A","Response":"True"}