{"Title":"Red Bear","Year":"2002","Rated":"N/A","Released":"03 Oct 2002","Runtime":"95 min","Genre":"Crime, Drama, Thriller","Director":"Israel AdriÃ¡n Caetano","Writer":"Israel AdriÃ¡n Caetano, Romina Lanfranchini (story), Gabriela Speranza","Actors":"Julio ChÃ¡vez, Soledad Villamil, Luis MachÃ­n, Agostina Lage","Plot":"Bear has never gotten over the separation from his wife and daughter after having been convicted for armed robbery and homicide and sent to prison. Now he is out, to finally get his cut of ...","Language":"Spanish","Country":"Argentina, Spain, France","Awards":"6 wins & 12 nominations.","Poster":"https://images-na.ssl-images-amazon.com/images/M/MV5BMTYwNTcwNDg1OF5BMl5BanBnXkFtZTcwNTIwNDgyMQ@@._V1_SX300.jpg","Ratings":[{"Source":"Internet Movie Database","Value":"7.2/10"},{"Source":"Rotten Tomatoes","Value":"60%"}],"Metascore":"N/A","imdbRating":"7.2","imdbVotes":"1,780","imdbID":"tt0318523","Type":"movie","DVD":"19 Apr 2005","BoxOffice":"N/A","Production":"N/A","Website":"N/A","Response":"True"}