{"Title":"Waiting Alone","Year":"2004","Rated":"N/A","Released":"08 Sep 2005","Runtime":"107 min","Genre":"Comedy, Romance, Drama","Director":"Dayyan Eng","Writer":"Dayyan Eng","Actors":"Yu Xia, Bingbing Li, Beibi Gong, Qi Gao","Plot":"Chen Wen, an antique shop worker and aspiring author, who has just met the girl of his dreams. The only problem is that she only wants him as a very close friend, not as a boyfriend.","Language":"Mandarin","Country":"China","Awards":"3 wins & 8 nominations.","Poster":"https://images-na.ssl-images-amazon.com/images/M/MV5BMTY5MjY5MzA5OV5BMl5BanBnXkFtZTcwNjA1Mzc5Ng@@._V1_SX300.jpg","Ratings":[{"Source":"Internet Movie Database","Value":"7.3/10"}],"Metascore":"N/A","imdbRating":"7.3","imdbVotes":"866","imdbID":"tt0311041","Type":"movie","DVD":"N/A","BoxOffice":"N/A","Production":"N/A","Website":"N/A","Response":"True"}