{"Title":"God Is on Their Side","Year":"2002","Rated":"N/A","Released":"N/A","Runtime":"96 min","Genre":"Musical, Action, Comedy","Director":"Mark Eisenstein","Writer":"Mark Eisenstein","Actors":"David Johansen, Nick Taylor, Charles Balcer, Dino Barlaam","Plot":"In a time of war, a great prayer offensive is launched to bring God over to our side.","Language":"English","Country":"USA","Awards":"N/A","Poster":"http://ia.media-imdb.com/images/M/MV5BMjk5ODU5OTI1OF5BMl5BanBnXkFtZTYwOTk2Nzc5._V1_SX300.jpg","Ratings":[{"Source":"Internet Movie Database","Value":"6.8/10"}],"Metascore":"N/A","imdbRating":"6.8","imdbVotes":"14","imdbID":"tt0308320","Type":"movie","DVD":"N/A","BoxOffice":"N/A","Production":"N/A","Website":"N/A","Response":"True"}