{"Title":"Indra","Year":"2002","Rated":"N/A","Released":"24 Jul 2002","Runtime":"173 min","Genre":"Action, Drama","Director":"Gopal B.","Writer":"Chinni Krishna (screenplay), Chinni Krishna (story), Gopalakrishna Paruchuri (dialogue), Venkateswara Rao Paruchuri (dialogue)","Actors":"Chiranjeevi, Sonali Bendre, Aarti Agarwal, Prakash Raj","Plot":"Since 1965 bitter hatred and animosity has reigned between two families, namely that of Indrasen's and the Reddys, which results in the death of Indrasen's dad, and his two uncles, one of ...","Language":"Telugu","Country":"India","Awards":"2 wins.","Poster":"https://m.media-amazon.com/images/M/MV5BOTA3Mjk1YjgtODU1Mi00YzY4LTk1ZjctNmE2Mjc4NGI3MGI1XkEyXkFqcGdeQXVyNjQ1MDcxNzM@._V1_SX300.jpg","Ratings":[{"Source":"Internet Movie Database","Value":"7.3/10"}],"Metascore":"N/A","imdbRating":"7.3","imdbVotes":"1,900","imdbID":"tt0319557","Type":"movie","DVD":"28 Nov 2006","BoxOffice":"N/A","Production":"N/A","Website":"N/A","Response":"True"}