{"Title":"Hari ng selda: Anak ni Baby Ama 2","Year":"2002","Rated":"N/A","Released":"30 Mar 2002","Runtime":"120 min","Genre":"Action","Director":"Deo Fajardo Jr.","Writer":"Robin Padilla (story and screenplay), Deo Fajardo Jr. (story and screenplay)","Actors":"Robin Padilla, Angelika Dela Cruz, Rommel Padilla, Raven Villanueva","Plot":"Anghel and Angelica are two people from two different worlds. Anghel is serving his sentence and is confined in the National Penitentiary while Angelica is a graduating student at the prime...","Language":"Filipino, Tagalog","Country":"Philippines","Awards":"N/A","Poster":"https://ia.media-imdb.com/images/M/MV5BNzhkNGFkZGQtYmIzOS00MTY5LThlNGItMjFiZGI1NTcyZTIyXkEyXkFqcGdeQXVyNTYyNzQ2MjY@._V1_SX300.jpg","Ratings":[{"Source":"Internet Movie Database","Value":"8.1/10"}],"Metascore":"N/A","imdbRating":"8.1","imdbVotes":"30","imdbID":"tt0322501","Type":"movie","DVD":"N/A","BoxOffice":"N/A","Production":"N/A","Website":"N/A","Response":"True"}