{"Title":"Kah-chan","Year":"2001","Rated":"N/A","Released":"10 Nov 2001","Runtime":"96 min","Genre":"Comedy","Director":"Kon Ichikawa","Writer":"YÃ´ Takeyama, Natto Wada, ShÃ»gorÃ´ Yamamoto (story)","Actors":"Keiko Kishi, RyÃ»ji Harada, ShÃ´ichi Ozawa, Kanae Katsuno","Plot":"N/A","Language":"Japanese","Country":"Japan","Awards":"2 wins & 2 nominations.","Poster":"https://images-na.ssl-images-amazon.com/images/M/MV5BZWIwZDRiZmItZTVkOS00ZjU2LWFlNDQtNWM3Zjc3ZDFkOGM1L2ltYWdlL2ltYWdlXkEyXkFqcGdeQXVyMjUyNDk2ODc@._V1_SX300.jpg","Ratings":[{"Source":"Internet Movie Database","Value":"7.1/10"}],"Metascore":"N/A","imdbRating":"7.1","imdbVotes":"29","imdbID":"tt0314247","Type":"movie","DVD":"N/A","BoxOffice":"N/A","Production":"N/A","Website":"N/A","Response":"True"}