{"Title":"Ten","Year":"2002","Rated":"NOT RATED","Released":"18 Sep 2002","Runtime":"94 min","Genre":"Drama","Director":"Abbas Kiarostami","Writer":"Abbas Kiarostami","Actors":"Mania Akbari, Amin Maher, Kamran Adl, Roya Akbari","Plot":"A visual social examination in the form of ten conversations between a driving woman and her various pick-ups and hitchhikers.","Language":"Persian","Country":"Iran, France","Awards":"3 nominations.","Poster":"https://ia.media-imdb.com/images/M/MV5BMTgyNTYwMzM5MV5BMl5BanBnXkFtZTcwMjE5MTcyMQ@@._V1_SX300.jpg","Ratings":[{"Source":"Internet Movie Database","Value":"7.5/10"},{"Source":"Rotten Tomatoes","Value":"87%"},{"Source":"Metacritic","Value":"86/100"}],"Metascore":"86","imdbRating":"7.5","imdbVotes":"5,883","imdbID":"tt0301978","Type":"movie","DVD":"02 Nov 2004","BoxOffice":"N/A","Production":"Zeitgeist Films","Website":"http://www.zeitgeistfilm.com/current/ten/ten.html","Response":"True"}