{"Title":"The Calling","Year":"2002","Rated":"PG","Released":"28 Feb 2002","Runtime":"117 min","Genre":"Drama, Family","Director":"Michael C. Brown","Writer":"Michael C. Brown","Actors":"Candy Campbell, Yvonna Lynn, AnnieScott Rogers, Maggie Malone","Plot":"Armed with twenty dollars and a backpack, Pastor William sets off on an unusual call from God to walk across the country preaching the gospel. Provided with a blurry picture of William the ...","Language":"English","Country":"USA","Awards":"N/A","Poster":"N/A","Ratings":[{"Source":"Internet Movie Database","Value":"7.7/10"}],"Metascore":"N/A","imdbRating":"7.7","imdbVotes":"7","imdbID":"tt0315355","Type":"movie","DVD":"N/A","BoxOffice":"N/A","Production":"Testimony Pictures","Website":"http://www.testimonypictures.com/thecalling/default.htm","Response":"True"}