{"Title":"Common Ground","Year":"2002","Rated":"NOT RATED","Released":"12 Sep 2002","Runtime":"108 min","Genre":"Drama","Director":"Adolfo Aristarain","Writer":"Adolfo Aristarain, Lorenzo F. Aristarain (novel), Kathy Saavedra","Actors":"Federico Luppi, Mercedes Sampietro, Arturo Puig, Carlos SantamarÃ­a","Plot":"In Buenos Aires, a few days before traveling to Spain with his beloved wife Liliana Rovira to visit their son Pedro, the leftist Literature professor Fernando Robles is compulsory retired ...","Language":"Spanish","Country":"Spain, Argentina","Awards":"13 wins & 13 nominations.","Poster":"https://images-na.ssl-images-amazon.com/images/M/MV5BMTUxMjk3MTE5NV5BMl5BanBnXkFtZTcwOTM1MzMzMQ@@._V1_SX300.jpg","Ratings":[{"Source":"Internet Movie Database","Value":"7.8/10"}],"Metascore":"N/A","imdbRating":"7.8","imdbVotes":"1,583","imdbID":"tt0329330","Type":"movie","DVD":"20 Apr 2004","BoxOffice":"N/A","Production":"N/A","Website":"N/A","Response":"True"}