{"Title":"Monsieur Ibrahim","Year":"2003","Rated":"R","Released":"09 Apr 2004","Runtime":"95 min","Genre":"Comedy, Drama","Director":"FranÃ§ois Dupeyron","Writer":"FranÃ§ois Dupeyron, Eric-Emmanuel Schmitt (novel), Eric-Emmanuel Schmitt (screenplay \"Coran\")","Actors":"Omar Sharif, Pierre Boulanger, Gilbert Melki, Isabelle Renauld","Plot":"In Paris, a Turkish shop owner befriends a Jewish boy in his mid-teens.","Language":"French, Turkish","Country":"France","Awards":"Nominated for 1 Golden Globe. Another 5 wins & 7 nominations.","Poster":"https://images-na.ssl-images-amazon.com/images/M/MV5BNzI0MzYyMDY4MV5BMl5BanBnXkFtZTcwNzA1MDUyMQ@@._V1_SX300.jpg","Ratings":[{"Source":"Internet Movie Database","Value":"7.5/10"},{"Source":"Rotten Tomatoes","Value":"85%"},{"Source":"Metacritic","Value":"69/100"}],"Metascore":"69","imdbRating":"7.5","imdbVotes":"10,005","imdbID":"tt0329388","Type":"movie","DVD":"06 Jul 2004","BoxOffice":"$2,646,396","Production":"Sony Pictures Classics","Website":"http://www.sonyclassics.com/ibrahim/","Response":"True"}