{"Title":"Killers on Holiday","Year":"2002","Rated":"N/A","Released":"17 May 2002","Runtime":"95 min","Genre":"Comedy","Director":"Damiano Damiani","Writer":"Giovanni Ammendola, Marco Denevi (novel), Giampaolo Serra","Actors":"Carmen Maura, Riccardo Reim, Domenico Fortunato, Sara D'Amario","Plot":"Family of stray artists disguised their son in a woman and trying to steal the bequest of a rich stranger by force of old gypsy habit.","Language":"Italian","Country":"Italy, Spain","Awards":"N/A","Poster":"https://images-na.ssl-images-amazon.com/images/M/MV5BYzg4ODg4NTctZTA4Zi00OTM2LWEyZWItMzYyYmJkNjE1NzlkXkEyXkFqcGdeQXVyNjMxODMyODU@._V1_SX300.jpg","Ratings":[{"Source":"Internet Movie Database","Value":"7.0/10"}],"Metascore":"N/A","imdbRating":"7.0","imdbVotes":"53","imdbID":"tt0321305","Type":"movie","DVD":"N/A","BoxOffice":"N/A","Production":"N/A","Website":"N/A","Response":"True"}