{"Title":"Purple Sunset","Year":"2001","Rated":"N/A","Released":"N/A","Runtime":"106 min","Genre":"War","Director":"Xiaoning Feng","Writer":"N/A","Actors":"Anna Dzenilalova, Eddie Eagle, Dalong Fu, Chie Maeda","Plot":"A Soviet Russian lady officer, a Chinese peasant and a Japanese schoolgirl must walk their way out of a forest toward the end of World War II, despite their mutual distrust of one another.","Language":"Mandarin, Russian, Japanese","Country":"China","Awards":"5 wins.","Poster":"https://m.media-amazon.com/images/M/MV5BMWY4NDFiZGEtMjE4Zi00YzM0LThjNTAtNzFiNDQ0OGY3MGIwXkEyXkFqcGdeQXVyMjExMzEyNTM@._V1_SX300.jpg","Ratings":[{"Source":"Internet Movie Database","Value":"7.1/10"}],"Metascore":"N/A","imdbRating":"7.1","imdbVotes":"354","imdbID":"tt0303260","Type":"movie","DVD":"26 Apr 2005","BoxOffice":"N/A","Production":"MagicPlay","Website":"N/A","Response":"True"}