{"Title":"The War Effort","Year":"2003","Rated":"N/A","Released":"01 Sep 2003","Runtime":"106 min","Genre":"Comedy, War","Director":"Bob Cesca","Writer":"Bob Cesca","Actors":"Deane Weislogel, Richard Bradbury, John Gancar, Jack Sergeant","Plot":"A documentary film crew follows the lives of several knee-jerk patriots as they enter a radio contest during the early days of the War on Terrorism.","Language":"N/A","Country":"USA","Awards":"N/A","Poster":"http://ia.media-imdb.com/images/M/MV5BMzM3MDc1NDUzMl5BMl5BanBnXkFtZTYwMTQ3Mzg5._V1_SX300.jpg","Ratings":[{"Source":"Internet Movie Database","Value":"7.5/10"}],"Metascore":"N/A","imdbRating":"7.5","imdbVotes":"35","imdbID":"tt0300634","Type":"movie","DVD":"N/A","BoxOffice":"N/A","Production":"N/A","Website":"N/A","Response":"True"}