{"Title":"You Shoot, I Shoot","Year":"2001","Rated":"N/A","Released":"16 Aug 2001","Runtime":"94 min","Genre":"Crime, Action, Comedy","Director":"Ho-Cheung Pang","Writer":"Vincent Kok, Ho-Cheung Pang","Actors":"Eric Kot, Tat-Ming Cheung, Hyper BB, Kenneth Bi","Plot":"An assassin teams up with a director to filming the killing he do.","Language":"Cantonese, French, Japanese","Country":"Hong Kong","Awards":"1 win & 2 nominations.","Poster":"https://images-na.ssl-images-amazon.com/images/M/MV5BMjA4MjA1NTAxNV5BMl5BanBnXkFtZTcwMDAyODEzMQ@@._V1_SX300.jpg","Ratings":[{"Source":"Internet Movie Database","Value":"7.5/10"}],"Metascore":"N/A","imdbRating":"7.5","imdbVotes":"1,236","imdbID":"tt0312932","Type":"movie","DVD":"06 Sep 2005","BoxOffice":"N/A","Production":"Golden Harvest Company","Website":"N/A","Response":"True"}