{"Title":"Good Bye Lenin!","Year":"2003","Rated":"R","Released":"14 May 2004","Runtime":"121 min","Genre":"Comedy, Drama, Romance","Director":"Wolfgang Becker","Writer":"Bernd Lichtenberg, Wolfgang Becker (author), Achim von Borries (collaborator on screenplay), Henk Handloegten (collaborator on screenplay), Chris Silber (collaborator on screenplay)","Actors":"Daniel BrÃ¼hl, Katrin SaÃŸ, Chulpan Khamatova, Maria Simon","Plot":"In 1990, to protect his fragile mother from a fatal shock after a long coma, a young man must keep her from learning that her beloved nation of East Germany as she knew it has disappeared.","Language":"German, English, Russian","Country":"Germany","Awards":"Nominated for 1 Golden Globe. Another 33 wins & 19 nominations.","Poster":"https://m.media-amazon.com/images/M/MV5BMTI0MTg4NzI3M15BMl5BanBnXkFtZTcwOTE0MTUyMQ@@._V1_SX300.jpg","Ratings":[{"Source":"Internet Movie Database","Value":"7.7/10"},{"Source":"Rotten Tomatoes","Value":"90%"},{"Source":"Metacritic","Value":"68/100"}],"Metascore":"68","imdbRating":"7.7","imdbVotes":"126,836","imdbID":"tt0301357","Type":"movie","DVD":"10 Aug 2004","BoxOffice":"$4,000,000","Production":"Sony Pictures Classics","Website":"http://www.german-cinema.de/archive/film_view.php?film_id=939","Response":"True"}