{"Title":"Laundry","Year":"2002","Rated":"N/A","Released":"14 Dec 2006","Runtime":"126 min","Genre":"Drama, Romance","Director":"Jun'ichi Mori","Writer":"Jun'ichi Mori","Actors":"YÃ´suke Kubozuka, Koyuki, Takashi NaitÃ´, Ken'ichirÃ´ Tanabe","Plot":"A young man named Teru, mentally altered by a childhood injury, runs a laundry and falls for Mizue, a lonely young woman with internal scars.","Language":"Japanese","Country":"Japan","Awards":"1 nomination.","Poster":"https://ia.media-imdb.com/images/M/MV5BNThhNjIxNTQtYzhlMS00MWI2LThhMWItZDczNjcyNjhiZWIwXkEyXkFqcGdeQXVyMjI2NTQzNTQ@._V1_SX300.jpg","Ratings":[{"Source":"Internet Movie Database","Value":"7.2/10"}],"Metascore":"N/A","imdbRating":"7.2","imdbVotes":"561","imdbID":"tt0303357","Type":"movie","DVD":"N/A","BoxOffice":"N/A","Production":"N/A","Website":"N/A","Response":"True"}