{"Title":"Kingdom","Year":"2001","Rated":"N/A","Released":"N/A","Runtime":"96 min","Genre":"Adventure, Family, Fantasy","Director":"Kenneth D. Barker","Writer":"Kenneth D. Barker","Actors":"Simon Kirk, Manouk van der Meulen, David Bowles, Peter Campbell-Orde","Plot":"N/A","Language":"English","Country":"UK","Awards":"N/A","Poster":"N/A","Ratings":[{"Source":"Internet Movie Database","Value":"6.9/10"}],"Metascore":"N/A","imdbRating":"6.9","imdbVotes":"49","imdbID":"tt0328033","Type":"movie","DVD":"N/A","BoxOffice":"N/A","Production":"N/A","Website":"N/A","Response":"True"}