{"Title":"Arcibel's Game","Year":"2003","Rated":"N/A","Released":"29 May 2003","Runtime":"115 min","Genre":"Drama, Fantasy","Director":"Alberto Lecchi","Writer":"Daniel GarcÃ­a Molt, Alberto Lecchi","Actors":"DarÃ­o Grandinetti, Diego Torres, Juan Echanove, Juan Diego","Plot":"A chess columnist ends in prison when one of his columns is mistakenly seen as a subversive attack. From there he invents a game of war and strategy and a cellmate who escapes uses it initiating a real revolution. Gripping story.","Language":"Spanish","Country":"Argentina","Awards":"1 win & 1 nomination.","Poster":"https://m.media-amazon.com/images/M/MV5BOGNmZGU0YTgtODFmMi00MTlmLWEwZmQtODlhM2MxNDU0MDExXkEyXkFqcGdeQXVyNTM3MDMyMDQ@._V1_SX300.jpg","Ratings":[{"Source":"Internet Movie Database","Value":"7.2/10"}],"Metascore":"N/A","imdbRating":"7.2","imdbVotes":"253","imdbID":"tt0317772","Type":"movie","DVD":"N/A","BoxOffice":"N/A","Production":"N/A","Website":"N/A","Response":"True"}