{"Title":"Winning Girls Through Psychic Mind Control","Year":"2002","Rated":"N/A","Released":"09 Jun 2002","Runtime":"93 min","Genre":"Comedy","Director":"Barry Alexander Brown","Writer":"Dan Harnden","Actors":"Bronson Pinchot, Ruben Santiago-Hudson, Amy Carlson, Christopher Murney","Plot":"N/A","Language":"English","Country":"USA","Awards":"N/A","Poster":"N/A","Ratings":[{"Source":"Internet Movie Database","Value":"7.7/10"},{"Source":"Rotten Tomatoes","Value":"60%"},{"Source":"Metacritic","Value":"57/100"}],"Metascore":"57","imdbRating":"7.7","imdbVotes":"15","imdbID":"tt0326412","Type":"movie","DVD":"N/A","BoxOffice":"N/A","Production":"N/A","Website":"N/A","Response":"True"}