{"Title":"Dirty Pretty Things","Year":"2002","Rated":"R","Released":"05 Sep 2003","Runtime":"97 min","Genre":"Crime, Drama, Thriller","Director":"Stephen Frears","Writer":"Steven Knight","Actors":"Chiwetel Ejiofor, Audrey Tautou, Sergi LÃ³pez, Sophie Okonedo","Plot":"An illegal Nigerian immigrant discovers the unpalatable side of London life.","Language":"English, Somali, Spanish, French","Country":"UK","Awards":"Nominated for 1 Oscar. Another 17 wins & 26 nominations.","Poster":"https://m.media-amazon.com/images/M/MV5BNDMxOGM4ZjgtZjJhNS00MzVjLWI2ZjctYzhjN2NkMGI5OWZkXkEyXkFqcGdeQXVyMTAwMzUyOTc@._V1_SX300.jpg","Ratings":[{"Source":"Internet Movie Database","Value":"7.4/10"},{"Source":"Rotten Tomatoes","Value":"94%"},{"Source":"Metacritic","Value":"78/100"}],"Metascore":"78","imdbRating":"7.4","imdbVotes":"37,937","imdbID":"tt0301199","Type":"movie","DVD":"23 Mar 2004","BoxOffice":"$7,953,388","Production":"Miramax Films","Website":"http://www.miramax.com/dirty_pretty_things","Response":"True"}