{"Title":"Kingdom of Heaven","Year":"2005","Rated":"R","Released":"06 May 2005","Runtime":"144 min","Genre":"Action, Adventure, Drama, History, War","Director":"Ridley Scott","Writer":"William Monahan","Actors":"Martin Hancock, Michael Sheen, Nathalie Cox, Eriq Ebouaney","Plot":"Balian of Ibelin travels to Jerusalem during the Crusades of the 12th century, and there he finds himself as the defender of the city and its people.","Language":"English, Arabic, Latin, Italian","Country":"USA, UK, Spain, Germany, Morocco","Awards":"5 wins & 14 nominations.","Poster":"https://m.media-amazon.com/images/M/MV5BMjE2MTIwNjg0MV5BMl5BanBnXkFtZTcwNjAxODIzMw@@._V1_SX300.jpg","Ratings":[{"Source":"Internet Movie Database","Value":"7.2/10"},{"Source":"Rotten Tomatoes","Value":"39%"},{"Source":"Metacritic","Value":"63/100"}],"Metascore":"63","imdbRating":"7.2","imdbVotes":"244,411","imdbID":"tt0320661","Type":"movie","DVD":"11 Oct 2005","BoxOffice":"$47,259,055","Production":"20th Century Fox","Website":"http://www.kingdomofheavenmovie.com/","Response":"True"}