{"Title":"Dui Duari","Year":"2001","Rated":"N/A","Released":"N/A","Runtime":"136 min","Genre":"Drama, Mystery","Director":"Humayun Ahmed","Writer":"Humayun Ahmed (novel), Humayun Ahmed (dialogue), Humayun Ahmed (screenplay)","Actors":"Riaz, Meher Afroz Shaon, Mahfuz Ahmed, Masud Ali Khan","Plot":"The story is centered around a middle class family and their middle class daily life issues, with one exception of inclusion of a mysterious man (Raiz) who does not know where he has come ...","Language":"Bengali","Country":"Bangladesh","Awards":"3 wins.","Poster":"https://images-na.ssl-images-amazon.com/images/M/MV5BMjU0ZDAyYjgtMzllNi00ZjNlLTk3ZDYtZTI0OTYxNDE5M2RjXkEyXkFqcGdeQXVyNjA3OTI5MjA@._V1_SX300.jpg","Ratings":[{"Source":"Internet Movie Database","Value":"7.8/10"}],"Metascore":"N/A","imdbRating":"7.8","imdbVotes":"632","imdbID":"tt0314004","Type":"movie","DVD":"N/A","BoxOffice":"N/A","Production":"N/A","Website":"N/A","Response":"True"}