{"Title":"Iranian Spread","Year":"2002","Rated":"N/A","Released":"15 Nov 2002","Runtime":"102 min","Genre":"Drama","Director":"Kianoush Ayari","Writer":"Kianoush Ayari","Actors":"Noor-Ali Lotfi, Mehrdad Falahatger, Mansoureh Ali-Akbari, Mansouri Shir-Rafat","Plot":"A counterfeit 1000 tomin bank note is passed in a bazaar. It passes through a broad cross-section of Iranian society, stopping with a pickpocket, a pomegranate seller, an abortionist, an ...","Language":"Persian","Country":"Iran","Awards":"1 nomination.","Poster":"N/A","Ratings":[{"Source":"Internet Movie Database","Value":"7.8/10"}],"Metascore":"N/A","imdbRating":"7.8","imdbVotes":"37","imdbID":"tt0326179","Type":"movie","DVD":"N/A","BoxOffice":"N/A","Production":"N/A","Website":"N/A","Response":"True"}