{"Title":"The Seventies","Year":"2002","Rated":"N/A","Released":"28 Jun 2003","Runtime":"N/A","Genre":"Drama","Director":"Chito S. RoÃ±o","Writer":"Lualhati Bautista (story and screenplay), Lualhati Bautista (novel)","Actors":"Vilma Santos, Christopher De Leon, Piolo Pascual, Marvin Agustin","Plot":"A middle-class Filipino family struggles to survive in the era of dictatorship.","Language":"Filipino, Tagalog, English","Country":"Philippines","Awards":"16 wins & 10 nominations.","Poster":"https://images-na.ssl-images-amazon.com/images/M/MV5BZDAzYzQzZGYtYjA5Ni00YTZkLWEyZmYtYzc5ZGQzMTI1ZTBmXkEyXkFqcGdeQXVyNDU5NDEyMjU@._V1_SX300.jpg","Ratings":[{"Source":"Internet Movie Database","Value":"7.2/10"}],"Metascore":"N/A","imdbRating":"7.2","imdbVotes":"180","imdbID":"tt0325233","Type":"movie","DVD":"05 Aug 2003","BoxOffice":"N/A","Production":"N/A","Website":"N/A","Response":"True"}