{"Title":"Growing Hair","Year":"2002","Rated":"N/A","Released":"14 Mar 2002","Runtime":"91 min","Genre":"Comedy, Drama","Director":"Corey Meredith","Writer":"Corey Meredith","Actors":"Scott Genn, Nicholas Gilland, Derek Maples, Jane Bass","Plot":"\"Growing Hair\" is a perverse comedy about three, twenty-something friends coming to terms with their addictions that uses original, witty dialog to push a story of friendship between a ...","Language":"English","Country":"USA","Awards":"N/A","Poster":"N/A","Ratings":[{"Source":"Internet Movie Database","Value":"7.5/10"}],"Metascore":"N/A","imdbRating":"7.5","imdbVotes":"17","imdbID":"tt0325502","Type":"movie","DVD":"N/A","BoxOffice":"N/A","Production":"N/A","Website":"N/A","Response":"True"}