{"Title":"Who the Hell Is Bobby Roos?","Year":"2002","Rated":"N/A","Released":"01 Oct 2004","Runtime":"93 min","Genre":"Drama","Director":"John Feldman","Writer":"N/A","Actors":"Roger Kabler, Annabelle Larsen, Iris Paldiel","Plot":"Once a rising Hollywood star, Bobby Roos is now playing to small audiences in New York City clubs. One night, a hecler ignites Bobby's repressed rage. Staying in character as Robert De Niro...","Language":"English","Country":"USA","Awards":"1 win.","Poster":"N/A","Ratings":[{"Source":"Internet Movie Database","Value":"8.1/10"}],"Metascore":"N/A","imdbRating":"8.1","imdbVotes":"18","imdbID":"tt0326408","Type":"movie","DVD":"N/A","BoxOffice":"N/A","Production":"N/A","Website":"N/A","Response":"True"}