{"Title":"The Confession: Tales About Darkness II","Year":"2002","Rated":"N/A","Released":"03 May 2002","Runtime":"100 min","Genre":"Drama","Director":"Zeki Demirkubuz","Writer":"Zeki Demirkubuz","Actors":"Taner Birsel, Basak KÃ¶klÃ¼kaya, Iskender Altin, MiraÃ§ Eronat","Plot":"A man suspects his wife of being unfaithful, but he's not prepared for what her confession will do to him.","Language":"Turkish","Country":"Turkey","Awards":"8 wins & 1 nomination.","Poster":"https://m.media-amazon.com/images/M/MV5BMTU2NDMxNDgxNl5BMl5BanBnXkFtZTgwNTE3OTk1MDE@._V1_SX300.jpg","Ratings":[{"Source":"Internet Movie Database","Value":"7.2/10"}],"Metascore":"N/A","imdbRating":"7.2","imdbVotes":"2,180","imdbID":"tt0317743","Type":"movie","DVD":"N/A","BoxOffice":"N/A","Production":"N/A","Website":"N/A","Response":"True"}