{"Title":"Soundtrack","Year":"2002","Rated":"N/A","Released":"09 Mar 2002","Runtime":"92 min","Genre":"Drama, Fantasy","Director":"Ken Nikai","Writer":"Ken Nikai","Actors":"Ko Shibasaki, Motoki Ochiai, Sugizo, Sayoko Yamaguchi","Plot":"N/A","Language":"Japanese","Country":"Japan","Awards":"2 wins.","Poster":"N/A","Ratings":[{"Source":"Internet Movie Database","Value":"8.5/10"}],"Metascore":"N/A","imdbRating":"8.5","imdbVotes":"35","imdbID":"tt0318709","Type":"movie","DVD":"N/A","BoxOffice":"N/A","Production":"N/A","Website":"N/A","Response":"True"}