{"Title":"Over the Rainbow","Year":"2002","Rated":"N/A","Released":"03 May 2002","Runtime":"109 min","Genre":"Drama, Romance","Director":"Jin-woo Ahn","Writer":"Jin-woo Ahn","Actors":"Jung-jae Lee, Jin-young Jang, Hyeong-jin Kong, Bo-eun Choi","Plot":"N/A","Language":"Korean","Country":"South Korea","Awards":"N/A","Poster":"https://images-na.ssl-images-amazon.com/images/M/MV5BNWNlNDJlZDYtZmUzNS00ZjkxLWFmMzctODE4MWI1ZDgzOTFiXkEyXkFqcGdeQXVyNDE2NjE1Njc@._V1_SX300.jpg","Ratings":[{"Source":"Internet Movie Database","Value":"7.1/10"}],"Metascore":"N/A","imdbRating":"7.1","imdbVotes":"346","imdbID":"tt0313445","Type":"movie","DVD":"17 May 2005","BoxOffice":"N/A","Production":"Kang Je-Kyu Film Co. Ltd.","Website":"N/A","Response":"True"}