{"Title":"Harry Potter and the Prisoner of Azkaban","Year":"2004","Rated":"PG","Released":"04 Jun 2004","Runtime":"142 min","Genre":"Adventure, Family, Fantasy, Mystery","Director":"Alfonso CuarÃ³n","Writer":"J.K. Rowling (novel), Steve Kloves (screenplay)","Actors":"Daniel Radcliffe, Richard Griffiths, Pam Ferris, Fiona Shaw","Plot":"It's Harry's third year at Hogwarts; not only does he have a new \"Defense Against the Dark Arts\" teacher, but there is also trouble brewing. Convicted murderer Sirius Black has escaped the Wizards' Prison and is coming after Harry.","Language":"English","Country":"UK, USA","Awards":"Nominated for 2 Oscars. Another 14 wins & 45 nominations.","Poster":"https://m.media-amazon.com/images/M/MV5BMTY4NTIwODg0N15BMl5BanBnXkFtZTcwOTc0MjEzMw@@._V1_SX300.jpg","Ratings":[{"Source":"Internet Movie Database","Value":"7.9/10"},{"Source":"Rotten Tomatoes","Value":"90%"},{"Source":"Metacritic","Value":"82/100"}],"Metascore":"82","imdbRating":"7.9","imdbVotes":"464,995","imdbID":"tt0304141","Type":"movie","DVD":"22 Nov 2004","BoxOffice":"$249,358,727","Production":"Warner Bros. Pictures","Website":"http://azkaban.warnerbros.com/","Response":"True"}