{"Title":"James' Journey to Jerusalem","Year":"2003","Rated":"UNRATED","Released":"08 Jan 2004","Runtime":"87 min","Genre":"Comedy, Drama","Director":"Ra'anan Alexandrowicz","Writer":"Ra'anan Alexandrowicz, Sami Duenias","Actors":"Siyabonga Melongisi Shibe, Salim Dau, Arieh Elias, Sandra Schonwald","Plot":"During his journey to Jerusalem young James learns the meaning of being Israeli.","Language":"Hebrew, English, Zulu","Country":"Israel","Awards":"8 wins & 8 nominations.","Poster":"https://images-na.ssl-images-amazon.com/images/M/MV5BNzIwNjQ2MzE2NF5BMl5BanBnXkFtZTcwNzUxNzY5MQ@@._V1_SX300.jpg","Ratings":[{"Source":"Internet Movie Database","Value":"7.5/10"},{"Source":"Rotten Tomatoes","Value":"90%"},{"Source":"Metacritic","Value":"65/100"}],"Metascore":"65","imdbRating":"7.5","imdbVotes":"536","imdbID":"tt0305178","Type":"movie","DVD":"28 Sep 2004","BoxOffice":"N/A","Production":"Zeitgeist Films","Website":"http://www.james-journey.com","Response":"True"}