{"Title":"Marriage Is a Crazy Thing","Year":"2002","Rated":"N/A","Released":"26 Apr 2002","Runtime":"103 min","Genre":"Drama, Romance","Director":"Ha Yoo","Writer":"Ha Yoo","Actors":"Woo-seong Kam, Jeong-hwa Eom, Won-sang Park, So-Jeong Kang","Plot":"Jun-young (Kam Woo-seong) is a man in his early thirties who has seen his friends and younger brother get married but has yet to open himself to a serious relationship. Rather he is happy ...","Language":"Korean","Country":"South Korea","Awards":"1 win.","Poster":"https://m.media-amazon.com/images/M/MV5BMjA3MTMxNzU4Nl5BMl5BanBnXkFtZTcwNzgyMzQyMQ@@._V1_SX300.jpg","Ratings":[{"Source":"Internet Movie Database","Value":"7.1/10"}],"Metascore":"N/A","imdbRating":"7.1","imdbVotes":"883","imdbID":"tt0315930","Type":"movie","DVD":"11 Nov 2003","BoxOffice":"N/A","Production":"N/A","Website":"N/A","Response":"True"}