{"Title":"El Alamein - The Line of Fire","Year":"2002","Rated":"N/A","Released":"08 Nov 2002","Runtime":"117 min","Genre":"Drama, War","Director":"Enzo Monteleone","Writer":"Enzo Monteleone","Actors":"Paolo Briguglia, Pierfrancesco Favino, Luciano Scarpa, Emilio Solfrizzi","Plot":"War seen through the eyes of Serra, a university student from Palermo who volunteers in 1942 to fight in Africa. He is assigned to the Pavia Division on the southern line in Egypt. Rommel ...","Language":"Italian","Country":"Italy","Awards":"8 wins & 11 nominations.","Poster":"https://m.media-amazon.com/images/M/MV5BMTczOTU1MTEwNl5BMl5BanBnXkFtZTcwOTE1MzAzMQ@@._V1_SX300.jpg","Ratings":[{"Source":"Internet Movie Database","Value":"7.2/10"}],"Metascore":"N/A","imdbRating":"7.2","imdbVotes":"1,563","imdbID":"tt0329042","Type":"movie","DVD":"16 Aug 2005","BoxOffice":"N/A","Production":"N/A","Website":"N/A","Response":"True"}