{"Title":"West Side Avenue","Year":"2001","Rated":"N/A","Released":"24 Jul 2002","Runtime":"315 min","Genre":"Drama","Director":"Lav Diaz","Writer":"Lav Diaz (screenplay)","Actors":"Yul Servo, Joel Torre, Gloria Diaz, Angel Aquino","Plot":"A Filipino teenager is shot to death on the sidewalk of New Jersey, USA. An investigation starts into his death. His family members and friends are interviewed. Along the way, we find out ...","Language":"Filipino, Tagalog, English","Country":"Philippines, USA","Awards":"14 wins & 2 nominations.","Poster":"http://ia.media-imdb.com/images/M/MV5BZjRlNzJlYjMtYzllOS00OTYzLWFmYzgtMmFhNTc2MzNhM2ZkXkEyXkFqcGdeQXVyNTYyNzQ2MjY@._V1_SX300.jpg","Ratings":[{"Source":"Internet Movie Database","Value":"7.5/10"}],"Metascore":"N/A","imdbRating":"7.5","imdbVotes":"67","imdbID":"tt0303720","Type":"movie","DVD":"N/A","BoxOffice":"N/A","Production":"N/A","Website":"N/A","Response":"True"}