{"Title":"Mystic River","Year":"2003","Rated":"R","Released":"15 Oct 2003","Runtime":"138 min","Genre":"Crime, Drama, Mystery, Thriller","Director":"Clint Eastwood","Writer":"Brian Helgeland (screenplay), Dennis Lehane (novel)","Actors":"Sean Penn, Tim Robbins, Kevin Bacon, Laurence Fishburne","Plot":"The lives of three men who were childhood friends are shattered when one of them has a family tragedy.","Language":"English","Country":"USA, Australia","Awards":"Won 2 Oscars. Another 53 wins & 142 nominations.","Poster":"https://m.media-amazon.com/images/M/MV5BMTIzNDUyMjA4MV5BMl5BanBnXkFtZTYwNDc4ODM3._V1_SX300.jpg","Ratings":[{"Source":"Internet Movie Database","Value":"8.0/10"},{"Source":"Rotten Tomatoes","Value":"88%"},{"Source":"Metacritic","Value":"84/100"}],"Metascore":"84","imdbRating":"8.0","imdbVotes":"378,624","imdbID":"tt0327056","Type":"movie","DVD":"08 Jun 2004","BoxOffice":"$88,800,000","Production":"WB","Website":"http://mysticrivermovie.warnerbros.com/","Response":"True"}