{"Title":"The Happiness of the Katakuris","Year":"2001","Rated":"R","Released":"23 Feb 2002","Runtime":"113 min","Genre":"Comedy, Fantasy, Horror","Director":"Takashi Miike","Writer":"Ai Kennedy (translation), Kikumi Yamagishi (screenplay)","Actors":"Kenji Sawada, Keiko Matsuzaka, Shinji Takeda, Naomi Nishida","Plot":"A family moves to the country to run a rustic mountain inn when, to their horror, the customers begin befalling sudden and unlikely fates.","Language":"Japanese","Country":"Japan","Awards":"1 win & 1 nomination.","Poster":"https://m.media-amazon.com/images/M/MV5BMWVhYmFkOWMtZWQ1OC00MjQxLWE4MzEtMjk0NjQwMGE2MWJhXkEyXkFqcGdeQXVyNjQ2MjQ5NzM@._V1_SX300.jpg","Ratings":[{"Source":"Internet Movie Database","Value":"7.1/10"},{"Source":"Metacritic","Value":"60/100"}],"Metascore":"60","imdbRating":"7.1","imdbVotes":"7,392","imdbID":"tt0304262","Type":"movie","DVD":"25 Apr 2006","BoxOffice":"N/A","Production":"N/A","Website":"N/A","Response":"True"}