{"Title":"Planta 4Âª","Year":"2003","Rated":"N/A","Released":"31 Oct 2003","Runtime":"100 min","Genre":"Comedy, Drama, Family","Director":"Antonio Mercero","Writer":"Albert Espinosa (play), Albert Espinosa (screenplay), Antonio Mercero, Ignacio del Moral","Actors":"Juan JosÃ© Ballesta, Luis Ãngel Priego, Gorka Moreno, Alejandro Zafra","Plot":"Growing up together. All emotions pass the revue. Friendship and hope survive all.","Language":"Spanish","Country":"Spain","Awards":"7 wins & 5 nominations.","Poster":"https://images-na.ssl-images-amazon.com/images/M/MV5BMTA1MzAwMzU3NzZeQTJeQWpwZ15BbWU3MDc5MjA3MjE@._V1_SX300.jpg","Ratings":[{"Source":"Internet Movie Database","Value":"7.1/10"}],"Metascore":"N/A","imdbRating":"7.1","imdbVotes":"1,275","imdbID":"tt0319917","Type":"movie","DVD":"N/A","BoxOffice":"N/A","Production":"N/A","Website":"N/A","Response":"True"}