{"Title":"My Beautiful Days","Year":"2002","Rated":"N/A","Released":"16 Mar 2002","Runtime":"91 min","Genre":"Drama","Director":"Jong-jae Im","Writer":"N/A","Actors":"Hyun-sung Kim, Gyu-ri Kim, Eun-jin Pang, Gye-nam Myeong","Plot":"N/A","Language":"Korean","Country":"South Korea","Awards":"N/A","Poster":"N/A","Ratings":[{"Source":"Internet Movie Database","Value":"7.1/10"}],"Metascore":"N/A","imdbRating":"7.1","imdbVotes":"244","imdbID":"tt0312308","Type":"movie","DVD":"N/A","BoxOffice":"N/A","Production":"N/A","Website":"N/A","Response":"True"}