{"Title":"Graveyard of Honor","Year":"2002","Rated":"N/A","Released":"22 Jun 2002","Runtime":"131 min","Genre":"Action, Crime, Thriller","Director":"Takashi Miike","Writer":"Goro Fujita (novel), Shigenori Takechi (screenplay)","Actors":"Narimi Arimori, Yoshiyuki Daichi, HirotarÃ´ Honda, Harumi Inoue","Plot":"A barkeeper saves a Yakuza boss' life and thus makes his way up in the organization. However his fear of nothing soon causes problems.","Language":"Japanese","Country":"Japan","Awards":"1 win.","Poster":"https://images-na.ssl-images-amazon.com/images/M/MV5BMzQ4MTA2NzAwMl5BMl5BanBnXkFtZTcwNjM3NTk0MQ@@._V1_SX300.jpg","Ratings":[{"Source":"Internet Movie Database","Value":"7.2/10"}],"Metascore":"N/A","imdbRating":"7.2","imdbVotes":"1,630","imdbID":"tt0316599","Type":"movie","DVD":"14 Aug 2007","BoxOffice":"N/A","Production":"N/A","Website":"N/A","Response":"True"}