{"Title":"The Mars Canon","Year":"2002","Rated":"N/A","Released":"28 Sep 2002","Runtime":"121 min","Genre":"Romance","Director":"Shiori Kazama","Writer":"Tomoko Ogawa, ShÃ´tarÃ´ Oikawa","Actors":"Makiko Kuno, Fumiyo Kohinata, Mami Nakamura, Kiyohiko Shibukawa","Plot":"A look at the problems two couples, Kohei and Kinuko, and Manabe and Hijiri, have in their relationships, and the solutions they try to devise as a way out. Kohei and Kinuko, despite their ...","Language":"Japanese","Country":"Japan","Awards":"2 wins & 2 nominations.","Poster":"N/A","Ratings":[{"Source":"Internet Movie Database","Value":"7.4/10"}],"Metascore":"N/A","imdbRating":"7.4","imdbVotes":"42","imdbID":"tt0303821","Type":"movie","DVD":"N/A","BoxOffice":"N/A","Production":"N/A","Website":"N/A","Response":"True"}