{"Title":"War","Year":"2002","Rated":"R","Released":"14 Mar 2002","Runtime":"120 min","Genre":"Action, Drama, War","Director":"Aleksey Balabanov","Writer":"Aleksey Balabanov","Actors":"Aleksey Chadov, Ian Kelly, Ingeborga Dapkunaite, Sergey Bodrov","Plot":"During the bloody war in Chechnya, a British couple and two Russian soldiers are taken hostage by Chechen rebels. Two of the hostages are then released to bring the money for the British woman who is forced to wait for the ransom.","Language":"Russian, English, Chechen","Country":"Russia","Awards":"5 wins & 12 nominations.","Poster":"https://m.media-amazon.com/images/M/MV5BZjQ1ZTY5NTUtYWI4Mi00MTIyLTgwZDEtZmU2ZDhkN2IyN2NhXkEyXkFqcGdeQXVyMzQzNDc4NTQ@._V1_SX300.jpg","Ratings":[{"Source":"Internet Movie Database","Value":"7.7/10"}],"Metascore":"N/A","imdbRating":"7.7","imdbVotes":"3,125","imdbID":"tt0309047","Type":"movie","DVD":"22 Nov 2004","BoxOffice":"N/A","Production":"Kinokompaniya CTB","Website":"N/A","Response":"True"}