{"Title":"Women in the Mirror","Year":"2002","Rated":"N/A","Released":"02 Apr 2003","Runtime":"129 min","Genre":"Drama","Director":"Yoshishige Yoshida","Writer":"Yoshishige Yoshida","Actors":"Mariko Okada, Yoshiko Tanaka, Sae Isshiki, Hideo Murota","Plot":"Three women who share memories of the Hiroshima disaster try to uncover the hidden family ties that may or may not bind them together.","Language":"Japanese, English","Country":"Japan, France","Awards":"N/A","Poster":"https://images-na.ssl-images-amazon.com/images/M/MV5BMTU1OTAwNzc2MV5BMl5BanBnXkFtZTcwNTMxODcyMQ@@._V1_SX300.jpg","Ratings":[{"Source":"Internet Movie Database","Value":"7.1/10"}],"Metascore":"N/A","imdbRating":"7.1","imdbVotes":"181","imdbID":"tt0317793","Type":"movie","DVD":"N/A","BoxOffice":"N/A","Production":"N/A","Website":"N/A","Response":"True"}