{"Title":"City of God","Year":"2002","Rated":"R","Released":"13 Feb 2004","Runtime":"130 min","Genre":"Crime, Drama","Director":"Fernando Meirelles, KÃ¡tia Lund(co-director)","Writer":"Paulo Lins (novel), BrÃ¡ulio Mantovani (screenplay)","Actors":"Alexandre Rodrigues, Leandro Firmino, Phellipe Haagensen, Douglas Silva","Plot":"In the slums of Rio, two kids' paths diverge as one struggles to become a photographer and the other a kingpin.","Language":"Portuguese","Country":"Brazil, France","Awards":"Nominated for 4 Oscars. Another 66 wins & 38 nominations.","Poster":"https://m.media-amazon.com/images/M/MV5BMGU5OWEwZDItNmNkMC00NzZmLTk1YTctNzVhZTJjM2NlZTVmXkEyXkFqcGdeQXVyMTMxODk2OTU@._V1_SX300.jpg","Ratings":[{"Source":"Internet Movie Database","Value":"8.6/10"},{"Source":"Rotten Tomatoes","Value":"91%"},{"Source":"Metacritic","Value":"79/100"}],"Metascore":"79","imdbRating":"8.6","imdbVotes":"622,713","imdbID":"tt0317248","Type":"movie","DVD":"08 Jun 2004","BoxOffice":"N/A","Production":"Miramax Films","Website":"http://www.miramax.com/movie/city-of-god","Response":"True"}