{"Title":"Attitude","Year":"2003","Rated":"N/A","Released":"28 Aug 2008","Runtime":"100 min","Genre":"Drama","Director":"Rob Nilsson","Writer":"N/A","Actors":"Michael Disend, Marion Christian, Vernon Medearis, Robert Viharo","Plot":"N/A","Language":"English","Country":"USA","Awards":"N/A","Poster":"https://images-na.ssl-images-amazon.com/images/M/MV5BMTUzMDYyNTQxMl5BMl5BanBnXkFtZTcwMTIzNTUyMQ@@._V1_SX300.jpg","Ratings":[{"Source":"Internet Movie Database","Value":"7.5/10"},{"Source":"Rotten Tomatoes","Value":"40%"},{"Source":"Metacritic","Value":"59/100"}],"Metascore":"59","imdbRating":"7.5","imdbVotes":"12","imdbID":"tt0321321","Type":"movie","DVD":"N/A","BoxOffice":"N/A","Production":"N/A","Website":"N/A","Response":"True"}