{"Title":"Mainly Etc.","Year":"2001","Rated":"N/A","Released":"12 Dec 2001","Runtime":"110 min","Genre":"Drama","Director":"John Jansen","Writer":"John Jansen","Actors":"Valerie Allen, John Hargrove, Scott Manelis, Nicolae Muntean","Plot":"On Friday April 8, 1994 eight friends reunite in San Francisco as news of Nirvana singer Kurt Cobain's suicide rocks the music world. Over the next three days, the artistic and idealistic ...","Language":"English","Country":"USA","Awards":"N/A","Poster":"https://images-na.ssl-images-amazon.com/images/M/MV5BMzUxNTUxMzA4Ml5BMl5BanBnXkFtZTYwOTc1ODc5._V1_SX300.jpg","Ratings":[{"Source":"Internet Movie Database","Value":"8.8/10"}],"Metascore":"N/A","imdbRating":"8.8","imdbVotes":"25","imdbID":"tt0311473","Type":"movie","DVD":"N/A","BoxOffice":"N/A","Production":"N/A","Website":"N/A","Response":"True"}