{"Title":"Twin Sisters","Year":"2002","Rated":"R","Released":"12 Dec 2002","Runtime":"137 min","Genre":"Drama, Romance, War","Director":"Ben Sombogaart","Writer":"Tessa de Loo (novel), Marieke van der Pol (screenplay)","Actors":"Ellen Vogel, Gudrun Okras, Thekla Reuten, Nadja Uhl","Plot":"Twin Sisters is an epic love story based on the Dutch bestseller by Tessa de Loo that has been read by more than 3.5 million readers in Holland and Germany.","Language":"Dutch, German, English, French","Country":"Netherlands, Luxembourg","Awards":"Nominated for 1 Oscar. Another 4 wins & 7 nominations.","Poster":"https://ia.media-imdb.com/images/M/MV5BMTgyNjcwODg5OV5BMl5BanBnXkFtZTcwMzE1MzMzMQ@@._V1_SX300.jpg","Ratings":[{"Source":"Internet Movie Database","Value":"7.5/10"},{"Source":"Rotten Tomatoes","Value":"75%"}],"Metascore":"N/A","imdbRating":"7.5","imdbVotes":"5,978","imdbID":"tt0322674","Type":"movie","DVD":"13 Sep 2005","BoxOffice":"N/A","Production":"Miramax Films","Website":"N/A","Response":"True"}