{"Title":"Zona Zamfirova","Year":"2002","Rated":"N/A","Released":"31 Oct 2002","Runtime":"104 min","Genre":"Comedy, Drama","Director":"Zdravko Sotra","Writer":"Zdravko Sotra (adaptation), Stevan Sremac (novel)","Actors":"Vojin Cetkovic, Katarina Radivojevic, Dragan Nikolic, Milena Dravic","Plot":"The plot follows the story of Zona Zamfirova (Katarina Radivojevic), a local rich man's daughter, and the vicissitudes of her affair with Mane (Vojin Cetkovic), an ordinary goldsmith. As it...","Language":"Serbian, Czech","Country":"Federal Republic of Yugoslavia","Awards":"N/A","Poster":"https://images-na.ssl-images-amazon.com/images/M/MV5BNTAyODBjMDAtZjg1Mi00MWNkLTg2ZTgtNWY5YWFiMmYxMjk4XkEyXkFqcGdeQXVyMTgxOTUwMTI@._V1_SX300.jpg","Ratings":[{"Source":"Internet Movie Database","Value":"7.2/10"}],"Metascore":"N/A","imdbRating":"7.2","imdbVotes":"3,052","imdbID":"tt0326449","Type":"movie","DVD":"N/A","BoxOffice":"N/A","Production":"N/A","Website":"N/A","Response":"True"}