{"Title":"Numafung","Year":"2001","Rated":"N/A","Released":"N/A","Runtime":"108 min","Genre":"Drama","Director":"Nabin Subba","Writer":"Nabin Subba","Actors":"Anupama Subba","Plot":"The film highlights the changing lives and ways of the Limbu people, an ethnic minority residing in rural eastern Nepal. It is a story of a young Limbu girl's struggle with cultural ...","Language":"Limbu","Country":"Nepal","Awards":"1 win & 1 nomination.","Poster":"N/A","Ratings":[{"Source":"Internet Movie Database","Value":"8.2/10"}],"Metascore":"N/A","imdbRating":"8.2","imdbVotes":"32","imdbID":"tt0304487","Type":"movie","DVD":"N/A","BoxOffice":"N/A","Production":"N/A","Website":"N/A","Response":"True"}