{"Title":"Characters","Year":"2001","Rated":"N/A","Released":"10 Sep 2001","Runtime":"97 min","Genre":"Comedy","Director":"Jason Surrell","Writer":"Jason Surrell","Actors":"Aaron Bernard, Tyler Cravens, Courtney Lessner, Tia Marrie","Plot":"A coming of age comedy about Life in Orlando, FL and what it's like working at America's #1 Theme Park: The Adventure Kingdom of FUN! It is a day of reckoning for Julian Salinger and ...","Language":"English","Country":"USA","Awards":"N/A","Poster":"N/A","Ratings":[{"Source":"Internet Movie Database","Value":"6.7/10"}],"Metascore":"N/A","imdbRating":"6.7","imdbVotes":"7","imdbID":"tt0302399","Type":"movie","DVD":"N/A","BoxOffice":"N/A","Production":"N/A","Website":"N/A","Response":"True"}