{"Title":"Hard Goodbyes: My Father","Year":"2002","Rated":"N/A","Released":"27 Dec 2002","Runtime":"113 min","Genre":"Drama, Family","Director":"Penny Panayotopoulou","Writer":"Jan Fleischer (screenplay), Nikos Panayotopoulos, Penny Panayotopoulou, Katerina Shina (scenario supervisor), Laya Yourgou (dramatisation)","Actors":"Yorgos Karayannis, Stelios Mainas, Ioanna Tsirigouli, Christos Stergioglou","Plot":"In 1969 Athens, a 10 year old boy struggles to come to terms with the sudden death of his father.","Language":"Greek","Country":"Greece, Germany","Awards":"8 wins & 4 nominations.","Poster":"https://images-na.ssl-images-amazon.com/images/M/MV5BMTIzODMyNzk1MF5BMl5BanBnXkFtZTcwOTI3NjQyMQ@@._V1_SX300.jpg","Ratings":[{"Source":"Internet Movie Database","Value":"7.1/10"},{"Source":"Rotten Tomatoes","Value":"85%"},{"Source":"Metacritic","Value":"66/100"}],"Metascore":"66","imdbRating":"7.1","imdbVotes":"372","imdbID":"tt0329002","Type":"movie","DVD":"N/A","BoxOffice":"N/A","Production":"Sipapu Films","Website":"http://www.hardgoodbyes.com","Response":"True"}