{"Title":"My Life Without Me","Year":"2003","Rated":"R","Released":"07 Mar 2003","Runtime":"106 min","Genre":"Drama, Romance","Director":"Isabel Coixet","Writer":"Isabel Coixet, Nanci Kincaid (book)","Actors":"Sarah Polley, Amanda Plummer, Scott Speedman, Leonor Watling","Plot":"A young woman conceals the fact of her terminal cancer to live her life with a passion she never had before.","Language":"English","Country":"Spain, Canada","Awards":"16 wins & 15 nominations.","Poster":"https://m.media-amazon.com/images/M/MV5BNDZjZWE5NWItMzVkMi00ODU1LTg5YWYtNmU1NjhkZWI3MGQxXkEyXkFqcGdeQXVyMTA0MjU0Ng@@._V1_SX300.jpg","Ratings":[{"Source":"Internet Movie Database","Value":"7.6/10"},{"Source":"Metacritic","Value":"57/100"}],"Metascore":"57","imdbRating":"7.6","imdbVotes":"22,753","imdbID":"tt0314412","Type":"movie","DVD":"15 Jul 2008","BoxOffice":"N/A","Production":"N/A","Website":"N/A","Response":"True"}