{"Title":"The Sea Is Watching","Year":"2002","Rated":"R","Released":"27 Jul 2002","Runtime":"119 min","Genre":"Romance, Drama","Director":"Kei Kumai","Writer":"Kei Kumai (screenplay), Akira Kurosawa (original screenplay), ShÃ»gorÃ´ Yamamoto (novels)","Actors":"Misa Shimizu, Nagiko TÃ´no, Masatoshi Nagase, Hidetaka Yoshioka","Plot":"19th century. Oshin is a prostitute in a brothel of a red-light district. A disgraced samurai, Fusanosuke, rushes in the brothel seeking for a refuge, because he had wounded a powerful ...","Language":"Japanese","Country":"Japan","Awards":"1 nomination.","Poster":"https://images-na.ssl-images-amazon.com/images/M/MV5BMTI5MTk0MzM3N15BMl5BanBnXkFtZTcwMzM1NTQyMQ@@._V1_SX300.jpg","Ratings":[{"Source":"Internet Movie Database","Value":"7.1/10"},{"Source":"Rotten Tomatoes","Value":"56%"},{"Source":"Metacritic","Value":"57/100"}],"Metascore":"57","imdbRating":"7.1","imdbVotes":"1,366","imdbID":"tt0316829","Type":"movie","DVD":"18 Nov 2003","BoxOffice":"N/A","Production":"Sony Pictures Entertainment","Website":"N/A","Response":"True"}