{"Title":"I Not Stupid","Year":"2002","Rated":"PG","Released":"09 Feb 2002","Runtime":"105 min","Genre":"Drama, Comedy","Director":"Jack Neo","Writer":"Jack Neo (screenplay), Jack Neo (story)","Actors":"Jack Neo, Yun Xiang, Richard Low, Selena Tan","Plot":"Story about life of 3 EM3's student in Singapore, who struggling with their education and personal life.","Language":"English, Mandarin, Hokkien","Country":"Singapore","Awards":"2 nominations.","Poster":"https://images-na.ssl-images-amazon.com/images/M/MV5BMjE4ODU5ODA1NV5BMl5BanBnXkFtZTgwMDk0NjEzNTE@._V1_SX300.jpg","Ratings":[{"Source":"Internet Movie Database","Value":"7.2/10"}],"Metascore":"N/A","imdbRating":"7.2","imdbVotes":"932","imdbID":"tt0307681","Type":"movie","DVD":"N/A","BoxOffice":"N/A","Production":"N/A","Website":"N/A","Response":"True"}