{"Title":"The Cuckoo","Year":"2002","Rated":"PG-13","Released":"12 Sep 2002","Runtime":"99 min","Genre":"Drama, War, Comedy","Director":"Aleksandr Rogozhkin","Writer":"Aleksandr Rogozhkin","Actors":"Anni-Kristiina Juuso, Ville Haapasalo, Viktor Bychkov, Mikhail Korobochkin","Plot":"The beauty of this movie is that you, as the reader of the subtitles, are the only one who knows what is going on. The woman and the two men all speak different languages. It is a comedy of errors up until the end.","Language":"Saami, Finnish, Russian, German","Country":"Russia","Awards":"22 wins & 9 nominations.","Poster":"https://images-na.ssl-images-amazon.com/images/M/MV5BNjQxMzI5MDE3MV5BMl5BanBnXkFtZTcwMDE1NTQyMQ@@._V1_SX300.jpg","Ratings":[{"Source":"Internet Movie Database","Value":"7.9/10"},{"Source":"Rotten Tomatoes","Value":"88%"},{"Source":"Metacritic","Value":"69/100"}],"Metascore":"69","imdbRating":"7.9","imdbVotes":"6,485","imdbID":"tt0308476","Type":"movie","DVD":"02 Dec 2003","BoxOffice":"N/A","Production":"Sony Pictures Classics","Website":"http://www.sonyclassics.com/thecuckoo/","Response":"True"}