{"Title":"Scheme C6","Year":"2001","Rated":"N/A","Released":"28 Aug 2008","Runtime":"97 min","Genre":"Romance, Crime, Drama","Director":"Rob Nilsson","Writer":"Cory DuVal, MC Mars, Rob Nilsson","Actors":"Cory DuVal, Monica Cortes Viharo, David Fine, MC Mars","Plot":"Bid, a biker maverick, lives on wits and adrenalin, selling stolen auto parts, sleeping in alleys chained to his bike. He taunts his cop father who tries to protect him from his inevitable downfall.","Language":"English","Country":"USA","Awards":"N/A","Poster":"N/A","Ratings":[{"Source":"Internet Movie Database","Value":"7.5/10"}],"Metascore":"N/A","imdbRating":"7.5","imdbVotes":"13","imdbID":"tt0300456","Type":"movie","DVD":"N/A","BoxOffice":"N/A","Production":"N/A","Website":"N/A","Response":"True"}