{"Title":"Boats Out of Watermelon Rinds","Year":"2004","Rated":"N/A","Released":"26 Nov 2004","Runtime":"97 min","Genre":"Comedy, Drama, Family","Director":"Ahmet UluÃ§ay","Writer":"Ahmet UluÃ§ay","Actors":"Fizuli Caferof, GÃ¼layse Erkoc, Hasbiye GÃ¼nay, Kadir Kaymaz","Plot":"This is a movie about amateur spirit made with an amateur spirit. It is the story of two adolescents who live in a small village, work in temporary summer jobs in a small town near their ...","Language":"Turkish","Country":"Turkey","Awards":"13 wins & 4 nominations.","Poster":"https://images-na.ssl-images-amazon.com/images/M/MV5BODg5MjBjZmUtZGIwMC00MzFlLWI3NjEtNmU0OGFhZDRiMDBhXkEyXkFqcGdeQXVyMjExNjgyMTc@._V1_SX300.jpg","Ratings":[{"Source":"Internet Movie Database","Value":"7.9/10"}],"Metascore":"N/A","imdbRating":"7.9","imdbVotes":"4,200","imdbID":"tt0325675","Type":"movie","DVD":"26 Aug 2008","BoxOffice":"N/A","Production":"N/A","Website":"N/A","Response":"True"}