{"Title":"The Dreamers","Year":"2003","Rated":"NC-17","Released":"20 Feb 2004","Runtime":"115 min","Genre":"Drama, Romance","Director":"Bernardo Bertolucci","Writer":"Gilbert Adair (screenplay), Gilbert Adair (based on the novel)","Actors":"Michael Pitt, Eva Green, Louis Garrel, Anna Chancellor","Plot":"A young American studying in Paris in 1968 strikes up a friendship with a French brother and sister. Set against the background of the '68 Paris student riots.","Language":"English, French","Country":"UK, France, Italy","Awards":"2 wins & 9 nominations.","Poster":"https://m.media-amazon.com/images/M/MV5BMjA4MDU3ODM3OV5BMl5BanBnXkFtZTYwMDE0Njc2._V1_SX300.jpg","Ratings":[{"Source":"Internet Movie Database","Value":"7.2/10"},{"Source":"Rotten Tomatoes","Value":"60%"},{"Source":"Metacritic","Value":"62/100"}],"Metascore":"62","imdbRating":"7.2","imdbVotes":"97,067","imdbID":"tt0309987","Type":"movie","DVD":"13 Jul 2004","BoxOffice":"$2,299,636","Production":"Fox Searchlight Pictures","Website":"http://www2.foxsearchlight.com/thedreamers","Response":"True"}