{"Title":"Chinese Odyssey 2002","Year":"2002","Rated":"N/A","Released":"06 Feb 2002","Runtime":"97 min","Genre":"Comedy, Romance, Action","Director":"Jeffrey Lau","Writer":"Jeffrey Lau (screenplay)","Actors":"Tony Chiu-Wai Leung, Faye Wong, Wei Zhao, Chen Chang","Plot":"In Ming Dynasty China, two pairs of siblings are destined for each other. But fate throws countless obstacles in the path of their happiness. One pair is high-born: the young Emperor and ...","Language":"Cantonese, Mandarin","Country":"Hong Kong","Awards":"2 wins & 9 nominations.","Poster":"https://m.media-amazon.com/images/M/MV5BNWJkM2Y1YTAtOWFhOS00YTZiLWJhZWItMGI3ZTU3OTNmN2UyXkEyXkFqcGdeQXVyMjcxNjI4NTk@._V1_SX300.jpg","Ratings":[{"Source":"Internet Movie Database","Value":"7.1/10"}],"Metascore":"N/A","imdbRating":"7.1","imdbVotes":"2,149","imdbID":"tt0311913","Type":"movie","DVD":"06 Oct 2009","BoxOffice":"N/A","Production":"N/A","Website":"N/A","Response":"True"}