{"Title":"Grill Point","Year":"2002","Rated":"N/A","Released":"03 Oct 2002","Runtime":"106 min","Genre":"Comedy, Drama","Director":"Andreas Dresen","Writer":"Andreas Dresen, Cooky Ziesche (dramaturge)","Actors":"Steffi KÃ¼hnert, Gabriela Maria Schmeide, Thorsten Merten, Axel Prahl","Plot":"Two pairs, each married for quite a long time, are living in a small east German town. The film focuses on the relationships between each of the four people and what happens when an affair ...","Language":"German","Country":"Germany","Awards":"11 wins & 9 nominations.","Poster":"https://images-na.ssl-images-amazon.com/images/M/MV5BMTg1MDM5ODIzMF5BMl5BanBnXkFtZTYwNDk0ODc5._V1_SX300.jpg","Ratings":[{"Source":"Internet Movie Database","Value":"7.2/10"}],"Metascore":"N/A","imdbRating":"7.2","imdbVotes":"1,499","imdbID":"tt0304126","Type":"movie","DVD":"N/A","BoxOffice":"N/A","Production":"N/A","Website":"N/A","Response":"True"}