{"Title":"The Dark Night","Year":"2001","Rated":"N/A","Released":"N/A","Runtime":"N/A","Genre":"Drama, War","Director":"Oleg Kovalov","Writer":"Natalya Skorokhod (screenplay), Oleg Kovalov (screenplay)","Actors":"Larisa Zharkova, Ilya Shakunov, Sergey Koshonin, Alla Sergiyko","Plot":"Mixture of documentary and fiction about the dictatorial 1930s, loosely based on the utopian fantasies of Fritz Lang and about the forbidden passionate love affair between a photographer and his model.","Language":"Russian","Country":"Russia","Awards":"1 nomination.","Poster":"https://images-na.ssl-images-amazon.com/images/M/MV5BOTAyNzMyNDMtYWJjZi00MDEwLThkYWEtYTNlNGUzZDFkYjUyXkEyXkFqcGdeQXVyNzg5OTk2OA@@._V1_SX300.jpg","Ratings":[{"Source":"Internet Movie Database","Value":"7.3/10"}],"Metascore":"N/A","imdbRating":"7.3","imdbVotes":"92","imdbID":"tt0320671","Type":"movie","DVD":"N/A","BoxOffice":"N/A","Production":"N/A","Website":"N/A","Response":"True"}