{"Title":"Kidnapped Home","Year":"2002","Rated":"N/A","Released":"18 Apr 2002","Runtime":"103 min","Genre":"Adventure, Drama","Director":"Ivan PokornÃ½","Writer":"Iva ProchÃ¡zkovÃ¡","Actors":"Vojtech Kotek, Matej NechvÃ¡tal, Nela VÃ½bornÃ¡, Hana KusnjerovÃ¡","Plot":"N/A","Language":"Czech","Country":"Czech Republic","Awards":"N/A","Poster":"N/A","Ratings":[{"Source":"Internet Movie Database","Value":"7.1/10"}],"Metascore":"N/A","imdbRating":"7.1","imdbVotes":"34","imdbID":"tt0314967","Type":"movie","DVD":"N/A","BoxOffice":"N/A","Production":"N/A","Website":"N/A","Response":"True"}