{"Title":"Friends","Year":"2001","Rated":"N/A","Released":"N/A","Runtime":"167 min","Genre":"Drama, Comedy, Romance","Director":"Siddique","Writer":"N/A","Actors":"Joseph Vijay, Suriya, Ramesh Khanna, Devayani","Plot":"Depicts the struggle of three friends and their family issues.","Language":"Tamil","Country":"India","Awards":"1 nomination.","Poster":"https://m.media-amazon.com/images/M/MV5BYWYyY2ZlZTEtMmI5MC00NTRiLTlhNjQtYTIyZjFmZGY3NzQ3XkEyXkFqcGdeQXVyODE0NjUxNzY@._V1_SX300.jpg","Ratings":[{"Source":"Internet Movie Database","Value":"7.5/10"}],"Metascore":"N/A","imdbRating":"7.5","imdbVotes":"1,683","imdbID":"tt0308280","Type":"movie","DVD":"N/A","BoxOffice":"N/A","Production":"N/A","Website":"N/A","Response":"True"}