{"Title":"I'm Not Scared","Year":"2003","Rated":"R","Released":"07 May 2004","Runtime":"108 min","Genre":"Crime, Drama, Mystery","Director":"Gabriele Salvatores","Writer":"NiccolÃ² Ammaniti (novel), NiccolÃ² Ammaniti (screenplay), Francesca Marciano (screenplay)","Actors":"Aitana SÃ¡nchez-GijÃ³n, Dino Abbrescia, Giorgio Careccia, Riccardo Zinna","Plot":"A young boy accidentally discovers a deep hole in the ground, where another boy is kept prisoner.","Language":"Italian","Country":"Italy, Spain, UK","Awards":"14 wins & 18 nominations.","Poster":"https://m.media-amazon.com/images/M/MV5BYTI5ZjcwZDItYTc5ZC00NWMzLWJiMDctNTlhYjBiZTJmNjE1XkEyXkFqcGdeQXVyMTA0MjU0Ng@@._V1_SX300.jpg","Ratings":[{"Source":"Internet Movie Database","Value":"7.5/10"},{"Source":"Rotten Tomatoes","Value":"90%"},{"Source":"Metacritic","Value":"73/100"}],"Metascore":"73","imdbRating":"7.5","imdbVotes":"13,346","imdbID":"tt0326977","Type":"movie","DVD":"19 Oct 2004","BoxOffice":"N/A","Production":"Miramax Films","Website":"http://miramax.com/imnotscared/","Response":"True"}