{"Title":"Fear and Trembling","Year":"2003","Rated":"UNRATED","Released":"12 Mar 2003","Runtime":"107 min","Genre":"Comedy, Drama","Director":"Alain Corneau","Writer":"AmÃ©lie Nothomb (novel), Alain Corneau (scenario)","Actors":"Sylvie Testud, Kaori Tsuji, TarÃ´ Suwa, Bison Katayama","Plot":"A Belgian woman looks back on her year at a Japanese corporation in Tokyo in 1990. She is AmÃ©lie, born in Japan, living there until age 5. After college graduation, she returns with a ...","Language":"French, Japanese","Country":"France, Japan","Awards":"5 wins & 2 nominations.","Poster":"https://ia.media-imdb.com/images/M/MV5BMTYzNzc2MzQxOF5BMl5BanBnXkFtZTcwMDMzNzAzMQ@@._V1_SX300.jpg","Ratings":[{"Source":"Internet Movie Database","Value":"7.1/10"},{"Source":"Rotten Tomatoes","Value":"91%"},{"Source":"Metacritic","Value":"75/100"}],"Metascore":"75","imdbRating":"7.1","imdbVotes":"3,848","imdbID":"tt0318725","Type":"movie","DVD":"06 Sep 2005","BoxOffice":"N/A","Production":"The Cinema Guild","Website":"http://www.cinemaguild.com/fearandtrembling/index.htm","Response":"True"}