{"Title":"Lilya 4-Ever","Year":"2002","Rated":"R","Released":"23 Aug 2002","Runtime":"109 min","Genre":"Crime, Drama","Director":"Lukas Moodysson","Writer":"Lukas Moodysson","Actors":"Oksana Akinshina, Artyom Bogucharskiy, Lyubov Agapova, Liliya Shinkaryova","Plot":"Sixteen-year-old Lilja and her only friend, the young boy Volodja, live in Estonia, fantasizing about a better life. One day, Lilja falls in love with Andrej, who is going to Sweden, and invites Lilja to come along and start a new life.","Language":"Russian, Swedish, English, Polish","Country":"Sweden, Denmark","Awards":"12 wins & 11 nominations.","Poster":"https://m.media-amazon.com/images/M/MV5BMTQ1ODM1Nzc1OF5BMl5BanBnXkFtZTcwMDI3MDg4NA@@._V1_SX300.jpg","Ratings":[{"Source":"Internet Movie Database","Value":"7.9/10"},{"Source":"Rotten Tomatoes","Value":"86%"},{"Source":"Metacritic","Value":"82/100"}],"Metascore":"82","imdbRating":"7.9","imdbVotes":"39,006","imdbID":"tt0300140","Type":"movie","DVD":"17 May 2005","BoxOffice":"N/A","Production":"Newmarket Films","Website":"N/A","Response":"True"}