{"Title":"Mahal kita: Final answer!","Year":"2002","Rated":"N/A","Released":"23 Jan 2002","Runtime":"114 min","Genre":"Comedy, Family, Romance","Director":"Ike Jarlego Jr.","Writer":"Mel Mendoza-Del Rosario","Actors":"Ramon 'Bong' Revilla Jr., Rufa Mae Quinto, Bobby Andrews, Patricia Javier","Plot":"Who wants to be a millionaire on the big screen","Language":"Filipino, Tagalog","Country":"Philippines","Awards":"N/A","Poster":"N/A","Ratings":[{"Source":"Internet Movie Database","Value":"7.4/10"}],"Metascore":"N/A","imdbRating":"7.4","imdbVotes":"10","imdbID":"tt0319788","Type":"movie","DVD":"N/A","BoxOffice":"N/A","Production":"N/A","Website":"N/A","Response":"True"}