{"Title":"The Snowflake Crusade","Year":"2002","Rated":"N/A","Released":"N/A","Runtime":"95 min","Genre":"Comedy, Drama","Director":"Megan Holley","Writer":"Megan Holley","Actors":"Scot McKenzie, Leisha Hailey, Kristen Swanson, Rob Berlin","Plot":"N/A","Language":"English","Country":"USA","Awards":"N/A","Poster":"N/A","Ratings":[{"Source":"Internet Movie Database","Value":"8.3/10"}],"Metascore":"N/A","imdbRating":"8.3","imdbVotes":"37","imdbID":"tt0326177","Type":"movie","DVD":"N/A","BoxOffice":"N/A","Production":"N/A","Website":"N/A","Response":"True"}