{"Title":"The Man Without a Past","Year":"2002","Rated":"PG-13","Released":"01 Mar 2002","Runtime":"97 min","Genre":"Comedy, Drama, Romance","Director":"Aki KaurismÃ¤ki","Writer":"Aki KaurismÃ¤ki","Actors":"Markku Peltola, Kati Outinen, Juhani NiemelÃ¤, Kaija Pakarinen","Plot":"The second part of Aki KaurismÃ¤ki's \"Finland\" trilogy, the film follows a man who arrives in Helsinki and gets beaten up so severely he develops amnesia. Unable to remember his name or ...","Language":"Finnish","Country":"Finland, Germany, France","Awards":"Nominated for 1 Oscar. Another 21 wins & 24 nominations.","Poster":"https://images-na.ssl-images-amazon.com/images/M/MV5BMTM2MDY5NzUzM15BMl5BanBnXkFtZTYwNzQxNzk5._V1_SX300.jpg","Ratings":[{"Source":"Internet Movie Database","Value":"7.7/10"},{"Source":"Rotten Tomatoes","Value":"98%"},{"Source":"Metacritic","Value":"84/100"}],"Metascore":"84","imdbRating":"7.7","imdbVotes":"19,280","imdbID":"tt0311519","Type":"movie","DVD":"07 Oct 2003","BoxOffice":"$794,306","Production":"Sony Pictures Classics","Website":"http://www.sonyclassics.com/manwithoutapast/index_flash.html","Response":"True"}