{"Title":"No Dogs Allowed","Year":"2002","Rated":"N/A","Released":"N/A","Runtime":"90 min","Genre":"Drama, Adventure, Crime","Director":"Joseph Osborn","Writer":"Joseph Osborn","Actors":"Dalin Christiansen, Robyn Adamson, David H. Stevens, Dan Merket","Plot":"No Dogs is a cool metaphor with a twist. Marko (David Stevens), a 27 year old hippie who finds bliss just smoking weed and watching the Discovery Channel, teams up with his unpretentious, \"...","Language":"English","Country":"USA","Awards":"N/A","Poster":"http://ia.media-imdb.com/images/M/MV5BMTU1OTk3Mzc4MV5BMl5BanBnXkFtZTcwODY0NTczMQ@@._V1_SX300.jpg","Ratings":[{"Source":"Internet Movie Database","Value":"6.6/10"}],"Metascore":"N/A","imdbRating":"6.6","imdbVotes":"13","imdbID":"tt0304478","Type":"movie","DVD":"N/A","BoxOffice":"N/A","Production":"N/A","Website":"N/A","Response":"True"}