{"Title":"Ada Apa dengan Cinta?","Year":"2002","Rated":"N/A","Released":"08 Feb 2002","Runtime":"112 min","Genre":"Drama, Romance","Director":"Rudy Soedjarwo","Writer":"Jujur Prananto, Prima Rusdi","Actors":"Dian Sastrowardoyo, Nicholas Saputra, Ladya Cheryl, Titi Kamal","Plot":"A popular girl has to choose whether she wants to stay as a part of her clique or fall for the brooding literature-loving boy in her school.","Language":"Indonesian","Country":"Indonesia","Awards":"N/A","Poster":"https://ia.media-imdb.com/images/M/MV5BN2QwMzIxN2UtMWVlNS00NjJmLWI4ZTMtM2U4NTdhZTRiMDE1XkEyXkFqcGdeQXVyNjYxNDc5MzU@._V1_SX300.jpg","Ratings":[{"Source":"Internet Movie Database","Value":"7.8/10"}],"Metascore":"N/A","imdbRating":"7.8","imdbVotes":"1,895","imdbID":"tt0307920","Type":"movie","DVD":"N/A","BoxOffice":"N/A","Production":"N/A","Website":"N/A","Response":"True"}