{"Title":"Low Heights","Year":"2002","Rated":"N/A","Released":"25 Feb 2003","Runtime":"115 min","Genre":"Action, Adventure, Thriller","Director":"Ebrahim Hatamikia","Writer":"Asghar Farhadi, Ebrahim Hatamikia","Actors":"Hamid Farokhnezhad, Leila Hatami, Gohar Kheirandish, Amir Aghaee","Plot":"A domestic Iranian flight is taken hostage by a man willing to go to any length for his family to find a better place to live.","Language":"Persian, English, Arabic","Country":"Iran","Awards":"1 win & 1 nomination.","Poster":"https://images-na.ssl-images-amazon.com/images/M/MV5BMTI1Njc1ODY2Nl5BMl5BanBnXkFtZTcwMTE4MzAzMQ@@._V1_SX300.jpg","Ratings":[{"Source":"Internet Movie Database","Value":"7.6/10"}],"Metascore":"N/A","imdbRating":"7.6","imdbVotes":"2,524","imdbID":"tt0309565","Type":"movie","DVD":"30 Aug 2005","BoxOffice":"N/A","Production":"N/A","Website":"N/A","Response":"True"}