{"Title":"Sweet Sixteen","Year":"2002","Rated":"R","Released":"04 Oct 2002","Runtime":"106 min","Genre":"Crime, Drama","Director":"Ken Loach","Writer":"Paul Laverty (screenplay)","Actors":"Martin Compston, William Ruane, Annmarie Fulton, Michelle Abercromby","Plot":"Determined to have a normal family life once his mother gets out of prison, a Scottish teenager from a tough background sets out to raise the money for a home.","Language":"English, Scots","Country":"UK, Germany, Spain","Awards":"10 wins & 16 nominations.","Poster":"https://m.media-amazon.com/images/M/MV5BMjg5MjQ3NjQ5OV5BMl5BanBnXkFtZTYwNDkxNjk5._V1_SX300.jpg","Ratings":[{"Source":"Internet Movie Database","Value":"7.5/10"},{"Source":"Rotten Tomatoes","Value":"97%"},{"Source":"Metacritic","Value":"86/100"}],"Metascore":"86","imdbRating":"7.5","imdbVotes":"11,893","imdbID":"tt0313670","Type":"movie","DVD":"07 Oct 2003","BoxOffice":"$201,010","Production":"Lions Gate Films","Website":"http://www.sweetsixteenmovie.com","Response":"True"}