{"Title":"Kabala","Year":"2002","Rated":"N/A","Released":"01 Apr 2005","Runtime":"112 min","Genre":"Drama, Romance","Director":"Assane KouyatÃ©","Writer":"Abdoul Karim DembÃ©lÃ©, Assane KouyatÃ©","Actors":"Modibo TraorÃ©, DjÃ©nÃ©ba KonÃ©, Fily TraorÃ©, Hamadoun KassoguÃ©","Plot":"Hamalla is banished from his village in Mali, due to ancient prejudices. He returns four years later versed in modern technology at a time in which the village's future hangs on the brink ...","Language":"French, Mandingo, Bambara","Country":"Mali, France","Awards":"6 wins & 1 nomination.","Poster":"https://m.media-amazon.com/images/M/MV5BNWIzMzM1YjQtOWY0Mi00MWQxLTk2NTctODRhZTg0ZWMyYWVjXkEyXkFqcGdeQXVyNTM3MDMyMDQ@._V1_SX300.jpg","Ratings":[{"Source":"Internet Movie Database","Value":"7.5/10"}],"Metascore":"N/A","imdbRating":"7.5","imdbVotes":"23","imdbID":"tt0319625","Type":"movie","DVD":"N/A","BoxOffice":"N/A","Production":"N/A","Website":"N/A","Response":"True"}