{"Title":"Hainburg - Je t'aime, gendarme","Year":"2001","Rated":"N/A","Released":"18 Dec 2001","Runtime":"94 min","Genre":"Drama, Romance","Director":"Wolfgang Murnberger","Writer":"Wolfgang Murnberger","Actors":"Barbara Redl, Gunther Gillian, Gerti Drassl, Vitus Wieser","Plot":"Student girl, demonstrating against the destruction of a river-forrest, falls in love with a policeman and, by chance, meets him again 17 years later.","Language":"German","Country":"Austria","Awards":"1 nomination.","Poster":"N/A","Ratings":[{"Source":"Internet Movie Database","Value":"7.2/10"}],"Metascore":"N/A","imdbRating":"7.2","imdbVotes":"20","imdbID":"tt0304123","Type":"movie","DVD":"N/A","BoxOffice":"N/A","Production":"N/A","Website":"N/A","Response":"True"}