{"Title":"Wanee & Junah","Year":"2001","Rated":"N/A","Released":"23 Nov 2001","Runtime":"115 min","Genre":"Drama, Romance","Director":"Yong-gyun Kim","Writer":"Yong-gyun Kim","Actors":"Hee-seon Kim, Jin-mo Ju, Seung-woo Cho, Kang-hee Choi","Plot":"Wanee, a young animator, and Junah, a scriptwriter, are lovers leading a peaceful life together. And one day, an old friend of Wanee's pays her a visit and unearths Wanee's hidden memories of her first love, her stepbrother.","Language":"Korean","Country":"South Korea","Awards":"1 nomination.","Poster":"https://images-na.ssl-images-amazon.com/images/M/MV5BMjEzN2U4NTMtNjk2ZC00OWY5LThlYTItY2FlMzRkNjU0NTBkXkEyXkFqcGdeQXVyMDc4NjY0NQ@@._V1_SX300.jpg","Ratings":[{"Source":"Internet Movie Database","Value":"7.2/10"}],"Metascore":"N/A","imdbRating":"7.2","imdbVotes":"341","imdbID":"tt0300633","Type":"movie","DVD":"N/A","BoxOffice":"N/A","Production":"N/A","Website":"N/A","Response":"True"}