{"Title":"Man on Fire","Year":"2004","Rated":"R","Released":"23 Apr 2004","Runtime":"146 min","Genre":"Action, Crime, Drama, Thriller","Director":"Tony Scott","Writer":"A.J. Quinnell (novel), Brian Helgeland (screenplay)","Actors":"Denzel Washington, Dakota Fanning, Radha Mitchell, Christopher Walken","Plot":"In Mexico City, a former assassin swears vengeance on those who committed an unspeakable act against the family he was hired to protect.","Language":"English, Spanish","Country":"USA, UK, Mexico","Awards":"1 win & 7 nominations.","Poster":"https://m.media-amazon.com/images/M/MV5BODFlMmEwMDgtYjhmZi00ZTE5LTk2NWQtMWE1Y2M0NjkzOGYxXkEyXkFqcGdeQXVyNjU0OTQ0OTY@._V1_SX300.jpg","Ratings":[{"Source":"Internet Movie Database","Value":"7.7/10"},{"Source":"Rotten Tomatoes","Value":"39%"},{"Source":"Metacritic","Value":"47/100"}],"Metascore":"47","imdbRating":"7.7","imdbVotes":"299,068","imdbID":"tt0328107","Type":"movie","DVD":"14 Sep 2004","BoxOffice":"$77,600,000","Production":"20th Century Fox","Website":"http://www.manonfiremovie.com/","Response":"True"}