{"Title":"Karamuk","Year":"2003","Rated":"N/A","Released":"31 Jan 2003","Runtime":"97 min","Genre":"Comedy","Director":"Verena S. Freytag","Writer":"Verena S. Freytag, Grit Neuber","Actors":"Julia Mahnecke, Adnan Maral, Anne Kasprik, Buket Yeni","Plot":"Johanna, a feisty 17-year-old German girl with dreams of becoming a fashion designer, discovers her biological father is Turkish. Without telling him of their relationship, she gets a job at his elegant restaurant and disaster follows.","Language":"German","Country":"Germany","Awards":"N/A","Poster":"N/A","Ratings":[{"Source":"Internet Movie Database","Value":"7.1/10"}],"Metascore":"N/A","imdbRating":"7.1","imdbVotes":"37","imdbID":"tt0303898","Type":"movie","DVD":"N/A","BoxOffice":"N/A","Production":"N/A","Website":"N/A","Response":"True"}