{"Title":"Anacardium","Year":"2001","Rated":"N/A","Released":"18 Dec 2001","Runtime":"94 min","Genre":"Drama, Thriller","Director":"Scott Thomas","Writer":"Scott Thomas","Actors":"Frank John Hughes, Richard Ruccolo, Laura Cayouette, Bob Rumnock","Plot":"N/A","Language":"English","Country":"USA","Awards":"3 wins.","Poster":"https://images-na.ssl-images-amazon.com/images/M/MV5BMjA5NTgyMDY4MF5BMl5BanBnXkFtZTcwNDMzODgyMQ@@._V1_SX300.jpg","Ratings":[{"Source":"Internet Movie Database","Value":"7.1/10"}],"Metascore":"N/A","imdbRating":"7.1","imdbVotes":"130","imdbID":"tt0303648","Type":"movie","DVD":"N/A","BoxOffice":"N/A","Production":"N/A","Website":"N/A","Response":"True"}