{"Title":"Trip","Year":"2001","Rated":"N/A","Released":"07 Nov 2001","Runtime":"101 min","Genre":"Romance, Comedy","Director":"Gilbert Perez","Writer":"Enrico C. Santos (story and screenplay)","Actors":"Marvin Agustin, Onemig Bondoc, Paolo Contis, John Prats","Plot":"N/A","Language":"Filipino, Tagalog","Country":"Philippines","Awards":"N/A","Poster":"https://images-na.ssl-images-amazon.com/images/M/MV5BMThiYWE2ZDAtMjFiYi00OGVlLWFjNDUtN2YxMDM2ODIyYmQyXkEyXkFqcGdeQXVyMzMzMTQ2MzI@._V1_SX300.jpg","Ratings":[{"Source":"Internet Movie Database","Value":"8.0/10"}],"Metascore":"N/A","imdbRating":"8.0","imdbVotes":"34","imdbID":"tt0328567","Type":"movie","DVD":"N/A","BoxOffice":"N/A","Production":"N/A","Website":"N/A","Response":"True"}