{"Title":"Mr. and Mrs. Iyer","Year":"2002","Rated":"N/A","Released":"19 Jul 2002","Runtime":"120 min","Genre":"Drama","Director":"Aparna Sen","Writer":"Aparna Sen (story), Dulal Dey (story), Aparna Sen","Actors":"Rahul Bose, Konkona Sen Sharma, Bhisham Sahni, Surekha Sikri","Plot":"During a bus journey, a devout Hindu Brahmin woman protects a Muslim man when communal rioting breaks out.","Language":"English, Tamil, Bengali, Hindi, Punjabi, Urdu","Country":"India","Awards":"9 wins & 2 nominations.","Poster":"https://m.media-amazon.com/images/M/MV5BNDhmMDkyYzAtZGEzOC00YzdhLTliMTgtOWE0M2NmNGJiNjIyXkEyXkFqcGdeQXVyODE5NzE3OTE@._V1_SX300.jpg","Ratings":[{"Source":"Internet Movie Database","Value":"8.0/10"},{"Source":"Metacritic","Value":"50/100"}],"Metascore":"50","imdbRating":"8.0","imdbVotes":"4,388","imdbID":"tt0329393","Type":"movie","DVD":"18 Nov 2003","BoxOffice":"N/A","Production":"N/A","Website":"N/A","Response":"True"}