{"Title":"Open Range","Year":"2003","Rated":"R","Released":"15 Aug 2003","Runtime":"139 min","Genre":"Action, Drama, Romance, Western","Director":"Kevin Costner","Writer":"Lauran Paine (novel), Craig Storper (screenplay)","Actors":"Robert Duvall, Kevin Costner, Annette Bening, Michael Gambon","Plot":"A former gunslinger is forced to take up arms again when he and his cattle crew are threatened by a corrupt lawman.","Language":"English","Country":"USA","Awards":"1 win & 4 nominations.","Poster":"https://m.media-amazon.com/images/M/MV5BMTYyNjA4NTY3N15BMl5BanBnXkFtZTYwNjc0MDM3._V1_SX300.jpg","Ratings":[{"Source":"Internet Movie Database","Value":"7.5/10"},{"Source":"Rotten Tomatoes","Value":"79%"},{"Source":"Metacritic","Value":"67/100"}],"Metascore":"67","imdbRating":"7.5","imdbVotes":"60,338","imdbID":"tt0316356","Type":"movie","DVD":"20 Jan 2004","BoxOffice":"$58,260,046","Production":"Buena Vista Pictures","Website":"http://openrange.movies.go.com","Response":"True"}