{"Title":"Pirates of the Caribbean: The Curse of the Black Pearl","Year":"2003","Rated":"PG-13","Released":"09 Jul 2003","Runtime":"143 min","Genre":"Action, Adventure, Fantasy","Director":"Gore Verbinski","Writer":"Ted Elliott (screen story), Terry Rossio (screen story), Stuart Beattie (screen story), Jay Wolpert (screen story), Ted Elliott (screenplay), Terry Rossio (screenplay)","Actors":"Johnny Depp, Geoffrey Rush, Orlando Bloom, Keira Knightley","Plot":"Blacksmith Will Turner teams up with eccentric pirate \"Captain\" Jack Sparrow to save his love, the governor's daughter, from Jack's former pirate allies, who are now undead.","Language":"English","Country":"USA","Awards":"Nominated for 5 Oscars. Another 36 wins & 96 nominations.","Poster":"https://m.media-amazon.com/images/M/MV5BNGYyZGM5MGMtYTY2Ni00M2Y1LWIzNjQtYWUzM2VlNGVhMDNhXkEyXkFqcGdeQXVyMTMxODk2OTU@._V1_SX300.jpg","Ratings":[{"Source":"Internet Movie Database","Value":"8.0/10"},{"Source":"Rotten Tomatoes","Value":"79%"},{"Source":"Metacritic","Value":"63/100"}],"Metascore":"63","imdbRating":"8.0","imdbVotes":"940,093","imdbID":"tt0325980","Type":"movie","DVD":"02 Dec 2003","BoxOffice":"$305,343,252","Production":"Buena Vista Pictures","Website":"http://disney.go.com/disneyvideos/liveaction/pirates/main_site/main.html","Response":"True"}