{"Title":"At kende sandheden","Year":"2002","Rated":"N/A","Released":"25 Oct 2002","Runtime":"98 min","Genre":"Drama","Director":"Nils Malmros","Writer":"Nils Malmros, John Mogensen","Actors":"SÃ¸ren Sejersen, Heine Petersen, Jens Albinus, Anne Voigt Christiansen","Plot":"A portrait of a famous Danish brainsurgeon, Richard malmros. The son of the surgeon, Danish moviemaker Niels malmros tells the story of his father.","Language":"Danish, German","Country":"Denmark","Awards":"8 wins & 6 nominations.","Poster":"https://images-na.ssl-images-amazon.com/images/M/MV5BMTI5MTMwNjAyNl5BMl5BanBnXkFtZTcwMTEyNDczMQ@@._V1_SX300.jpg","Ratings":[{"Source":"Internet Movie Database","Value":"7.4/10"}],"Metascore":"N/A","imdbRating":"7.4","imdbVotes":"669","imdbID":"tt0315232","Type":"movie","DVD":"N/A","BoxOffice":"N/A","Production":"N/A","Website":"N/A","Response":"True"}