{"Title":"My Mother's Smile","Year":"2002","Rated":"N/A","Released":"19 Apr 2002","Runtime":"105 min","Genre":"Drama","Director":"Marco Bellocchio","Writer":"Marco Bellocchio","Actors":"Sergio Castellitto, Jacqueline Lustig, Chiara Conti, Gigio Alberti","Plot":"A celebrated painter receives a visit from a cardinal's assistant, who informs him that his mother could become a saint.","Language":"Italian","Country":"Italy","Awards":"20 wins & 21 nominations.","Poster":"https://m.media-amazon.com/images/M/MV5BZGY0M2YxZDctZGE1ZS00YmI1LThjYzMtMDc5MTE2NDA5YTMwXkEyXkFqcGdeQXVyMjIyMDk1Nzg@._V1_SX300.jpg","Ratings":[{"Source":"Internet Movie Database","Value":"7.1/10"},{"Source":"Rotten Tomatoes","Value":"84%"},{"Source":"Metacritic","Value":"74/100"}],"Metascore":"74","imdbRating":"7.1","imdbVotes":"1,584","imdbID":"tt0317965","Type":"movie","DVD":"16 May 2006","BoxOffice":"N/A","Production":"New Yorker Films","Website":"http://www.italica.rai.it/principali/argomenti/cinema/religione.htm","Response":"True"}