{"Title":"Lakshya","Year":"2004","Rated":"NOT RATED","Released":"18 Jun 2004","Runtime":"186 min","Genre":"Action, Drama, Romance","Director":"Farhan Akhtar","Writer":"Javed Akhtar (dialogue), Javed Akhtar (screenplay), Javed Akhtar (story), Karan Kashyap (dialogue supervisor)","Actors":"Amitabh Bachchan, Hrithik Roshan, Preity Zinta, Om Puri","Plot":"An aimless, jobless, irresponsible grown man joins the army and matures into a battlefield hero.","Language":"Hindi, English","Country":"India","Awards":"3 wins & 10 nominations.","Poster":"https://m.media-amazon.com/images/M/MV5BY2Y0NjY5ZTctZWMzNC00MDQ4LTkyMWUtOGZkMzk4NWNhYWI5XkEyXkFqcGdeQXVyODE5NzE3OTE@._V1_SX300.jpg","Ratings":[{"Source":"Internet Movie Database","Value":"7.9/10"}],"Metascore":"N/A","imdbRating":"7.9","imdbVotes":"16,773","imdbID":"tt0323013","Type":"movie","DVD":"25 Jan 2005","BoxOffice":"$700,085","Production":"Excel Entertainment","Website":"N/A","Response":"True"}