{"Title":"Mondays in the Sun","Year":"2002","Rated":"R","Released":"27 Sep 2002","Runtime":"113 min","Genre":"Comedy, Drama","Director":"Fernando LeÃ³n de Aranoa","Writer":"Fernando LeÃ³n de Aranoa, Ignacio del Moral (screenplay)","Actors":"Javier Bardem, Luis Tosar, JosÃ© Ãngel Egido, Nieve de Medina","Plot":"This is the story of those who live as if every day was a constant Sunday, those who spend their Mondays in the sun. The story of people who worked in a dockyard but are now unemployed.","Language":"Spanish","Country":"Spain, France, Italy","Awards":"45 wins & 19 nominations.","Poster":"https://ia.media-imdb.com/images/M/MV5BYTYzYTAxYTMtOGI3Ni00MTk0LWFjMzEtYzc2MjdlZWY2MzlhXkEyXkFqcGdeQXVyMTA0MjU0Ng@@._V1_SX300.jpg","Ratings":[{"Source":"Internet Movie Database","Value":"7.7/10"},{"Source":"Rotten Tomatoes","Value":"80%"},{"Source":"Metacritic","Value":"64/100"}],"Metascore":"64","imdbRating":"7.7","imdbVotes":"11,300","imdbID":"tt0319769","Type":"movie","DVD":"18 Nov 2003","BoxOffice":"N/A","Production":"Lions Gate Films","Website":"http://www.loslunesalsol.com/","Response":"True"}