{"Title":"Sangre","Year":"2003","Rated":"N/A","Released":"04 Dec 2003","Runtime":"124 min","Genre":"Drama","Director":"Pablo CÃ©sar","Writer":"Miguel Bonifacio CÃ©sar, Pablo CÃ©sar, Juana FalcÃ³n, AgustÃ­n Oroz","Actors":"Ivonne Fournery, Emiliano Alonso, Guillermo Pfening, Juan Carlos CalabrÃ³","Plot":"A film director looks for inspiration as he deals with his sick mother and his younger brother.","Language":"Spanish","Country":"Argentina","Awards":"1 win & 1 nomination.","Poster":"N/A","Ratings":[{"Source":"Internet Movie Database","Value":"7.6/10"}],"Metascore":"N/A","imdbRating":"7.6","imdbVotes":"18","imdbID":"tt0320410","Type":"movie","DVD":"N/A","BoxOffice":"N/A","Production":"N/A","Website":"N/A","Response":"True"}