{"Title":"Marooned in Iraq","Year":"2002","Rated":"N/A","Released":"29 May 2003","Runtime":"108 min","Genre":"Drama","Director":"Bahman Ghobadi","Writer":"Bahman Ghobadi","Actors":"Shahab Ebrahimi, Faegh Mohamadi, Allah-Morad Rashtian, Rojan Hosseini","Plot":"During the war between Iran and Iraq, a group of Iranian Kurd musicians set off on an almost impossible mission. They will try to find Hanareh, a singer with a magic voice who crossed the ...","Language":"Persian, Kurdish","Country":"Iran","Awards":"5 wins & 5 nominations.","Poster":"https://images-na.ssl-images-amazon.com/images/M/MV5BMTUzMjYwNDA2NV5BMl5BanBnXkFtZTcwOTc1NjMyMQ@@._V1_SX300.jpg","Ratings":[{"Source":"Internet Movie Database","Value":"7.4/10"},{"Source":"Rotten Tomatoes","Value":"93%"},{"Source":"Metacritic","Value":"86/100"}],"Metascore":"86","imdbRating":"7.4","imdbVotes":"1,182","imdbID":"tt0317226","Type":"movie","DVD":"07 Oct 2003","BoxOffice":"N/A","Production":"Wellspring","Website":"N/A","Response":"True"}