{"Title":"Oasis","Year":"2002","Rated":"N/A","Released":"07 May 2004","Runtime":"133 min","Genre":"Drama, Romance","Director":"Chang-dong Lee","Writer":"Chang-dong Lee","Actors":"Kyung-gu Sol, So-ri Moon, Nae-sang Ahn, Seung-wan Ryoo","Plot":"An irresponsible and childish ex-con befriends a girl with cerebral palsy and develops a progressively stronger bond with her.","Language":"Korean","Country":"South Korea","Awards":"20 wins & 2 nominations.","Poster":"https://images-na.ssl-images-amazon.com/images/M/MV5BMjA0NTgyMjMzOV5BMl5BanBnXkFtZTcwNjQ4MTcyMQ@@._V1_SX300.jpg","Ratings":[{"Source":"Internet Movie Database","Value":"8.0/10"},{"Source":"Rotten Tomatoes","Value":"89%"},{"Source":"Metacritic","Value":"79/100"}],"Metascore":"79","imdbRating":"8.0","imdbVotes":"6,093","imdbID":"tt0320193","Type":"movie","DVD":"23 Nov 2004","BoxOffice":"N/A","Production":"Lifesize Entertainment","Website":"http://www.lser.net/OASIS.html","Response":"True"}