{"Title":"Mechanical Suite","Year":"2001","Rated":"N/A","Released":"N/A","Runtime":"100 min","Genre":"Adventure, Comedy, Crime","Director":"Dmitriy Meskhiev","Writer":"Sergey Chikhachyov (novel), Gennadiy Ostrovskiy","Actors":"Sergey Garmash, Mikhail Porechenkov, Konstantin Khabenskiy, Sergey Makovetskiy","Plot":"Kolya from patent department who wrote verses to women for March 8 has died. I have gone to Lykovo under St. Petersburg for the weekend and I have died from a heart attack. Therefore the ...","Language":"Russian","Country":"Russia","Awards":"2 wins & 6 nominations.","Poster":"https://images-na.ssl-images-amazon.com/images/M/MV5BYzIwNDBhYjYtNTg1Ny00Y2RiLTkwMzQtNzBhZWQ4NzNiOWM3XkEyXkFqcGdeQXVyMjU4OTI3OA@@._V1_SX300.jpg","Ratings":[{"Source":"Internet Movie Database","Value":"7.1/10"}],"Metascore":"N/A","imdbRating":"7.1","imdbVotes":"151","imdbID":"tt0309853","Type":"movie","DVD":"N/A","BoxOffice":"N/A","Production":"N/A","Website":"N/A","Response":"True"}