{"Title":"Living with the Fosters","Year":"2002","Rated":"N/A","Released":"24 Mar 2002","Runtime":"113 min","Genre":"Comedy","Director":"Joe Anderson","Writer":"Joe Anderson","Actors":"Joe Anderson, Rachel Finan, Jeff Heilman, Liz Hinkley","Plot":"One family's paranoid preparation for the year 2000 crisis and beyond. Survivalist Carl Foster has one year to convince his family he's not crazy and independent filmmaker Atis Jamison has ...","Language":"English","Country":"USA","Awards":"1 win.","Poster":"N/A","Ratings":[{"Source":"Internet Movie Database","Value":"8.7/10"}],"Metascore":"N/A","imdbRating":"8.7","imdbVotes":"9","imdbID":"tt0314325","Type":"movie","DVD":"N/A","BoxOffice":"N/A","Production":"N/A","Website":"N/A","Response":"True"}