{"Title":"Ee Parakkum Thalika","Year":"2001","Rated":"N/A","Released":"04 Jul 2001","Runtime":"138 min","Genre":"Comedy, Drama, Romance","Director":"Thaha","Writer":"V.R. Gopalakrishnan (screenplay), Mahesh Mithra (story)","Actors":"Dileep, Harisree Asokan, Nithya Das, Salim Kumar","Plot":"Unnikrishnan (Dilip) faces a lot of consequences due to the pathetic condition of his bus.His life take a turn when a tribal girl enters his life.","Language":"Malayalam","Country":"India","Awards":"N/A","Poster":"https://images-na.ssl-images-amazon.com/images/M/MV5BZWM3MGEwMWMtMTdkYi00NWI5LWI3MGItNjlmNGUwMTNkNDliXkEyXkFqcGdeQXVyMjM0ODk5MDU@._V1_SX300.jpg","Ratings":[{"Source":"Internet Movie Database","Value":"6.9/10"}],"Metascore":"N/A","imdbRating":"6.9","imdbVotes":"350","imdbID":"tt0319337","Type":"movie","DVD":"N/A","BoxOffice":"N/A","Production":"N/A","Website":"N/A","Response":"True"}