{"Title":"Inuyasha the Movie: Affections Touching Across Time","Year":"2001","Rated":"NOT RATED","Released":"25 May 2005","Runtime":"100 min","Genre":"Animation, Action, Adventure","Director":"Toshiya Shinohara","Writer":"Rumiko Takahashi (comic book), Katsuyuki Sumizawa (screenplay)","Actors":"Kappei Yamaguchi, Satsuki Yukino, KÃ´ji Tsujitani, Houko Kuwashima","Plot":"InuYasha is a half-demon who was trapped in the Legendary Tree and was set free by Kagome, a girl who traveled 500 years through time. This time, both of them will have to face Menomaru, a ...","Language":"Japanese","Country":"Japan","Awards":"N/A","Poster":"https://m.media-amazon.com/images/M/MV5BMTQ1MTI3MzA0Ml5BMl5BanBnXkFtZTcwOTY3MTcyMQ@@._V1_SX300.jpg","Ratings":[{"Source":"Internet Movie Database","Value":"7.5/10"}],"Metascore":"N/A","imdbRating":"7.5","imdbVotes":"1,850","imdbID":"tt0322645","Type":"movie","DVD":"05 Oct 2004","BoxOffice":"N/A","Production":"Viz Media","Website":"N/A","Response":"True"}