{"Title":"Cruel Joys","Year":"2002","Rated":"N/A","Released":"31 Oct 2002","Runtime":"N/A","Genre":"Comedy, Drama","Director":"Juraj Nvota","Writer":"Scarlett CanakyovÃ¡","Actors":"Tatiana PauhofovÃ¡, Ondrej VetchÃ½, LukÃ¡s LatinÃ¡k, Lucia GaziovÃ¡","Plot":"This simple story is the feature debut for well-known Slovak theater and television director Juraj Nvota. Set in a Slovak village at the turn of the last century, the story teems with ...","Language":"Slovak","Country":"Slovakia, Czech Republic","Awards":"4 nominations.","Poster":"N/A","Ratings":[{"Source":"Internet Movie Database","Value":"7.2/10"}],"Metascore":"N/A","imdbRating":"7.2","imdbVotes":"71","imdbID":"tt0314292","Type":"movie","DVD":"N/A","BoxOffice":"N/A","Production":"N/A","Website":"N/A","Response":"True"}