{"Title":"I Capture the Castle","Year":"2003","Rated":"R","Released":"08 Aug 2003","Runtime":"113 min","Genre":"Drama, Romance","Director":"Tim Fywell","Writer":"Dodie Smith (novel), Heidi Thomas (screenplay)","Actors":"Romola Garai, Sophie Stuckey, Bill Nighy, Helena Little","Plot":"A love story set in 1930s England that follows 17-year-old Cassandra Mortmain, and the fortunes of her eccentric family, struggling to survive in a decaying English castle.","Language":"English","Country":"UK","Awards":"2 wins & 4 nominations.","Poster":"https://m.media-amazon.com/images/M/MV5BMTU3ODc1NjkzNF5BMl5BanBnXkFtZTcwMzkyOTQyMQ@@._V1_SX300.jpg","Ratings":[{"Source":"Internet Movie Database","Value":"7.1/10"},{"Source":"Rotten Tomatoes","Value":"79%"},{"Source":"Metacritic","Value":"63/100"}],"Metascore":"63","imdbRating":"7.1","imdbVotes":"6,317","imdbID":"tt0300015","Type":"movie","DVD":"23 Dec 2003","BoxOffice":"$967,506","Production":"Samuel Goldwyn Films","Website":"http://www.capturethecastlemovie.com","Response":"True"}