{"Title":"Ti voglio bene Eugenio","Year":"2002","Rated":"N/A","Released":"18 Jan 2002","Runtime":"95 min","Genre":"Drama","Director":"Francisco JosÃ¨ Fernandez","Writer":"Francisco JosÃ¨ Fernandez (story & screenplay), Stefano Pomilia (story & screenplay)","Actors":"Giancarlo Giannini, Giuliana de Sio, Arnoldo FoÃ , Jacques Perrin","Plot":"Eugenio has Down syndrome , works as a gardener at a country house , despite his illness is full of illusion and try to help those in need , as Patrizia , a young woman who has had a car accident.","Language":"Italian","Country":"Italy","Awards":"4 wins & 1 nomination.","Poster":"https://images-na.ssl-images-amazon.com/images/M/MV5BMTI5ZjQ1YTctZjA5Mi00MzMyLTllNDctZTc2MTkwODc0MTIwL2ltYWdlL2ltYWdlXkEyXkFqcGdeQXVyMTQ3Njg3MQ@@._V1_SX300.jpg","Ratings":[{"Source":"Internet Movie Database","Value":"7.0/10"}],"Metascore":"N/A","imdbRating":"7.0","imdbVotes":"109","imdbID":"tt0304822","Type":"movie","DVD":"N/A","BoxOffice":"N/A","Production":"N/A","Website":"N/A","Response":"True"}