{"Title":"Potlatch","Year":"2001","Rated":"N/A","Released":"21 Oct 2001","Runtime":"95 min","Genre":"Drama","Director":"Pierre Maillard","Writer":"Jean-Marc Froehle, Pierre Maillard","Actors":"Nicole Bachmann, AngÃ©lique Bergerat, Fanny Brunet, Antonio BuÃ­l","Plot":"Three young adults have to deal with the fate of the home of their deceased parents.","Language":"French","Country":"Switzerland","Awards":"1 nomination.","Poster":"N/A","Ratings":[{"Source":"Internet Movie Database","Value":"7.1/10"}],"Metascore":"N/A","imdbRating":"7.1","imdbVotes":"7","imdbID":"tt0305975","Type":"movie","DVD":"N/A","BoxOffice":"N/A","Production":"N/A","Website":"N/A","Response":"True"}