{"Title":"The Negro","Year":"2002","Rated":"N/A","Released":"05 May 2004","Runtime":"92 min","Genre":"Drama","Director":"Robert Morin","Writer":"Robert Morin","Actors":"Iannicko N'Doua-LÃ©garÃ©, Robin Aubert, Emmanuel Bilodeau, Vincent Bilodeau","Plot":"In the middle of the night, in the Quebec countryside, all hell breaks loose as a black teenager is caught smashing a racially denigrating lawn ornament. Together the neighbours attend to ...","Language":"French","Country":"Canada","Awards":"1 win & 6 nominations.","Poster":"http://ia.media-imdb.com/images/M/MV5BNzkxMjEwZWItNWZmOS00ZDZkLWFjMjQtNjg3MmIzYjI3MzVkXkEyXkFqcGdeQXVyNjEzMTg5Njk@._V1_SX300.jpg","Ratings":[{"Source":"Internet Movie Database","Value":"7.3/10"}],"Metascore":"N/A","imdbRating":"7.3","imdbVotes":"420","imdbID":"tt0328199","Type":"movie","DVD":"26 Sep 2006","BoxOffice":"N/A","Production":"Christal Films","Website":"N/A","Response":"True"}