{"Title":"Devdas","Year":"2002","Rated":"N/A","Released":"10 May 2002","Runtime":"140 min","Genre":"Drama, Romance","Director":"Ashim S. Samanta, Shakti Samanta","Writer":"Saratchandra Chatterjee (novel)","Actors":"Prasenjit Chatterjee, Tapas Pal, Arpita Pal, Indrani Haldar","Plot":"Devdas (Prasenjit Chatterjee), a village Zamindar's son enjoys a lovely childhood with his childhood friend Parvati ( Arpita Pal), who belongs to a middle class family. Devdas and Parvati ...","Language":"Bengali","Country":"India","Awards":"N/A","Poster":"https://m.media-amazon.com/images/M/MV5BYjAyN2I5NjMtYTFmNi00YWU0LTllYmQtZDMzMTM1N2E5YmVhXkEyXkFqcGdeQXVyNTM3MDMyMDQ@._V1_SX300.jpg","Ratings":[{"Source":"Internet Movie Database","Value":"7.4/10"},{"Source":"Rotten Tomatoes","Value":"89%"}],"Metascore":"N/A","imdbRating":"7.4","imdbVotes":"80","imdbID":"tt0322004","Type":"movie","DVD":"12 Jan 2010","BoxOffice":"N/A","Production":"Mega Bollywood","Website":"http://www.devdasfilm.com","Response":"True"}