{"Title":"Landfall","Year":"2001","Rated":"N/A","Released":"N/A","Runtime":"94 min","Genre":"Drama, Romance","Director":"Dan Hamilton","Writer":"Barbara Connell","Actors":"Jean Louisa Kelly, Frances Sternhagen, Stephen Anthony, Dottie Arbogast","Plot":"N/A","Language":"English","Country":"USA","Awards":"N/A","Poster":"N/A","Ratings":[{"Source":"Internet Movie Database","Value":"8.6/10"}],"Metascore":"N/A","imdbRating":"8.6","imdbVotes":"9","imdbID":"tt0300106","Type":"movie","DVD":"N/A","BoxOffice":"N/A","Production":"N/A","Website":"N/A","Response":"True"}