{"Title":"The United States of Leland","Year":"2003","Rated":"R","Released":"25 Mar 2005","Runtime":"108 min","Genre":"Drama","Director":"Matthew Ryan Hoge","Writer":"Matthew Ryan Hoge","Actors":"Don Cheadle, Ryan Gosling, Chris Klein, Jena Malone","Plot":"A young man's experience in a juvenile detention center that touches on the tumultuous changes that befall his family and the community in which he lives.","Language":"English","Country":"USA","Awards":"1 win & 2 nominations.","Poster":"https://m.media-amazon.com/images/M/MV5BOWY0ZWQwZTUtOTE1Zi00MTAxLWJmY2QtMWI4NDQ2OTk3NmQ3XkEyXkFqcGdeQXVyMTQxNzMzNDI@._V1_SX300.jpg","Ratings":[{"Source":"Internet Movie Database","Value":"7.1/10"},{"Source":"Rotten Tomatoes","Value":"34%"},{"Source":"Metacritic","Value":"37/100"}],"Metascore":"37","imdbRating":"7.1","imdbVotes":"21,601","imdbID":"tt0301976","Type":"movie","DVD":"07 Sep 2004","BoxOffice":"$273,411","Production":"Paramount Classics","Website":"http://www.paramountclassics.com/leland","Response":"True"}