{"Title":"Racehoss","Year":"2001","Rated":"N/A","Released":"01 Nov 2001","Runtime":"118 min","Genre":"Drama","Director":"Sean H. Ferrer","Writer":"Albert Race Sample","Actors":"N/A","Plot":"N/A","Language":"English","Country":"USA","Awards":"N/A","Poster":"https://images-na.ssl-images-amazon.com/images/M/MV5BMTY4OTg4ODEzNl5BMl5BanBnXkFtZTcwMTIyMTIzMQ@@._V1_SX300.jpg","Ratings":[{"Source":"Internet Movie Database","Value":"8.6/10"}],"Metascore":"N/A","imdbRating":"8.6","imdbVotes":"9","imdbID":"tt0326037","Type":"movie","DVD":"N/A","BoxOffice":"N/A","Production":"N/A","Website":"N/A","Response":"True"}