{"Title":"The Magdalene Sisters","Year":"2002","Rated":"R","Released":"29 Aug 2003","Runtime":"114 min","Genre":"Drama","Director":"Peter Mullan","Writer":"Peter Mullan","Actors":"Geraldine McEwan, Anne-Marie Duff, Nora-Jane Noone, Dorothy Duffy","Plot":"Three young Irish women struggle to maintain their spirits while they endure dehumanizing abuse as inmates of a Magdalene Sisters Asylum.","Language":"English, Latin","Country":"Ireland, UK","Awards":"Nominated for 1 BAFTA Film Award. Another 18 wins & 14 nominations.","Poster":"https://m.media-amazon.com/images/M/MV5BMTI2NzU1NTc1NF5BMl5BanBnXkFtZTcwOTQ1MjAwMQ@@._V1_SX300.jpg","Ratings":[{"Source":"Internet Movie Database","Value":"7.8/10"},{"Source":"Rotten Tomatoes","Value":"91%"},{"Source":"Metacritic","Value":"83/100"}],"Metascore":"83","imdbRating":"7.8","imdbVotes":"24,282","imdbID":"tt0318411","Type":"movie","DVD":"23 Mar 2004","BoxOffice":"N/A","Production":"Miramax Films","Website":"http://www.miramax.com/the_magdalene_sisters/","Response":"True"}