{"Title":"Tomorrow La Scala!","Year":"2002","Rated":"N/A","Released":"22 May 2002","Runtime":"108 min","Genre":"Comedy","Director":"Francesca Joseph","Writer":"Paul Abbott, Francesca Joseph","Actors":"Lucy Bates, Ian Burfield, Bruce Byron, Kevin Dignam","Plot":"An opera company puts on a production of Stephen Sondheim's Sweeney Todd in a maximum security prison.","Language":"English","Country":"UK","Awards":"2 wins & 4 nominations.","Poster":"N/A","Ratings":[{"Source":"Internet Movie Database","Value":"7.2/10"}],"Metascore":"N/A","imdbRating":"7.2","imdbVotes":"174","imdbID":"tt0307839","Type":"movie","DVD":"N/A","BoxOffice":"N/A","Production":"N/A","Website":"N/A","Response":"True"}