{"Title":"Daughter of Keltoum","Year":"2001","Rated":"N/A","Released":"10 Apr 2002","Runtime":"106 min","Genre":"Drama","Director":"Mehdi Charef","Writer":"Mehdi Charef (screenplay)","Actors":"Cylia Malki, Baya Belal, Jean-Roger Milo, Fatima Ben SaÃ¯dane","Plot":"An extraordinary story of a young woman raised in Switzerland who travels back to Algeria, her birthplace, to meet and kill her natural mother, who abandoned her shortly after birth. Along ...","Language":"French, Arabic","Country":"France, Belgium, Tunisia","Awards":"1 win & 1 nomination.","Poster":"https://images-na.ssl-images-amazon.com/images/M/MV5BMTI1MDU1ODE3Nl5BMl5BanBnXkFtZTcwNzU5ODIzMQ@@._V1_SX300.jpg","Ratings":[{"Source":"Internet Movie Database","Value":"7.3/10"}],"Metascore":"N/A","imdbRating":"7.3","imdbVotes":"239","imdbID":"tt0312687","Type":"movie","DVD":"20 Jun 2006","BoxOffice":"N/A","Production":"N/A","Website":"N/A","Response":"True"}