{"Title":"Urban Playground","Year":"2002","Rated":"N/A","Released":"15 Oct 2002","Runtime":"120 min","Genre":"Crime, Drama","Director":"Chris Cole","Writer":"Chris Cole","Actors":"Elliott Pinkney-Ball, David Douglas, Ogy Durham, Sage Lyon","Plot":"The Miseducation of Mitchell is a gritty, inner-city drama that covers one day in the life of Mitchell, a quiet ten-year-old boy who lives with his crack-head mother (Nayomi) in a roach ...","Language":"English","Country":"USA","Awards":"N/A","Poster":"N/A","Ratings":[{"Source":"Internet Movie Database","Value":"7.9/10"}],"Metascore":"N/A","imdbRating":"7.9","imdbVotes":"18","imdbID":"tt0310953","Type":"movie","DVD":"N/A","BoxOffice":"N/A","Production":"N/A","Website":"N/A","Response":"True"}