{"Title":"Wazir","Year":"2016","Rated":"N/A","Released":"08 Jan 2016","Runtime":"103 min","Genre":"Action, Crime, Drama, Mystery, Thriller","Director":"Bejoy Nambiar","Writer":"Vidhu Vinod Chopra (story), Vidhu Vinod Chopra (screenplay), Abhijat Joshi (screenplay), Bejoy Nambiar (screenplay), Natasha Sahgal (screenplay), Shubhra Marfatia (screenplay), Abhijeet Shirish Deshpande (dialogue), Gazal Dhaliwal (dialogue), Shubhra Swarup (Script Associate)","Actors":"Amitabh Bachchan, Farhan Akhtar, Aditi Rao Hydari, Manav Kaul","Plot":"A grief-stricken cop and an amputee grandmaster are brought together by a peculiar twist of fate as part of a wider conspiracy that has darkened their lives.","Language":"Hindi","Country":"India","Awards":"1 nomination.","Poster":"https://m.media-amazon.com/images/M/MV5BMTUzNDU4NDMyOV5BMl5BanBnXkFtZTgwNjcyNzU0NzE@._V1_SX300.jpg","Ratings":[{"Source":"Internet Movie Database","Value":"7.2/10"},{"Source":"Rotten Tomatoes","Value":"71%"}],"Metascore":"N/A","imdbRating":"7.2","imdbVotes":"15,059","imdbID":"tt0315642","Type":"movie","DVD":"N/A","BoxOffice":"$586,028","Production":"Rajkumar Hirani Films","Website":"N/A","Response":"True"}