{"Title":"Philanthropy","Year":"2002","Rated":"N/A","Released":"15 Mar 2002","Runtime":"110 min","Genre":"Comedy, Drama","Director":"Nae Caranfil","Writer":"Nae Caranfil","Actors":"Mircea Diaconu, Gheorghe Dinica, Mara Nicolescu, Viorica Voda","Plot":"Ovidiu, a high-school teacher looking for an extra buck, finds an unexpected way to earn easy money.","Language":"Romanian","Country":"Romania, France","Awards":"4 wins.","Poster":"https://m.media-amazon.com/images/M/MV5BMTUyOTI0MjE5Ml5BMl5BanBnXkFtZTcwNzMyOTYzMQ@@._V1_SX300.jpg","Ratings":[{"Source":"Internet Movie Database","Value":"8.5/10"}],"Metascore":"N/A","imdbRating":"8.5","imdbVotes":"11,326","imdbID":"tt0314067","Type":"movie","DVD":"N/A","BoxOffice":"N/A","Production":"N/A","Website":"N/A","Response":"True"}