{"Title":"Sympathy for Mr. Vengeance","Year":"2002","Rated":"R","Released":"29 Mar 2002","Runtime":"129 min","Genre":"Action, Drama, Thriller","Director":"Chan-wook Park","Writer":"Jae-sun Lee, Jong-yong Lee, Mu-yeong Lee, Chan-wook Park, Chan-wook Park (character created by: Sympathy for Mr. Vengeance,  Vengeance Trilogy)","Actors":"Kang-ho Song, Ha-kyun Shin, Doona Bae, Ji-Eun Lim","Plot":"A recently laid off factory worker kidnaps his former boss' friend's daughter, hoping to use the ransom money to pay for his sister's kidney transplant.","Language":"Korean, Korean Sign Language","Country":"South Korea","Awards":"7 wins & 1 nomination.","Poster":"https://m.media-amazon.com/images/M/MV5BOTc3ZGIzNGUtOTA2MC00ZWMyLTk2MzAtYThiYWI0NmM5N2UxXkEyXkFqcGdeQXVyMTQxNzMzNDI@._V1_SX300.jpg","Ratings":[{"Source":"Internet Movie Database","Value":"7.7/10"},{"Source":"Rotten Tomatoes","Value":"54%"},{"Source":"Metacritic","Value":"56/100"}],"Metascore":"56","imdbRating":"7.7","imdbVotes":"53,866","imdbID":"tt0310775","Type":"movie","DVD":"22 Nov 2005","BoxOffice":"N/A","Production":"Tartan Films","Website":"http://www.mrvengeancemovie.com","Response":"True"}