{"Title":"In the Arm of the Sea","Year":"2001","Rated":"N/A","Released":"26 Dec 2001","Runtime":"111 min","Genre":"Drama, Mystery, Romance","Director":"JÃ³akim Reynisson, LÃ½Ã°ur Ãrnason","Writer":"N/A","Actors":"Soley Eliasdottir, SigrÃ­Ã°ur GÃ­sladÃ³ttir, SigurÃ°ur Hallmarsson, Hilmar Jonsson","Plot":"N/A","Language":"Icelandic","Country":"Iceland","Awards":"1 nomination.","Poster":"https://images-na.ssl-images-amazon.com/images/M/MV5BOGZiODkyYjYtNjhlNS00YmE0LWE0Y2YtNmJhMDhjZjdlMjBiXkEyXkFqcGdeQXVyMjY0NjEwMDM@._V1_SX300.jpg","Ratings":[{"Source":"Internet Movie Database","Value":"7.2/10"}],"Metascore":"N/A","imdbRating":"7.2","imdbVotes":"10","imdbID":"tt0316955","Type":"movie","DVD":"N/A","BoxOffice":"N/A","Production":"N/A","Website":"N/A","Response":"True"}