{"Title":"Runaway Jury","Year":"2003","Rated":"PG-13","Released":"17 Oct 2003","Runtime":"127 min","Genre":"Crime, Drama, Thriller","Director":"Gary Fleder","Writer":"John Grisham (novel), Brian Koppelman (screenplay), David Levien (screenplay), Rick Cleveland (screenplay), Matthew Chapman (screenplay)","Actors":"John Cusack, Gene Hackman, Dustin Hoffman, Rachel Weisz","Plot":"A juror on the inside and a woman on the outside manipulate a court trial involving a major gun manufacturer.","Language":"English, French, Italian","Country":"USA","Awards":"3 nominations.","Poster":"https://m.media-amazon.com/images/M/MV5BOTcwMmE5YWItNDkzMi00Yjk2LTk5ZjItMmY5ZDhhNWE0ZWRmXkEyXkFqcGdeQXVyMTQxNzMzNDI@._V1_SX300.jpg","Ratings":[{"Source":"Internet Movie Database","Value":"7.1/10"},{"Source":"Rotten Tomatoes","Value":"73%"},{"Source":"Metacritic","Value":"61/100"}],"Metascore":"61","imdbRating":"7.1","imdbVotes":"83,993","imdbID":"tt0313542","Type":"movie","DVD":"17 Feb 2004","BoxOffice":"$49,238,110","Production":"20th Century Fox Distribution","Website":"http://www.runawayjurymovie.com/","Response":"True"}