{"Title":"Thelma","Year":"2002","Rated":"N/A","Released":"19 Jun 2002","Runtime":"95 min","Genre":"Drama","Director":"Pierre-Alain Meier","Writer":"Jacques Akchoti, Lou Inglebert, Pierre-Alain Meier, Barbara Sobeck","Actors":"Laurent Schilling, Pascale Ourbih, Nathalia Capo d'Istria, FranÃ§ois Germond","Plot":"Vincent, a down-at-the-heels French cab driver, desparately in need of cash for child support is intrigued when Thelma charters his cab for a trip to Crete. As they travel, talk and flirt, ...","Language":"French, Italian, Greek","Country":"France, Greece, Switzerland","Awards":"1 nomination.","Poster":"https://ia.media-imdb.com/images/M/MV5BY2Y3Mzg1YTUtZjAzMS00Mjg3LTlmY2UtMzA0ODBmOTMzNGZmXkEyXkFqcGdeQXVyNTUyMzU1OTc@._V1_SX300.jpg","Ratings":[{"Source":"Internet Movie Database","Value":"7.1/10"}],"Metascore":"N/A","imdbRating":"7.1","imdbVotes":"34","imdbID":"tt0308977","Type":"movie","DVD":"N/A","BoxOffice":"N/A","Production":"N/A","Website":"N/A","Response":"True"}