{"Title":"Vladimir in Buenos Aires","Year":"2002","Rated":"N/A","Released":"11 Dec 2003","Runtime":"100 min","Genre":"Drama","Director":"Diego Gachassin","Writer":"Diego Gachassin, Eva Poncet","Actors":"Pasha Kyslychko, Mikhail Rojkov, Camila MacLennan, Jenny Goldstein","Plot":"N/A","Language":"Spanish, Russian","Country":"Argentina","Awards":"1 win & 3 nominations.","Poster":"N/A","Ratings":[{"Source":"Internet Movie Database","Value":"7.7/10"}],"Metascore":"N/A","imdbRating":"7.7","imdbVotes":"17","imdbID":"tt0324462","Type":"movie","DVD":"N/A","BoxOffice":"N/A","Production":"N/A","Website":"N/A","Response":"True"}