{"Title":"The Star","Year":"2002","Rated":"N/A","Released":"06 May 2002","Runtime":"97 min","Genre":"Action, Adventure, Drama","Director":"Nikolay Lebedev","Writer":"Aleksandr Borodyanskiy, Evgeniy Grigorev, Emmanuil Kazakevich (short story), Nikolay Lebedev","Actors":"Igor Petrenko, Artyom Semakin, Alexei Panin, Aleksey Kravchenko","Plot":"During WW2 the Russian Army sent a special group named \"Zvezda\" to fight the Nazis in their backyard.","Language":"Russian, German","Country":"Russia","Awards":"8 wins & 9 nominations.","Poster":"https://m.media-amazon.com/images/M/MV5BMDk2MmExMjItM2EzZi00MTljLTgwYWQtZTgwZTNlMjEyZWRjXkEyXkFqcGdeQXVyMTM3OTE2Mzg@._V1_SX300.jpg","Ratings":[{"Source":"Internet Movie Database","Value":"7.2/10"}],"Metascore":"N/A","imdbRating":"7.2","imdbVotes":"1,983","imdbID":"tt0326450","Type":"movie","DVD":"N/A","BoxOffice":"N/A","Production":"N/A","Website":"N/A","Response":"True"}