{"Title":"Occident","Year":"2002","Rated":"N/A","Released":"20 Feb 2008","Runtime":"105 min","Genre":"Comedy","Director":"Cristian Mungiu","Writer":"Cristian Mungiu","Actors":"Alexandru Papadopol, Anca Androne, Samuel Tastet, Tania Popa","Plot":"Occident is a bittersweet comedy that focuses on the growing tendency of Eastern European youth to migrate west. When the amicable Luci (Alexandru Papadopol) and his beautiful lover Sorina ...","Language":"Romanian","Country":"Romania","Awards":"7 wins & 1 nomination.","Poster":"https://images-na.ssl-images-amazon.com/images/M/MV5BNjVhZjBkNTYtYWQ4MS00YTk0LWIzYmYtY2E0ODk5MjY5YWFjXkEyXkFqcGdeQXVyNDgxMDU4NTU@._V1_SX300.jpg","Ratings":[{"Source":"Internet Movie Database","Value":"7.7/10"}],"Metascore":"N/A","imdbRating":"7.7","imdbVotes":"1,757","imdbID":"tt0320194","Type":"movie","DVD":"N/A","BoxOffice":"N/A","Production":"N/A","Website":"N/A","Response":"True"}