{"Title":"Berlin Blues","Year":"2003","Rated":"N/A","Released":"02 Oct 2003","Runtime":"105 min","Genre":"Comedy, Drama","Director":"Leander HauÃŸmann","Writer":"Sven Regener (novel), Sven Regener (screenplay)","Actors":"Christian Ulmen, Detlev Buck, Katja Danowski, Janek Rieke","Plot":"In October 1989, the part of the West Berlin borough of Kreuzberg called SO 36, had been largely shut off by the Wall from the rest of the city for 28 years. A lethargic sub-culture of ...","Language":"German","Country":"Germany","Awards":"4 wins & 5 nominations.","Poster":"https://ia.media-imdb.com/images/M/MV5BMGE1ZjQwNjUtZWU4ZC00MzFjLTk5NjQtMzEzMmZlMTAyY2JjL2ltYWdlL2ltYWdlXkEyXkFqcGdeQXVyMzA3Njg4MzY@._V1_SX300.jpg","Ratings":[{"Source":"Internet Movie Database","Value":"7.2/10"}],"Metascore":"N/A","imdbRating":"7.2","imdbVotes":"5,854","imdbID":"tt0322545","Type":"movie","DVD":"N/A","BoxOffice":"N/A","Production":"N/A","Website":"N/A","Response":"True"}