{"Title":"Stuck","Year":"2002","Rated":"N/A","Released":"10 Jan 2002","Runtime":"96 min","Genre":"Drama","Director":"Lindsay Bourne","Writer":"Lindsay Bourne","Actors":"JR Bourne, Fred Henderson, Courtney Kramer, Amanda Tapping","Plot":"4 people,4 walls,4 stories,4 truths. When 4 people from different backgrounds get stuck on an elevator, they find themselves face to face not only with each other but with themselves. Will ...","Language":"English","Country":"USA","Awards":"N/A","Poster":"https://images-na.ssl-images-amazon.com/images/M/MV5BNjMxMGQ5MzAtOTM5Yi00Mzg1LTg2MDItMWIzNjFjNmQ5YzAyXkEyXkFqcGdeQXVyNjYyMDkxMTE@._V1_SX300.jpg","Ratings":[{"Source":"Internet Movie Database","Value":"7.2/10"}],"Metascore":"N/A","imdbRating":"7.2","imdbVotes":"50","imdbID":"tt0316701","Type":"movie","DVD":"N/A","BoxOffice":"N/A","Production":"N/A","Website":"N/A","Response":"True"}