{"Title":"I Think I'm in Love","Year":"2002","Rated":"N/A","Released":"12 Jun 2002","Runtime":"N/A","Genre":"Romance, Drama, Comedy","Director":"Maryo J. De Los Reyes","Writer":"Jun Lana (story)","Actors":"Joyce Jimenez, Piolo Pascual, Gloria Romero, Luis Gonzales","Plot":"N/A","Language":"Filipino, Tagalog","Country":"Philippines","Awards":"N/A","Poster":"N/A","Ratings":[{"Source":"Internet Movie Database","Value":"6.4/10"}],"Metascore":"N/A","imdbRating":"6.4","imdbVotes":"11","imdbID":"tt0325598","Type":"movie","DVD":"N/A","BoxOffice":"N/A","Production":"N/A","Website":"N/A","Response":"True"}