{"Title":"Pakisabi na lang... Mahal ko siya","Year":"2002","Rated":"N/A","Released":"31 Jul 2002","Runtime":"120 min","Genre":"Drama, Romance, Comedy","Director":"Boots Plata","Writer":"Andrew Paredes (story)","Actors":"Judy Ann Santos, Cogie Domingo, KC Montero, Alessandra de Rossi","Plot":"N/A","Language":"Filipino, Tagalog","Country":"Philippines","Awards":"N/A","Poster":"N/A","Ratings":[{"Source":"Internet Movie Database","Value":"7.0/10"}],"Metascore":"N/A","imdbRating":"7.0","imdbVotes":"8","imdbID":"tt0328232","Type":"movie","DVD":"N/A","BoxOffice":"N/A","Production":"N/A","Website":"N/A","Response":"True"}