{"Title":"El fuego y el soÃ±ador","Year":"2005","Rated":"N/A","Released":"13 Mar 2005","Runtime":"115 min","Genre":"Drama","Director":"Ã“scar Aizpeolea","Writer":"Ã“scar Aizpeolea","Actors":"Boy Olmi, Pablo Ortolani, Marilina Ross, Silvia Montanari","Plot":"N/A","Language":"Spanish","Country":"Argentina","Awards":"N/A","Poster":"N/A","Ratings":[{"Source":"Internet Movie Database","Value":"6.5/10"}],"Metascore":"N/A","imdbRating":"6.5","imdbVotes":"6","imdbID":"tt0322346","Type":"movie","DVD":"N/A","BoxOffice":"N/A","Production":"N/A","Website":"N/A","Response":"True"}