{"Title":"The Inheritance","Year":"2003","Rated":"UNRATED","Released":"09 Jul 2004","Runtime":"115 min","Genre":"Drama","Director":"Per Fly","Writer":"Per Fly (screenplay), Kim Leona (screenplay), Mogens Rukov (screenplay), Dorthe WarnÃ¸ HÃ¸gh (screenplay)","Actors":"Ulrich Thomsen, Lisa Werlinder, Ghita NÃ¸rby, Karina Skands","Plot":"A young man is torn between his individual hopes and his sense of duty when his father dies and he is expected to take over the family industry.","Language":"Danish, Swedish, French, Norwegian","Country":"Denmark, Sweden, Norway, UK","Awards":"17 wins & 6 nominations.","Poster":"https://images-na.ssl-images-amazon.com/images/M/MV5BMTk5Nzc5NjcwMl5BMl5BanBnXkFtZTcwMzExMTkyMQ@@._V1_SX300.jpg","Ratings":[{"Source":"Internet Movie Database","Value":"7.3/10"},{"Source":"Rotten Tomatoes","Value":"75%"},{"Source":"Metacritic","Value":"68/100"}],"Metascore":"68","imdbRating":"7.3","imdbVotes":"4,329","imdbID":"tt0328844","Type":"movie","DVD":"07 Jun 2005","BoxOffice":"N/A","Production":"Egmont","Website":"http://www.cinemaguild.com/inheritance/index.htm","Response":"True"}