{"Title":"Serafim, the Lighthouse Keeper's Son","Year":"2002","Rated":"N/A","Released":"22 Jul 2002","Runtime":"103 min","Genre":"Drama","Director":"Vicko Ruic","Writer":"Vicko Ruic","Actors":"Vjekoslav Jankovic, Barbara Prpic, Ivo Gregurevic, Vanja Drach","Plot":"N/A","Language":"Serbo-Croatian, Croatian","Country":"Croatia, Austria","Awards":"1 win & 1 nomination.","Poster":"N/A","Ratings":[{"Source":"Internet Movie Database","Value":"7.8/10"}],"Metascore":"N/A","imdbRating":"7.8","imdbVotes":"35","imdbID":"tt0329585","Type":"movie","DVD":"N/A","BoxOffice":"N/A","Production":"N/A","Website":"N/A","Response":"True"}