{"Title":"On the Occasion of Remembering the Turning Gate","Year":"2002","Rated":"N/A","Released":"22 Mar 2002","Runtime":"115 min","Genre":"Drama","Director":"Sang-soo Hong","Writer":"Sang-soo Hong","Actors":"Sang-mi Choo, Ji-won Ye, George Georgiou, Choo-wol Kim","Plot":"Actor Kyung Soo leaves Seoul to visit an old classmate. The reunion with his friend does not amount to much, but the trip does lead to some romantic encounters. He gets involved with two ...","Language":"Korean","Country":"South Korea","Awards":"2 wins & 1 nomination.","Poster":"https://ia.media-imdb.com/images/M/MV5BYjMwNmQ0OTgtYjJkYy00OWMzLThmOTItMTdiMDcyZjc3YmJmXkEyXkFqcGdeQXVyMjI2MDQxODA@._V1_SX300.jpg","Ratings":[{"Source":"Internet Movie Database","Value":"7.4/10"}],"Metascore":"N/A","imdbRating":"7.4","imdbVotes":"938","imdbID":"tt0313550","Type":"movie","DVD":"16 Aug 2005","BoxOffice":"N/A","Production":"N/A","Website":"N/A","Response":"True"}