{"Title":"En la ciudad sin lÃ­mites","Year":"2002","Rated":"UNRATED","Released":"01 Mar 2002","Runtime":"125 min","Genre":"Drama","Director":"Antonio HernÃ¡ndez","Writer":"Enrique BrasÃ³, Antonio HernÃ¡ndez","Actors":"Leonardo Sbaraglia, Fernando FernÃ¡n GÃ³mez, Geraldine Chaplin, Ana FernÃ¡ndez","Plot":"Victor is a man who gets to Paris to join his family around their seriously ill father, Max. As the chance of selling the family business begins to disrupt the family relationships, Victor ...","Language":"Spanish, French","Country":"Spain, Argentina","Awards":"8 wins & 12 nominations.","Poster":"https://m.media-amazon.com/images/M/MV5BMTc2NjA0NzQ0Ml5BMl5BanBnXkFtZTcwOTkwNTAzMQ@@._V1_SX300.jpg","Ratings":[{"Source":"Internet Movie Database","Value":"7.3/10"},{"Source":"Rotten Tomatoes","Value":"100%"},{"Source":"Metacritic","Value":"70/100"}],"Metascore":"70","imdbRating":"7.3","imdbVotes":"1,748","imdbID":"tt0311072","Type":"movie","DVD":"01 Jun 2004","BoxOffice":"N/A","Production":"Venevision International Films","Website":"N/A","Response":"True"}