{"Title":"Secondhand Lions","Year":"2003","Rated":"PG","Released":"19 Sep 2003","Runtime":"109 min","Genre":"Comedy, Drama, Family","Director":"Tim McCanlies","Writer":"Tim McCanlies","Actors":"Michael Caine, Robert Duvall, Haley Joel Osment, Kyra Sedgwick","Plot":"A coming-of-age story about a shy, young boy sent by his irresponsible mother to spend the summer with his wealthy, eccentric uncles in Texas.","Language":"English","Country":"USA","Awards":"1 win & 6 nominations.","Poster":"https://m.media-amazon.com/images/M/MV5BMDExNDM3OGQtYjI3ZC00MmE0LWE0OGEtMzgxZDY2MDE1MDFjXkEyXkFqcGdeQXVyNTA4NzY1MzY@._V1_SX300.jpg","Ratings":[{"Source":"Internet Movie Database","Value":"7.6/10"},{"Source":"Rotten Tomatoes","Value":"59%"},{"Source":"Metacritic","Value":"52/100"}],"Metascore":"52","imdbRating":"7.6","imdbVotes":"47,529","imdbID":"tt0327137","Type":"movie","DVD":"03 Feb 2004","BoxOffice":"$41,407,470","Production":"New Line Cinema","Website":"http://www.secondhandlions.com/","Response":"True"}