{"Title":"The Man of the Year","Year":"2003","Rated":"N/A","Released":"01 Aug 2003","Runtime":"105 min","Genre":"Action, Crime, Drama","Director":"JosÃ© Henrique Fonseca","Writer":"Rubem Fonseca, PatrÃ­cia Melo (novel)","Actors":"Murilo BenÃ­cio, ClÃ¡udia Abreu, NatÃ¡lia Lage, Jorge DÃ³ria","Plot":"Maiquel has lost a bet and dyed his hair blond. This little event triggers a head-on collision with destiny in which Maiquel goes from nobody to hero to outlaw--all in 24 hours.","Language":"Portuguese","Country":"Brazil","Awards":"8 wins & 12 nominations.","Poster":"https://images-na.ssl-images-amazon.com/images/M/MV5BMTgxNDIzNzk0M15BMl5BanBnXkFtZTcwNDQ0Mjk3OA@@._V1_SX300.jpg","Ratings":[{"Source":"Internet Movie Database","Value":"7.3/10"},{"Source":"Rotten Tomatoes","Value":"100%"}],"Metascore":"N/A","imdbRating":"7.3","imdbVotes":"2,406","imdbID":"tt0312773","Type":"movie","DVD":"04 Apr 2006","BoxOffice":"N/A","Production":"Film Movement","Website":"http://www.filmmovement.com/FilmDetail.aspx?ProductID=0604","Response":"True"}