{"Title":"Marienthal: State of Emergency","Year":"2002","Rated":"N/A","Released":"25 May 2002","Runtime":"95 min","Genre":"Mystery, Thriller","Director":"Oliver Hummell","Writer":"Stefan Lammert","Actors":"Anna-Victoria Schmidt, Klaus Josten, Till Wiedig, Maren Kempken","Plot":"Six young people are invited to spend a weekend in Germany's largest nuclear shelter. Isolation and a mysterious death drives them crazy...","Language":"German","Country":"Germany","Awards":"N/A","Poster":"http://ia.media-imdb.com/images/M/MV5BNzIzNzg3MDM1Nl5BMl5BanBnXkFtZTYwMjc0ODc5._V1_SX300.jpg","Ratings":[{"Source":"Internet Movie Database","Value":"7.0/10"}],"Metascore":"N/A","imdbRating":"7.0","imdbVotes":"76","imdbID":"tt0325793","Type":"movie","DVD":"N/A","BoxOffice":"N/A","Production":"N/A","Website":"N/A","Response":"True"}