{"Title":"Ikaw lamang hanggang ngayon","Year":"2002","Rated":"N/A","Released":"13 Feb 2002","Runtime":"101 min","Genre":"Drama, Romance","Director":"Yam Laranas","Writer":"Mel Mendoza-Del Rosario (story & screenplay)","Actors":"Richard Gomez, Regine Velasquez, Jaime Fabregas, Candy Pangilinan","Plot":"N/A","Language":"Filipino, Tagalog","Country":"Philippines","Awards":"1 win & 1 nomination.","Poster":"N/A","Ratings":[{"Source":"Internet Movie Database","Value":"7.3/10"}],"Metascore":"N/A","imdbRating":"7.3","imdbVotes":"22","imdbID":"tt0312797","Type":"movie","DVD":"20 Dec 2005","BoxOffice":"N/A","Production":"N/A","Website":"N/A","Response":"True"}