{"Title":"I Am Taraneh, I Am Fifteen Years Old","Year":"2002","Rated":"N/A","Released":"29 May 2003","Runtime":"110 min","Genre":"Drama","Director":"Rasoul Sadrameli","Writer":"Kambuzia Partovi, Rasoul Sadrameli","Actors":"Taraneh Alidoosti, Negar Javaherian, Hossein Mahjoub, Mahtab Nasirpour","Plot":"Fifteen year old Taraneh, whose widowed father is in jail, refuses the unwanted attentions of carpet salesman Amir - until Amir's mother talks Taraneh into accepting Amir's marriage ...","Language":"Persian","Country":"Iran","Awards":"11 wins & 1 nomination.","Poster":"https://images-na.ssl-images-amazon.com/images/M/MV5BZDNjYzg1OTItNTE1ZS00Yzg2LWE5N2UtODU4YzQ3NWRlYTMwXkEyXkFqcGdeQXVyMTAyNTQ0MTk@._V1_SX300.jpg","Ratings":[{"Source":"Internet Movie Database","Value":"7.3/10"},{"Source":"Rotten Tomatoes","Value":"100%"},{"Source":"Metacritic","Value":"64/100"}],"Metascore":"64","imdbRating":"7.3","imdbVotes":"2,142","imdbID":"tt0329347","Type":"movie","DVD":"N/A","BoxOffice":"N/A","Production":"N/A","Website":"N/A","Response":"True"}