{"Title":"My Land","Year":"2002","Rated":"N/A","Released":"N/A","Runtime":"107 min","Genre":"Drama, Family","Director":"Mrinal Sen","Writer":"Afsar Ahmed (short story), Mrinal Sen","Actors":"Nandita Das, Koushik Sen, Saswata Chatterjee, Bibhas Chakraborty","Plot":"A triangle love story between viz Meher (Kaushik Sen), Noor (Saswato Chaterjee) and Sakina (Nandita Das).","Language":"Bengali, Hindi","Country":"India","Awards":"2 wins & 1 nomination.","Poster":"N/A","Ratings":[{"Source":"Internet Movie Database","Value":"8.0/10"}],"Metascore":"N/A","imdbRating":"8.0","imdbVotes":"38","imdbID":"tt0328810","Type":"movie","DVD":"N/A","BoxOffice":"N/A","Production":"N/A","Website":"N/A","Response":"True"}