{"Title":"God Forbid a Worse Thing Should Happen","Year":"2002","Rated":"N/A","Released":"09 Nov 2002","Runtime":"107 min","Genre":"Romance","Director":"Snjezana Tribuson","Writer":"Goran Tribuson","Actors":"Filip Curic, Luka Dragic, Mirjana Rogina, Ivo Gregurevic","Plot":"The adventures of a small town Croatian family during the 1960s. The decade will left eternal marks on all of their members, but the most of the story focuses on the youngest one, a boy Frula who discovers the love and fashion of the time.","Language":"N/A","Country":"Croatia","Awards":"3 wins & 1 nomination.","Poster":"https://images-na.ssl-images-amazon.com/images/M/MV5BNzBiYWJiMmQtNjRmNy00MTMyLWI3MzMtYjZhZDhjYTQ0NjljXkEyXkFqcGdeQXVyMjM3NTA4NDk@._V1_SX300.jpg","Ratings":[{"Source":"Internet Movie Database","Value":"8.1/10"}],"Metascore":"N/A","imdbRating":"8.1","imdbVotes":"352","imdbID":"tt0329421","Type":"movie","DVD":"N/A","BoxOffice":"N/A","Production":"N/A","Website":"N/A","Response":"True"}